rank,elapsed_time,resident_memory_bytes,peak_resident_memory_bytes,virtual_memory_bytes,estimated_node_and_state_bytes_per_search_node,estimated_retained_node_and_state_bytes,open_list_allocated_bytes,transition_chain_allocated_bytes,estimated_search_data_structure_bytes,estimated_search_data_structure_bytes_per_search_node,primary_open_len,primary_open_capacity,layered_open_len,layered_open_capacity,layered_open_layers,registry_entries,registry_open_entries,registry_closed_entries,registry_inserted,registry_removed,transition_chain_nodes,expanded,generated,kept,sent,received,memory_estimate_version,live_nodes,live_nodes_created,live_nodes_dropped,live_nodes_outside_registry,registry_signatures,estimated_private_node_and_resource_bytes,estimated_shared_signature_bytes,estimated_registry_storage_bytes
0,0.003847955,77434880,77434880,2004320256,380,0,24,0,24,,0,0,0,0,1,0,0,0,0,0,0,0,0,0,0,0,2,0,0,0,0,0,0,0,0
0,1.003870257,195993600,195993600,2020102144,380,8508872,769088,490688,9768648,360.91953003768566,23261,32768,19607,29832,136,22455,16534,5921,27561,5106,6643,6754,22705,6,59032,57226,2,27066,27561,495,4611,19696,3680976,4017984,809912
0,2.003861836,260558848,260558848,2038046720,380,24259716,2709504,1859328,28828548,351.5762335666724,67498,131072,55346,75776,136,66532,44080,22452,84410,17878,24956,25670,67601,17,196129,190353,2,81998,84410,2412,15466,53287,11151728,10870548,2237440
0,3.003879064,315555840,315555840,2061766656,380,37904268,3131008,3334976,44370252,334.1737362173887,107265,131072,86490,128464,136,106357,66733,39624,137331,30974,43917,45237,108414,27,335719,324219,2,132776,137331,4555,26419,80491,18057536,16420164,3426568
0,4.003855935,359829504,359829504,2076446720,380,51148888,5459712,4570496,61179096,336.61866561024726,145150,262144,115664,157408,136,144774,87955,56819,188936,44162,63222,65150,147924,37,477367,462490,2,181746,188936,7190,36972,107090,24717456,21846360,4585072
0,5.003849576,390991872,390991872,2093223936,380,62940888,5946112,6312256,75199256,329.66514107352657,180279,262144,142379,218208,136,179850,105854,73996,237716,57866,82245,84797,184492,54,616469,597592,2,228108,237716,9608,48258,129150,31022688,26346600,5571600
0,6.003860446,420847616,420847616,2114498560,380,74846780,6240000,7517056,88603836,324.2141477123035,214508,262144,168070,254944,136,214948,124664,90284,285632,70684,101070,104285,220729,63,751629,729390,2,273288,285632,12344,58340,152373,37167168,31084092,6595520
0,7.003848618,441180160,441180160,2114498560,380,85528892,6496000,8691264,100716156,318.2406233608655,246735,262144,191138,286944,136,247045,140468,106577,331251,84206,119417,123303,254370,69,883464,859082,2,316478,331251,14773,69433,171659,43041008,35018436,7469448
0,8.003889117,470822912,470822912,2139664384,380,97126464,10788608,10955840,118870912,330.5900125705005,278558,524288,213818,299232,136,282192,158447,123745,377339,95147,138417,143102,290363,82,1019935,992620,2,359572,377339,17767,77380,194776,48901792,39734304,8490368
0,9.003851995,488988672,488988672,2139664384,380,107236456,11048704,12168192,130453352,323.7770922114313,311361,524288,236781,331744,136,313991,173098,140893,423392,109401,157360,162793,324210,92,1155412,1125096,2,402911,423392,20481,88920,211562,54795896,43158648,9281912
0,10.003878591,505573376,505573376,2169024512,380,117799572,11163392,13348800,142311764,320.5147721898155,340369,524288,258988,346080,136,346376,188837,157539,467165,120789,175807,181881,357507,103,1289622,1255562,2,444010,467165,23155,97634,231539,60385360,47233956,10180256
0,11.003898193,523456512,523456512,2169913344,380,128253016,11810560,14525120,154588696,319.3941727995107,369176,524288,279865,426976,136,378847,204529,174318,510211,131364,194187,200865,390900,111,1422377,1385222,2,484006,510211,26205,105159,251684,65824816,51343536,11084664
0,12.003909767,539725824,539725824,2203467776,380,137526848,12195584,15744832,165467264,315.4677739774344,399008,524288,300448,475104,136,408946,217230,191716,553490,144544,213245,220562,422830,116,1557845,1515353,2,524514,553490,28976,115568,266616,71333904,54389664,11803280
0,13.003927722,553947136,553947136,2203467776,380,147247668,12318464,16931904,176498036,312.19030200546916,427709,524288,321754,490464,136,439390,230903,208487,597022,157632,231793,239776,454808,124,1694841,1648512,2,565354,597022,31668,125964,283239,76888144,57780756,12578768
0,14.003905068,567971840,567971840,2245410816,380,157785120,12605184,18184960,188575264,311.76628018668754,455954,524288,341404,526304,136,471736,246013,225723,639623,167887,251372,260055,487790,135,1835563,1782759,2,604861,639623,34762,133125,304026,82261096,62021304,13502720
0,15.003886865,583180288,583180288,2245410816,380,167811492,12732160,21506496,202050148,313.60173462530014,483863,524288,360922,542176,136,503077,259851,243226,682137,179060,270503,279821,520262,146,1971831,1913191,2,644289,682137,37848,141212,322727,87623304,65836308,14351880
0,16.003849426,596353024,596353024,2245410816,380,176565236,12801792,22742080,212109108,310.381921651319,511842,524288,380038,550880,136,531118,270911,260207,724131,193013,289809,299752,550388,158,2107115,2040956,2,683381,724131,40750,152263,336341,92939816,68613564,15011856
0,17.003856182,609525760,609525760,2245410816,380,185622708,21493504,23931136,231047348,319.45533381080503,539990,1048576,400393,588768,136,559894,282900,276994,766499,206605,308388,319047,581065,167,2243950,2172937,2,723254,766499,43245,163360,350767,98362544,71556468,15703696
0,18.003847039,624533504,624533504,2304131072,380,194987064,21673728,25189312,241850104,316.6762741026091,570102,1048576,421196,611296,136,591062,297355,293707,809588,218526,328047,339357,613000,181,2381118,2305155,2,763714,809588,45874,172652,366074,103865104,74679096,16442864
0,19.00389149,637313024,637313024,2304131072,380,203556628,21722880,26438784,251718292,315.0507361288247,598153,1048576,438848,617440,136,617838,309391,308447,848465,230627,347570,359520,640088,191,2513001,2434601,2,798977,848465,49488,181139,381157,108660872,77756028,17139728
0,20.003864849,647995392,647995392,2304131072,380,211766232,22009600,27703040,261478872,314.0355471325577,625352,1048576,454663,653280,136,642378,319911,322467,886600,244222,367324,379938,664915,201,2647672,2566152,2,832641,886600,53959,190263,395712,113239176,80725248,17801808
0,21.003850684,658612224,658612224,2304131072,380,219431420,22058752,28910848,270401020,312.79326571595146,651435,1048576,470543,659424,136,664424,329348,335076,923212,258788,386196,399471,687382,211,2778268,2693923,2,864472,923212,58740,200048,409101,117568192,83456604,18406624
0,22.003878008,669163520,669163520,2362851328,380,227203448,22271744,30208064,279683256,311.98109930561367,677665,1048576,485917,686048,136,686340,338202,348138,960951,274611,406465,420417,709664,229,2918490,2828062,2,896475,960951,64476,210135,422848,121920600,86260992,19021856
0,23.00388057,679780352,679780352,2362851328,380,234780324,22615808,31456768,288852900,311.7843253447835,696495,1048576,501438,729056,136,708409,347332,361077,998175,289766,425976,440606,732097,237,3054794,2959860,2,926451,998175,71724,218042,436931,125997336,89133924,19649064
0,24.003852248,690331648,690331648,2362851328,380,242464532,22746880,32722560,297933972,311.1318750058742,719780,1048576,516754,745440,136,730678,356349,374329,1035683,305005,445754,460970,754803,247,3193923,3092965,2,957581,1035683,78102,226903,450797,130231016,91962588,20270928
0,25.003876387,700948480,700948480,2362851328,380,250626176,22861568,33968768,307456512,310.36400197045924,744039,1048576,532504,759776,136,755573,366558,389015,1074300,318727,465226,481016,780318,261,3333035,3225456,2,990632,1074300,83668,235059,465490,134725952,94959960,20940264
0,26.003893716,711569408,711569408,2362851328,380,259140252,22877952,35194496,317212700,308.79765510084684,769082,1048576,549625,761824,136,783985,377999,405986,1114594,330609,484378,500750,809961,273,3469747,3357306,2,1027251,1114594,87343,243266,479501,139706136,97818204,21615912
0,27.003886746,726593536,726593536,2362851328,380,267179488,23189248,36384512,326753248,307.1373094569152,795247,1048576,566687,800736,136,810854,388055,422799,1154306,343452,502972,519912,838736,282,3601526,3484269,2,1063867,1154306,90439,253013,491554,144685912,100277016,22216560
0,28.00385223,737357824,737357824,2429960192,380,275368220,23779072,37533376,336680668,305.9851551870961,820144,1048576,584340,874464,136,836812,397747,439065,1193593,356781,520923,538438,866781,293,3734092,3611396,2,1100317,1193593,93276,263505,504367,149643112,102890868,22834240
0,29.003864874,750100480,750100480,2429960192,380,283951620,24057600,42894400,350903620,309.0175298931087,843091,1048576,597295,909280,136,865866,410054,455812,1234542,368676,539153,557229,897007,300,3865271,3740147,2,1135546,1234542,98996,269680,519451,154434256,105968004,23549360
0,30.003873477,762982400,762982400,2429960192,380,293321960,24205056,44081792,361608808,308.65871423218323,867628,1048576,614620,927712,136,895140,423019,472121,1273909,378769,557706,576354,926869,304,3998960,3870033,2,1171549,1273909,102360,276409,537416,159330664,109632864,24358432
0,31.003872624,775860224,775860224,2429960192,380,302708960,24360704,45267520,372337184,308.61242217079655,891068,1048576,630887,947168,136,924672,435725,488947,1312574,387902,576233,595455,956897,310,4132530,4000691,2,1206488,1312574,106086,281816,556056,164082368,113435424,25191168
0,32.003847054,786640896,786640896,2429960192,380,311532356,24573696,46467072,382573124,307.9289830144228,915259,1048576,647293,973792,136,953735,447731,506004,1352168,398433,594976,614762,986995,318,4268178,4130613,2,1242407,1352168,109761,288672,571759,168967352,116638836,25926168
0,33.003863971,799502336,799502336,2429960192,380,319663744,25179904,47670976,392514624,307.10935502396535,939165,1048576,663189,1049568,136,981720,458549,523171,1391561,409841,613787,634165,1016496,325,4402911,4259127,2,1278094,1391561,113467,296374,584700,173820784,119278800,26564160
0,34.003866028,810336256,810336256,2513846272,380,327488708,25212672,48859904,401561284,305.54382990768124,965439,1048576,679568,1053664,136,1007839,468050,539789,1430824,422985,632364,653278,1044630,341,4535553,4387147,2,1314251,1430824,116573,306412,596135,178738136,121611540,27139032
0,35.003939708,821100544,821100544,2513846272,380,335396404,25310976,49962304,410669684,304.02230697933356,990694,1048576,698203,1065952,136,1033503,478396,555107,1469932,436429,649589,671053,1072354,360,4665336,4513639,2,1350788,1469932,119144,317285,607717,183707168,123974268,27714968
0,36.003879297,831881216,831881216,2513846272,380,343610144,25573120,51097920,420281184,302.9590716624353,1013630,1048576,717334,1098720,136,1061607,490398,571209,1510407,448800,667333,689399,1101877,367,4795924,4639814,2,1387254,1510407,123153,325647,620554,188666544,126593016,28350584
0,37.003849551,842645504,842645504,2513846272,380,351977484,25671424,52256064,429904972,302.38073507421217,1037087,1048576,732987,1111008,136,1089278,501945,587333,1549276,459998,685429,708146,1130582,381,4927723,4766928,2,1421734,1549276,127542,332456,635201,193355824,129581004,29040656
0,38.003857942,857362432,865009664,2515718144,380,359908568,42546944,53190784,455646296,313.67917790810463,1059448,2097152,749143,1123296,136,1113810,513899,599911,1582642,468832,700034,723223,1155663,389,5033407,4881785,2,1452587,1582642,130055,338777,650196,197551832,132639984,29716752
0,39.003877621,868130816,868130816,2515718144,380,368603000,42678016,54380096,465661112,313.28052486438736,1081804,2097152,764165,1139680,136,1141588,525252,616336,1620224,478636,718617,742365,1184132,403,5167335,5012702,2,1486403,1620224,133821,344815,666608,202150808,135988032,30464160
0,40.003873307,878891008,878891008,2515718144,380,376961672,42678016,55586176,475225864,312.5147479599198,1104292,2097152,778979,1139680,136,1169317,536066,633251,1658450,489133,737462,761781,1212859,416,5303935,5143788,2,1520651,1658450,137799,351334,681350,206808536,138995400,31157736
0,41.00386378,891744256,891744256,2515718144,380,384819736,43202304,56794752,484816792,311.78409956166524,1126782,2097152,793515,1205216,136,1196114,545796,650318,1696548,500434,756346,781234,1241064,428,5439044,5272347,2,1554976,1696548,141572,358862,693958,211476736,141567432,31775568
0,42.00385039,900403200,900403200,2616381440,380,392284548,43366144,58014080,493664772,310.6116800087584,1150162,2097152,808065,1225696,136,1221418,554057,667361,1734097,512679,775398,800824,1268236,441,5574338,5400069,2,1589331,1734097,144766,367913,704933,216149016,143806332,32329200
0,43.003894319,913248256,913248256,2616381440,380,399736152,43366144,59165120,502267416,309.3017726118082,1173596,2097152,823166,1225696,136,1246696,563093,683603,1772261,525565,793383,819378,1295537,457,5707346,5527548,2,1623875,1772261,148386,377179,715744,220847000,146011776,32877376
0,44.003848531,926093312,926093312,2616381440,380,407002504,43595520,60081088,510679112,308.07284739846665,1198782,2097152,841884,1254368,136,1270533,574414,696119,1807866,537333,807695,834161,1321037,469,5815214,5642331,2,1657657,1807866,150209,387124,726258,225441352,148156632,33404520
0,45.003852938,936886272,936886272,2616381440,380,415506708,44021504,61211264,520739476,306.9787878234101,1225974,2097152,862176,1307616,136,1298428,586491,711937,1848594,550166,825354,852415,1350430,482,5945733,5768329,2,1696337,1848594,152257,397909,739057,230701832,150767628,34037248
0,46.003861267,949788672,949788672,2616381440,380,424747376,44152576,62388736,531288688,306.0885953212904,1257280,2097152,883100,1324000,136,1326879,599723,727156,1890382,563503,843752,871396,1379907,500,6081398,5894610,2,1735735,1890382,154647,408856,754544,236059960,153926976,34760440
0,47.003851658,962691072,962691072,2616381440,380,434469348,44218112,63628160,542315620,305.679235998654,1288463,2097152,903275,1332192,136,1354200,612562,741638,1932457,578257,863118,891504,1407829,511,6221531,6026267,2,1774133,1932457,158324,419933,772685,241282088,157627740,35559520
0,48.003852924,975564800,975564800,2616381440,380,443584580,44283648,64856640,552724868,305.5680136042688,1317041,2097152,920874,1340384,136,1378417,623306,755111,1971982,593565,882313,911390,1432427,520,6360071,6158350,2,1808844,1971982,163138,430427,790485,246002784,161258940,36322856
0,49.003880613,990269440,990269440,2626867200,380,452412704,44283648,66090560,562786912,305.3992080490951,1345114,2097152,938031,1340384,136,1401180,633141,768039,2010998,609818,901593,931313,1455559,529,6501356,6292693,2,1842791,2010998,168207,441611,807558,250619576,164741832,37051296
0,50.004220374,998658048,998658048,2626867200,380,460267448,44447488,67292608,572007544,305.64987627221075,1361983,2097152,953760,1360864,136,1422573,642115,780458,2048028,625455,920375,950668,1477284,537,6639522,6423873,2,1871447,2048028,176581,448874,823602,254516792,168014808,37735848
0,51.003846095,1011240960,1011240960,2744307712,380,468370952,44873472,68547136,581791560,305.7381439354924,1387514,2097152,969545,1414112,136,1443424,650171,793253,2085619,642195,939977,970853,1498472,547,6783734,6561358,2,1902908,2085619,182711,459484,839102,258795488,171176808,38398656
0,52.003885973,1019629568,1019629568,2744307712,380,475956196,44906240,69747136,590609572,305.71325224247335,1410811,2097152,983985,1418208,136,1463088,657804,805284,2121248,658160,958727,990174,1518429,556,6921691,6693495,2,1931907,2121248,189341,468819,853865,262739352,174188460,39028384
0,53.003904386,1030115328,1030115328,2744307712,380,483179032,44971776,70950656,599101464,305.7688472782505,1430134,2097152,998273,1426400,136,1482449,665353,817096,2156692,674243,977532,1009503,1538106,570,7060720,6825968,2,1959328,2156692,197364,476879,868012,266468608,177074448,39635976
0,54.003850263,1040601088,1040601088,2744307712,380,490207604,45102848,72124608,607435060,305.7187650359252,1451345,2097152,1011612,1442784,136,1500784,672280,828504,2190818,690034,995875,1028362,1556787,580,7196502,6956314,2,1986908,2190818,203910,486124,881279,270219488,179780916,40207200
0,55.003885065,1051086848,1051086848,2744307712,380,497464540,45430528,73339968,616235036,305.7238530922145,1473100,2097152,1025557,1483744,136,1519940,679598,840342,2226321,706381,1014865,1047944,1576375,592,7334824,7089742,2,2015659,2226321,210662,495719,894811,274129624,182541444,40793472
0,56.003893491,1061572608,1061572608,2744307712,380,505241048,45463296,74567104,625271448,305.55166150386367,1496566,2097152,1040884,1487840,136,1540620,687936,852684,2263716,723096,1034039,1067720,1597596,602,7477637,7227161,2,2046369,2263716,217347,505749,909364,278306184,185510256,41424608
0,57.003869572,1072177152,1073627136,2744307712,380,512830760,45463296,84139200,642433256,309.3451967302788,1518802,2097152,1055879,1487840,136,1562183,696803,865380,2300216,738033,1052531,1086765,1619757,614,7614677,7361347,2,2076752,2300216,223464,514569,923284,282438272,188349936,42042552
0,58.003903342,1082916864,1082916864,2744307712,380,520421008,45627136,85286272,651334416,308.9406953430825,1540486,2097152,1070511,1508320,136,1586304,706683,879621,2336643,750339,1070454,1105195,1644790,628,7745639,7489692,2,2108283,2336643,228360,521979,936458,286726488,191037432,42657088
0,59.003865603,1093664768,1093664768,2744307712,380,528260752,45790976,86448640,660500368,308.31697674950533,1562234,2097152,1086182,1528800,136,1613075,717187,895888,2374931,761856,1088616,1123922,1672803,651,7879436,7619307,2,2142277,2374931,232654,529202,949180,291349672,193632720,43278360
0,60.003891843,1106509824,1106509824,2744307712,380,535796740,45823744,87625792,669246276,307.52015652483976,1584532,2097152,1100857,1532896,136,1639127,726736,912391,2412845,773718,1107009,1142839,1700458,662,8013818,7748421,2,2176268,2412845,236577,537141,960641,295972448,195970764,43853528
0,61.003875741,1115160576,1115160576,2744307712,380,543332224,45856512,88841664,678030400,306.63223012485884,1608911,2097152,1116081,1536992,136,1664760,735376,929384,2451235,786475,1126007,1162357,1727959,671,8150879,7876705,2,2211217,2451235,240018,546457,971562,300725512,198198648,44408064
0,62.003878399,1125904384,1125904384,2744307712,380,550695072,45856512,90005056,686556640,305.7439675657574,1631437,2097152,1130769,1536992,136,1689424,743816,945608,2489104,799680,1144185,1181064,1754704,677,8286208,8004476,2,2245528,2489104,243576,556104,982152,305391808,200359008,44944256
0,63.003910722,1136668672,1136668672,2878525440,380,558666184,45856512,91150208,695672904,304.8338461565427,1656958,2097152,1148470,1536992,136,1715992,754132,961860,2528477,812485,1162078,1199450,1783126,685,8423073,8133541,2,2282138,2528477,246339,566146,993930,310370768,202761720,45533696
0,64.003877004,1147432960,1147432960,2878525440,380,566783956,45922048,92267776,704973780,304.0413908448654,1679251,2097152,1167854,1545184,136,1743603,765842,977761,2568301,824698,1179540,1217474,1812203,694,8554374,8261480,2,2318677,2568301,249624,575074,1006335,315340072,205292340,46151544
0,65.003850724,1158160384,1158160384,2878525440,380,574043364,46581504,93272320,713897188,303.8447376642126,1701423,2097152,1182352,1627616,136,1770132,778328,991804,2606226,836094,1195236,1233645,1839926,702,8671710,8382988,2,2349546,2606226,256680,579414,1018407,319538256,207755028,46750080
0,66.003874988,1168891904,1168891904,2878525440,380,581519000,46581504,94371200,722471704,303.4973097953025,1721311,2097152,1196168,1627616,136,1796164,789385,1006779,2643073,846909,1212406,1251372,1866952,712,8800025,8506225,2,2380488,2643073,262585,584324,1031370,323746368,210399480,47373152
0,67.003861662,1179631616,1179631616,2878525440,380,589232008,46581504,95476288,731289800,303.1540817760525,1743760,2097152,1211620,1627616,136,1821139,799993,1021146,2677996,856857,1229673,1269155,1892496,728,8925618,8631343,2,2412271,2677996,265725,591132,1044890,328068856,213157560,48005592
0,68.003860647,1190363136,1190363136,2878525440,380,596706196,47564544,96640896,740911636,303.3352995844507,1766069,2097152,1224201,1750496,136,1844396,809052,1035344,2711937,867541,1247870,1287900,1916230,741,9057398,8757023,2,2442550,2711937,269387,598154,1058323,332186800,215897892,48621504
0,69.003848039,1201090560,1201090560,2878525440,380,604224884,47777536,97830912,749833332,303.33493071301575,1787193,2097152,1235764,1777120,136,1867755,817677,1050078,2746155,878400,1266464,1306957,1939992,751,9192890,8889414,2,2471965,2746155,274190,604210,1072439,336187240,218777556,49260088
0,70.003887691,1209716736,1209716736,2878525440,380,611732544,47777536,99019904,758529984,303.3371299963169,1803887,2097152,1247717,1777120,136,1891290,826056,1065234,2780298,889008,1285042,1326033,1964016,761,9329459,9021800,2,2500617,2780298,279681,609327,1086942,340083912,221736168,49912464
0,71.003876378,1220448256,1220448256,2878525440,380,619342812,47777536,100191552,767311900,303.2321205290455,1823065,2097152,1259504,1777120,136,1915405,834758,1080647,2814544,899139,1303349,1344847,1988776,776,9462548,9150910,2,2530444,2814544,284100,615039,1101183,344140384,224641332,50561096
0,72.003914796,1233276928,1233276928,2878525440,380,626823384,48367360,101332032,776522776,303.1959689589536,1842751,2097152,1272289,1850848,136,1939942,843927,1096015,2849348,909406,1321169,1363174,2014184,785,9592708,9278560,2,2561125,2849348,288223,621183,1114368,348313000,227331072,51179312
0,73.003855057,1244008448,1244008448,2878525440,380,634177884,48432896,102521216,785131996,302.7484147904562,1863282,2097152,1285301,1859040,136,1964750,852628,1112122,2885791,921041,1339750,1382249,2040363,794,9728269,9410378,2,2593348,2885791,292443,628598,1126121,352695328,229728684,51753872
0,74.003866416,1254735872,1254735872,2878525440,380,641094044,49088256,103672000,793854300,302.4361243583482,1883082,2097152,1298288,1940960,136,1989319,861290,1128029,2921267,931948,1357731,1400741,2066437,802,9857443,9537117,2,2624866,2921267,296401,635547,1136431,356981776,231831924,52280344
0,75.003892621,1263370240,1263370240,2878525440,380,648029412,49219328,104788352,802037092,301.81350368575517,1904758,2097152,1313055,1957344,136,2013532,870083,1143449,2957245,943713,1375174,1418694,2092388,816,9983695,9663594,2,2657393,2957245,299852,643861,1146253,361405448,233835612,52788352
0,76.003901236,1271992320,1271992320,2878525440,380,654665020,49415936,105922560,810003516,301.21497545108605,1927178,2097152,1325224,1981920,136,2037045,877868,1159177,2992638,955593,1392896,1436897,2117672,836,10112376,9785864,2,2689121,2992638,303517,652076,1155289,365720456,235678956,53265608
0,77.003883084,1282719744,1282719744,3046297600,380,661408784,49612544,107024576,818045904,300.54830602036486,1948262,2097152,1340260,2006496,136,2059889,885793,1174096,3028572,968683,1410115,1454645,2142638,852,10240457,9911270,2,2721845,3028572,306727,661956,1164232,370170920,237503328,53734536
0,78.003881632,1293459456,1293459456,3046297600,380,668542732,50071296,108145024,826759052,299.9711014977891,1972040,2097152,1356135,2063840,136,2084336,894684,1189652,3065608,981272,1427622,1472637,2168906,864,10374467,10038496,2,2756129,3065608,309479,671793,1173875,374833544,239470500,54238688
0,79.003869206,1304211456,1304211456,3046297600,380,675866712,50661120,109272960,835800792,299.3306045734722,1997060,2097152,1373698,2137568,136,2109090,904540,1204550,3103963,994873,1445246,1490793,2195587,874,10506315,10165581,2,2792233,3103963,311730,683143,1183264,379743688,241385856,54737168
0,80.003885371,1314963456,1314963456,3046297600,380,683282276,50661120,110329024,844272420,298.5754061030481,2020637,2097152,1391995,2137568,136,2134228,915232,1218996,3141608,1007380,1461747,1507810,2222348,881,10628254,10288713,2,2827669,3141608,313939,693441,1193413,384562984,243456252,55263040
0,81.003860243,1325715456,1325715456,3046297600,380,690903272,51250944,111473920,853628136,298.16414205362514,2044252,2097152,1409822,2211296,136,2160709,926434,1234275,3180422,1019713,1479636,1526182,2250036,890,10762134,10414912,2,2862947,3180422,317475,702238,1204478,389360792,245713512,55828968
0,82.003870743,1336455168,1336455168,3046297600,380,698305120,51316480,112665856,862287456,297.7794700808951,2067251,2097152,1425827,2219488,136,2185806,936733,1249073,3218006,1032200,1498260,1545301,2276039,897,10897204,10542576,2,2895725,3218006,322281,709919,1216102,393818600,248084808,56401712
0,83.003884218,1345110016,1345110016,3046297600,380,705998492,51447552,113896576,871342620,297.49296676763566,2092992,2097152,1441198,2235872,136,2209591,946178,1263413,3254716,1045125,1517490,1565049,2300441,907,11034411,10670808,2,2928952,3254716,325764,719361,1228747,398337472,250664388,56996632
0,84.003873827,1357946880,1357946880,3046297600,380,713521876,85198592,115085120,913805588,308.67659956532873,2118300,4194304,1455650,2260448,136,2232050,955710,1276340,3290352,1058302,1536061,1584093,2323364,918,11165793,10799724,2,2960398,3290352,329954,728348,1241743,402614128,253315572,57592176
0,85.003883209,1368678400,1368678400,3046297600,380,720824308,85329664,116303296,922457268,308.4157322379415,2143207,4194304,1469178,2276832,136,2253466,964388,1289078,3325716,1072250,1555095,1603638,2345146,927,11300254,10930868,2,2990954,3325716,334762,737488,1254351,406769744,255887604,58166960
0,86.003869254,1379401728,1379401728,3046297600,380,727731088,85329664,117556800,930617552,308.14467096259784,2166539,4194304,1480739,2276832,136,2273114,971514,1301600,3359985,1086871,1574681,1623835,2365253,939,11435400,11061997,2,3020067,3359985,339918,746953,1266174,410729112,258299496,58702480
0,87.003867993,1388023808,1388023808,3046297600,380,734644736,85427968,118826112,938898816,307.9461341215505,2189954,4194304,1492945,2289120,136,2292644,978490,1314154,3394407,1101763,1594514,1644212,2385120,945,11572718,11196325,2,3048906,3394407,345501,756262,1278188,414651216,260750352,59243168
0,88.003880156,1398738944,1398738944,3046297600,380,741279888,85427968,120011584,946719440,307.7314317457769,2212579,4194304,1505182,2289120,136,2311228,985604,1325624,3427368,1116140,1613037,1663258,2404112,953,11703403,11323163,2,3076447,3427368,350921,765219,1289802,418396792,263119608,59763488
0,89.003867749,1409458176,1409458176,3046297600,380,748078020,85952256,121268288,955298564,307.67232284740163,2236036,4194304,1517853,2354656,136,2330206,992468,1337738,3461727,1131521,1632673,1683386,2423477,964,11842793,11457486,2,3104922,3461727,356805,774716,1301555,422269392,265517220,60291408
0,90.003868103,1418072064,1418072064,3046297600,380,754674064,86083328,122506816,963264208,307.514777092187,2258813,4194304,1529639,2371040,136,2348683,999214,1349469,3495307,1146624,1652025,1703233,2442279,970,11978760,11591856,2,3132416,3495307,362891,783733,1313034,426008576,267858936,60806552
0,91.003857479,1430659072,1430659072,3058880512,380,761324532,86083328,123736832,971144692,307.2811919088558,2281681,4194304,1541868,2371040,136,2366849,1005758,1361091,3529242,1162393,1671244,1722949,2460899,990,12115538,11724861,2,3160443,3529242,368799,793594,1324447,429820248,270187188,61317096
0,92.003894214,1439047680,1439047680,3058880512,380,767884328,86148864,124979776,979012968,307.04653622222975,2304565,4194304,1554316,2379232,136,2384594,1012227,1372367,3563335,1178741,1690665,1742854,2479251,999,12255653,11860591,2,3188484,3563335,374851,803890,1335482,433633824,272438328,61812176
0,93.003864144,1445339136,1445339136,3058880512,380,773788740,86165248,126021824,985975812,306.81816221370065,2325830,4194304,1566813,2381280,136,2400887,1019273,1381614,3593942,1193055,1706947,1759540,2495983,1004,12372212,11981727,2,3213551,3593942,380391,812664,1345503,437042936,274482612,62263192
0,94.003874024,1453727744,1453727744,3058880512,380,779406240,86427392,127239616,993073248,306.86806851459926,2337393,4194304,1578592,2414048,136,2417725,1025327,1392398,3627142,1209417,1725975,1779094,2513478,1016,12509709,12116826,2,3236157,3627142,390985,818432,1355708,440117352,276564432,62724456
0,95.003886078,1464213504,1464213504,3260207104,380,785644660,86427392,128482560,1000554612,306.8296496874372,2354501,4194304,1590302,2414048,136,2435849,1031626,1404223,3661111,1225262,1745396,1799019,2532120,1027,12650378,12254232,2,3260945,3661111,400166,825096,1367243,443488520,278917572,63238568
0,96.003875467,1474699264,1474699264,3260207104,380,791467632,86755072,129663168,1007885872,306.9395912246754,2366364,4194304,1601507,2455008,136,2453592,1037914,1415678,3693240,1239648,1763843,1817939,2550251,1038,12783344,12386467,2,3283662,3693240,409578,830070,1378224,446578032,281157696,63731904
0,97.003877891,1483087872,1483087872,3260207104,380,797303300,86951680,130693376,1014948356,306.81427027994374,2386403,4194304,1613816,2479584,136,2470007,1044984,1425023,3723387,1253380,1779940,1834442,2567133,1042,12899790,12507841,2,3308022,3723387,415365,838015,1388357,449890992,283224828,64187480
0,98.003846418,1489379328,1489379328,3260207104,380,803394432,87017216,131862528,1022274176,306.67676328593717,2406711,4194304,1623964,2487776,136,2487126,1050922,1436204,3755114,1267988,1798208,1853166,2584831,1055,13031161,12636230,2,3333393,3755114,421721,846267,1398966,453341448,285389064,64663920
0,99.003847321,1499865088,1499865088,3260207104,380,809727696,87213824,133072448,1030013968,306.6633980165995,2423130,4194304,1634486,2512352,136,2505823,1057109,1448714,3788037,1282214,1817113,1872540,2604099,1071,13169861,12770057,2,3358777,3788037,429260,852954,1410540,456793672,287750160,65183864
0,100.003875422,1510350848,1510350848,3260207104,380,816004328,87738112,134246080,1037988520,306.6963123349421,2438877,4194304,1644470,2577888,136,2525285,1063116,1462169,3820108,1294823,1835451,1891357,2624267,1084,13303232,12899426,2,3384418,3820108,435690,859133,1421700,460280848,290026800,65696680
0,101.003874362,1518948352,1518948352,3260207104,380,822595044,87803648,135412864,1045811556,306.5242984795004,2454263,4194304,1655035,2586080,136,2547405,1070124,1477281,3853397,1305992,1853682,1910084,2647202,1093,13437598,13028314,2,3411839,3853397,441558,864434,1433075,464010104,292347300,66237640
0,102.003848392,1527566336,1527566336,3260207104,380,829310672,87803648,136547840,1053662160,306.1582113465372,2472385,4194304,1666653,2586080,136,2571156,1078153,1493003,3887356,1316200,1871416,1928268,2672055,1105,13568220,13156328,2,3441561,3887356,445795,870405,1443598,468052296,294493992,66764384
0,103.00390217,1538281472,1538281472,3260207104,380,836000752,88065792,137723968,1061790512,305.79920983404674,2490773,4194304,1678395,2618848,136,2595281,1085678,1509603,3922197,1326916,1889793,1947148,2697563,1115,13701518,13284022,2,3472182,3922197,450015,876901,1453482,472216752,296510328,67273672
0,104.003856459,1546907648,1546907648,3260207104,380,842677752,88196864,138878016,1069752632,305.3438487245093,2509940,4194304,1690920,2635232,136,2619695,1093906,1525789,3957607,1337912,1907825,1965667,2723485,1119,13833631,13412717,2,3503436,3957607,454171,883741,1462936,476467296,298438944,67771512
0,105.003896008,1557626880,1557626880,3260207104,380,849295208,88196864,140049088,1077541160,304.83742530707485,2530783,4194304,1702598,2635232,136,2643898,1101542,1542356,3992966,1349068,1926123,1984414,2749362,1127,13965124,13539985,2,3534806,3992966,458160,890908,1472078,480733616,300303912,68257680
0,106.003862031,1566244864,1566244864,3260207104,380,855790504,88196864,141124672,1085112040,304.3270956927158,2550852,4194304,1715960,2635232,136,2666861,1109473,1557388,4027440,1360579,1942929,2001618,2774169,1130,14089218,13663198,2,3565611,4027440,461829,898750,1481070,484923096,302138280,68729128
0,107.00388637,1574875136,1574875136,3260207104,380,862592076,88196864,142202176,1092991116,303.77512898041067,2572642,4194304,1730508,2635232,136,2690544,1117982,1572562,4062669,1372125,1959765,2018939,2799565,1140,14215565,13788528,2,3598027,4062669,464642,907483,1490407,489331672,304043028,69217376
0,108.003862912,1583521792,1583521792,3260207104,380,869779468,88196864,143335168,1101311500,303.1808745601886,2597709,4194304,1746184,2635232,136,2715619,1127045,1588574,4099704,1384085,1977468,2037099,2826436,1153,14351101,13917018,2,3632523,4099704,467181,916904,1500133,494023128,306027132,69729208
0,109.003853819,1594261504,1594261504,3260207104,380,876788916,88196864,144458240,1109444020,302.5360096009241,2620268,4194304,1762260,2635232,136,2739462,1135898,1603564,4137108,1397646,1995016,2055172,2852167,1165,14483871,14043710,2,3667147,4137108,469961,927685,1509073,498731992,307850892,70206032
0,110.003875138,1605001216,1605001216,3260207104,380,883969028,88196864,145573056,1117738948,301.935661878419,2643912,4194304,1778421,2635232,136,2764381,1145145,1619236,4174179,1409798,2012435,2073091,2878589,1171,14615651,14171254,2,3701911,4174179,472268,937530,1518619,503459896,309798276,70710856
0,111.003885689,1615749120,1615749120,3260207104,380,891174440,88196864,146682432,1126053736,301.3434932447151,2666099,4194304,1794968,2635232,136,2789207,1154727,1634480,4211428,1422221,2029769,2090933,2904904,1179,14745740,14298123,2,3736778,4211428,474650,947571,1528216,508201808,311756064,71216568
0,112.003871538,1624350720,1624350720,3260207104,380,897523644,88721152,147797952,1134042748,301.2620245904492,2680479,4194304,1807105,2700768,136,2813581,1164222,1649359,4247908,1434327,2047199,2108781,2930529,1188,14872554,14424460,2,3764307,4247908,483601,950726,1538429,511945752,313839516,71738376
0,113.003924234,1632976896,1632976896,3260207104,380,904357376,88721152,148963456,1142041984,300.9675101441033,2702592,4194304,1819187,2700768,136,2836661,1172773,1663888,4282837,1446176,2065410,2127413,2954534,1196,15005452,14550347,2,3794569,4282837,488268,957908,1549164,516061384,316029456,72266536
0,114.003852154,1641590784,1641590784,3260207104,380,910967320,88983296,150175040,1150125656,300.8438286277344,2720738,4194304,1830477,2733536,136,2858162,1180015,1678147,4316105,1457943,2084341,2146889,2976677,1207,15139488,14679061,2,3822999,4316105,493106,964837,1560060,519927864,318252240,72787216
0,115.003871716,1654411264,1662140416,3260207104,380,917675504,88983296,168122112,1174780912,304.95761778231883,2742413,4194304,1842654,2733536,136,2878547,1187587,1690960,4349198,1470651,2102620,2165676,2997888,1212,15271549,14808951,2,3852276,4349198,496922,973729,1570922,523909536,320468088,73297880
0,116.00389237,1665118208,1665118208,3260207104,380,924157476,89048832,169348800,1182555108,304.84454889878265,2760162,4194304,1852538,2741728,136,2898885,1194187,1704698,4381936,1483051,2121787,2185325,3018864,1227,15409918,14943381,2,3879207,4381936,502729,980322,1582179,527572152,322764516,73820808
0,117.003857088,1673715712,1673715712,3260207104,380,930407256,89048832,170555456,1190011544,304.7546758901439,2778207,4194304,1860462,2741728,136,2918598,1200051,1718547,4412949,1494351,2140641,2204693,3039119,1237,15546656,15072472,2,3904818,4412949,508131,986220,1593234,531055248,325019736,74332272
0,118.003858834,1680216064,1680216064,3495088128,380,936598980,89179904,171707328,1197486212,304.66634948774754,2796695,4194304,1869464,2758112,136,2937848,1206677,1731171,4444006,1506158,2158639,2223180,3058974,1242,15677200,15201545,2,3930484,4444006,513522,992636,1604027,534545824,327221508,74831648
0,119.003868765,1688797184,1688797184,3495088128,380,942553768,89179904,172846912,1204580584,304.6625513206346,2811797,4194304,1877573,2758112,136,2957314,1212714,1744600,4474173,1516859,2176445,2241422,3078940,1259,15808119,15329266,2,3953819,4474173,520354,996505,1615152,537719384,329491008,75343376
0,120.003889667,1697386496,1697386496,3495088128,380,948756076,89179904,174016960,1211952940,304.6689412142082,2823660,4194304,1886702,2758112,136,2977940,1218932,1759008,4505257,1527317,2194727,2260217,3100071,1264,15940594,15460398,2,3977934,4505257,527323,999994,1626837,540999024,331874748,75882304
0,121.003895857,1705988096,1705988096,3495088128,380,955357380,89310976,175193344,1219861700,304.6596229035106,2839618,4194304,1895063,2774496,136,2999295,1225382,1773913,4537222,1537927,2213108,2279060,3122057,1272,16074502,15591289,2,4004015,4537222,533207,1004720,1639055,544546040,334367220,76444120
0,122.00387539,1714589696,1714589696,3495088128,380,961827072,89310976,176323392,1227461440,304.5667188313005,2855023,4194304,1903714,2774496,136,3020583,1231496,1789087,4568175,1547592,2230765,2297252,3144103,1284,16201450,15716736,2,4030189,4568175,537986,1009606,1650664,548105704,336735456,76985912
0,123.003876901,1723191296,1723191296,3495088128,380,968314008,89310976,177475904,1235100888,304.4148596540306,2870454,4194304,1912579,2774496,136,3042844,1237811,1805033,4600007,1557163,2248773,2315704,3167296,1292,16331781,15842838,2,4057295,4600007,542712,1014451,1661776,551792120,339002304,77519584
0,124.003849316,1733902336,1733902336,3495088128,380,974836660,89376512,178631296,1242844468,304.1397965214093,2887917,4194304,1923086,2782688,136,3065930,1244901,1821029,4633502,1567572,2266826,2334209,3191606,1303,16464421,15971233,2,4086425,4633502,547077,1020495,1671845,555753800,341056380,78026480
0,125.003916384,1742508032,1742508032,3495088128,380,981102024,89507584,179782400,1250392008,303.8322147308538,2905178,4194304,1933363,2799072,136,3088762,1251727,1837035,4667041,1578279,2284812,2352623,3215820,1307,16597074,16099213,2,4115403,4667041,551638,1026641,1680920,559694808,342907680,78499536
0,126.003848629,1751117824,1751117824,3495088128,380,987356276,89507584,180939712,1257803572,303.46537071381715,2922556,4194304,1943735,2799072,136,3111856,1258557,1853299,4700756,1588900,2302895,2371165,3240410,1314,16728915,16226162,2,4144801,4700756,555955,1032945,1689697,563692936,344698188,78965152
0,127.003879707,1759727616,1759727616,3495088128,380,993653372,89638656,182066432,1265358460,303.106151958565,2940881,4194304,1955526,2815456,136,3134819,1265636,1869183,4734381,1599562,2320500,2389191,3264899,1322,16855821,16351411,2,4174638,4734381,559743,1039819,1698407,567750768,346475028,79427576
0,128.003850333,1768341504,1768341504,3495088128,380,999907420,89769728,183233280,1272910428,302.72613675955597,2961526,4194304,1965988,2831840,136,3157661,1272121,1885540,4768433,1610772,2338732,2407809,3289477,1332,16987050,16475487,2,4204825,4768433,563608,1047164,1706737,571856200,348174348,79876872
0,129.003865465,1779048448,1779048448,3495088128,380,1006098724,90294016,184376128,1280768868,302.4236196510237,2979753,4194304,1977454,2897376,136,3180144,1278981,1901163,4802592,1622448,2356589,2426105,3313738,1342,17118404,16600919,2,4235016,4802592,567576,1054872,1714811,575962176,349821444,80315104
0,130.003877057,1787666432,1787666432,3495088128,380,1012386152,90294016,185501248,1288181416,301.95988812180207,3000263,4194304,1990186,2897376,136,3202277,1285771,1916506,4836484,1634207,2374169,2444200,3337637,1347,17247754,16723991,2,4266068,4836484,570416,1063791,1722808,580185248,351452832,80748072
0,131.007472701,1798389760,1798389760,3495088128,380,1018990128,90294016,186597440,1295881584,301.52509413631344,3021501,4194304,2003243,2897376,136,3225921,1293981,1931940,4871581,1645660,2391297,2461781,3362944,1355,17379308,16849849,2,4297757,4871581,573824,1071836,1731728,584494952,353272512,81222664
0,132.003864924,1807020032,1807020032,3495088128,380,1025772156,90425088,187653184,1303850428,301.0864667583423,3044008,4194304,2018484,2913760,136,3249645,1302825,1946820,4906755,1657110,2407793,2478761,3388299,1359,17504281,16974091,2,4330485,4906755,576270,1080840,1740801,588945960,355123404,81702792
0,133.003890302,1817759744,1817759744,3495088128,380,1032914720,90425088,188779200,1312119008,300.625002262502,3067216,4194304,2034190,2913760,136,3274227,1311520,1962707,4943249,1669022,2425387,2496812,3414549,1375,17638182,17102688,2,4364637,4943249,578612,1090410,1750552,593590632,357112608,82211480
0,134.003873234,1826402304,1826402304,3495088128,380,1040057664,90556160,189877632,1320491456,300.1845575244173,3090362,4194304,2050366,2930144,136,3298933,1320900,1978033,4979774,1680841,2442550,2514451,3440780,1389,17768368,17229712,2,4398932,4979774,580842,1099999,1760218,598254752,359084472,82718440
0,135.003865321,1837129728,1837129728,3495088128,380,1046914704,90556160,190961536,1328432400,299.83870858528064,3107778,4194304,2065591,2930144,136,3323279,1330038,1993241,5015833,1692554,2459486,2531866,3466633,1397,17895156,17354476,2,4430490,5015833,585343,1107211,1770262,602546640,361133448,83234616
0,136.003888843,1843634176,1843634176,3495088128,380,1053301128,90556160,192092096,1335949384,299.7156819833315,3123353,4194304,2074864,2930144,136,3347823,1338714,2009109,5051421,1703598,2477151,2549977,3492489,1411,18025058,17480644,2,4457389,5051421,594032,1109566,1780990,606204904,363321960,83774264
0,137.003866557,1856389120,1856389120,3509768192,380,1060101684,90556160,193165696,1343823540,299.53891697558817,3142371,4194304,2087661,2930144,136,3371373,1347780,2023593,5085344,1713971,2493926,2567166,3516992,1420,18150604,17604320,2,4486307,5085344,599037,1114934,1792343,610137752,365637972,84325960
0,138.003880235,1866874880,1866874880,3509768192,380,1066928256,90556160,194330240,1351814656,299.3311856180874,3162868,4194304,2100254,2930144,136,3393454,1355778,2037676,5119652,1726198,2512122,2585828,3540030,1424,18285306,17733681,2,4516117,5119652,603535,1122663,1803342,614191912,367881768,84854576
0,139.003859571,1875263488,1875263488,3509768192,380,1073909392,90556160,195547200,1360012752,299.20883150586656,3184265,4194304,2111020,2930144,136,3415799,1363562,2052237,5153704,1737905,2531137,2605283,3562945,1435,18423961,17867211,2,4545363,5153704,608341,1129564,1815312,618169368,370323648,85416376
0,140.003882935,1883652096,1883652096,3509768192,380,1080333376,90556160,196764608,1367654144,299.08834675379745,3203773,4194304,2120288,2930144,136,3435917,1370158,2065759,5186410,1750493,2550159,2624778,3583907,1447,18561404,17999524,2,4572743,5186410,613667,1136826,1826072,621893048,372518688,85921640
0,141.003854151,1889943552,1889943552,3509768192,380,1085098176,90556160,197692032,1373346368,299.0916631748772,3216192,4194304,2125805,2930144,136,3451305,1374368,2076937,5210076,1758771,2564650,2639606,3599738,1455,18668523,18097386,2,4591724,5210076,618352,1140419,1834802,624474464,374299608,86324104
0,142.004128822,1961312256,2025631744,5120380928,380,1086750572,90556160,197841664,1375148396,299.03598939243534,3222149,4194304,2130906,2930144,136,3456242,1377996,2078246,5217573,1761331,2566988,2642000,3604822,1455,18685324,18128251,2,4598605,5217573,618968,1142363,1837671,625410280,374884884,86455408
0,143.003872972,1967767552,2025631744,5120380928,380,1091680756,90752768,198851904,1381285428,299.16375516957953,3228734,4194304,2137389,2954720,136,3473080,1382712,2090368,5243734,1770654,2582773,2658150,3622162,1464,18799214,18236427,2,4617155,5243734,626579,1144075,1847301,627933080,376849404,86898272
0,144.00386381,1976365056,2025631744,5120380928,380,1098033952,90752768,200045504,1388832224,299.15275563957067,3244507,4194304,2144857,2954720,136,3493310,1388423,2104887,5275078,1781768,2601423,2677195,3643090,1469,18935306,18365957,2,4642552,5275078,632526,1149242,1858900,631387072,379215600,87431280
0,145.003877786,1987051520,2025631744,5120380928,380,1104179996,90752768,201184064,1396116828,299.0905768001829,3259419,4194304,2152935,2954720,136,3513128,1393766,2119362,5305412,1792284,2619213,2695389,3663671,1474,19065003,18492654,2,4667873,5305412,637539,1154745,1869679,634830728,381414516,87934752
0,146.003865998,1993539584,2025631744,5120380928,380,1110035768,90752768,202097536,1402886072,298.95926279992653,3274898,4194304,2163757,2954720,136,3532118,1400912,2131206,5333940,1801822,2633486,2710020,3683530,1480,19169145,18607631,2,4692566,5333940,641374,1160448,1879618,638188976,383442072,88404720
0,147.00386347,2006290432,2025631744,5388816384,380,1116519796,90883840,203283392,1410687028,298.8693047575465,3290913,4194304,2172302,2971104,136,3554071,1406715,2147356,5366243,1812172,2652015,2729015,3706538,1488,19302508,18735996,2,4720080,5366243,646163,1166009,1890493,641930880,385660572,88928344
0,148.003850823,2014724096,2025631744,5388816384,380,1122654272,91145984,204439360,1418239616,298.7242996225083,3307287,4194304,2181080,3003872,136,3575796,1412648,2163148,5398346,1822550,2670077,2747592,3729476,1501,19431550,18862215,2,4747654,5398346,650692,1171858,1899860,645680944,387571440,89401888
0,149.00387639,2023325696,2025631744,5388816384,380,1128647476,91277056,205594880,1425519412,298.4963385226946,3323152,4194304,2190418,3020256,136,3597398,1418359,2179039,5430966,1833568,2688132,2766185,3752599,1506,19562504,18989097,2,4775668,5430966,655298,1178270,1908379,649490848,389309316,89847312
0,150.003896619,2031910912,2031910912,5388816384,380,1134152380,91539200,206546176,1432237756,298.24803286847407,3340049,4194304,2201242,3053024,136,3617680,1425588,2192092,5460953,1843273,2702996,2781444,3774232,1510,19670566,19104340,2,4802170,5460953,658783,1184490,1915745,653095120,390811980,90245280
0,151.003875482,2038411264,2038411264,5388816384,380,1140031972,91670272,207700096,1439402340,297.9721284519862,3356873,4194304,2210774,3069408,136,3639539,1431517,2208022,5493858,1854319,2721026,2799945,3797745,1522,19800991,19231911,2,4830661,5493858,663197,1191122,1923499,656969896,392393796,90668280
0,152.003919706,2047016960,2047016960,5388816384,380,1146041232,92063488,208891072,1446995792,297.73876156364537,3376067,4194304,2219996,3118560,136,3661693,1437164,2224529,5526996,1865303,2739635,2818980,3821515,1530,19933751,19358381,2,4859951,5526996,667045,1198258,1931332,660953336,393991728,91096168
0,153.003856164,2055622656,2055622656,5388816384,380,1152081680,92194560,210013312,1454289552,297.4650859020213,3393224,4194304,2230629,3134944,136,3683949,1443665,2240284,5560120,1876171,2757170,2836894,3845439,1538,20063676,19484268,2,4888942,5560120,671178,1204993,1939466,664896112,395651064,91534504
0,154.003864466,2066329600,2066329600,5388816384,380,1158273992,92194560,211143040,1461611592,297.13453098308344,3412284,4194304,2242091,3134944,136,3706068,1449861,2256207,5593378,1887310,2774822,2854982,3869340,1550,20194377,19610044,2,4919023,5593378,674355,1212955,1947620,668987128,397314480,91972384
0,155.003892222,2074951680,2074951680,5388816384,380,1164829624,92325632,212284416,1469439672,296.80793082344104,3434426,4194304,2254811,3151328,136,3729437,1457311,2272126,5628088,1898651,2792656,2873248,3894361,1559,20326781,19738134,2,4950810,5628088,677278,1221373,1956288,673310160,399082752,92436712
0,156.003899172,2083569664,2083569664,5388816384,380,1171226512,92325632,213382464,1476934608,296.47724632107037,3453884,4194304,2267484,3151328,136,3752776,1465188,2287588,5662495,1909719,2809813,2890812,3919286,1574,20457386,19863646,2,4981612,5662495,680883,1228836,1964852,677499232,400829808,92897472
0,157.003913271,2092191744,2092191744,5388816384,380,1177764720,92325632,214423616,1484513968,296.1174900164763,3475390,4194304,2281726,3151328,136,3775858,1473663,2302195,5696770,1920912,2826081,2907546,3943978,1581,20580427,19986626,2,5013260,5696770,683510,1237402,1973536,681803360,402601344,93360016
0,158.003880201,2102923264,2102923264,5388816384,380,1184527720,92325632,215544896,1492398248,295.7602523834353,3497511,4194304,2295969,3151328,136,3799435,1481536,2317899,5731990,1932555,2843601,2925545,3969202,1585,20711691,20113755,2,5045973,5731990,686017,1246538,1982542,686252328,404438568,93836824
0,159.00386779,2111553536,2111553536,5388816384,380,1191353596,92456704,216653952,1500464252,295.42135255209377,3519609,4194304,2310752,3167712,136,3823219,1489970,2333249,5767579,1944360,2860930,2943329,3994638,1597,20843094,20241482,2,5079065,5767579,688514,1255846,1991589,690752840,406284156,94316600
0,160.003875645,2122285056,2122285056,5388816384,380,1198254940,92587776,217758784,1508601500,295.101815502278,3539767,4194304,2326284,3184096,136,3847273,1498492,2348781,5803321,1956048,2878193,2961095,4020221,1606,20973740,20368590,2,5112139,5803321,691182,1264866,2000957,695250904,408195228,94808808
0,161.003915885,2132983808,2132983808,5388816384,380,1204287844,92718848,218866560,1515873252,294.9627689279386,3551415,4194304,2338624,3200480,136,3870564,1506626,2363938,5838111,1967547,2895502,2978905,4044881,1619,21100750,20492790,2,5139202,5838111,698909,1268638,2010135,698931472,410067540,95288832
0,162.0038657,2141585408,2141585408,5388816384,380,1210591388,92849920,219964864,1523406172,294.83572603342077,3570393,4194304,2347697,3216864,136,3893584,1514710,2378874,5872376,1978792,2912663,2996498,4069183,1630,21226914,20615861,2,5166966,5872376,705410,1273382,2020065,702707376,412093260,95790752
0,163.00386217,2150199296,2150199296,5388816384,380,1217190596,92849920,221080960,1531121476,294.68921626971144,3588913,4194304,2359790,3216864,136,3916150,1522800,2393350,5906685,1990535,2930102,3014358,4092811,1639,21356245,20740379,2,5195716,5906685,710969,1279566,2030695,706617376,414261780,96311440
0,164.003849189,2160914432,2160914432,5388816384,380,1223972376,93374208,222242688,1539589272,294.6487600015923,3609011,4194304,2371892,3282400,136,3938128,1530337,2407791,5940429,2002301,2948254,3032981,4115713,1649,21489116,20866207,2,5225168,5940429,715261,1287040,2041714,710622848,416509656,96839872
0,165.00386143,2169540608,2169540608,5388816384,380,1230820336,93767424,223477312,1548065072,294.5861176228356,3630730,4194304,2383678,3331552,136,3959488,1537446,2422042,5974323,2014835,2967545,3052843,4137929,1659,21627234,20996578,2,5255051,5974323,719272,1295563,2052786,714686936,418768344,97365056
0,166.003894495,2178146304,2178146304,5388816384,380,1237118868,94422784,224689920,1556231572,294.59799263993216,3650787,4194304,2393420,3413472,136,3978930,1543394,2435536,6006284,2027354,2986492,3072279,4158125,1666,21761996,21124806,2,5282560,6006284,723724,1303630,2062963,718428160,420844452,97846256
0,167.003891693,2188845056,2188845056,5388816384,380,1243351056,94619392,225852992,1563823440,294.52804180208983,3670679,4194304,2404270,3438048,136,3997910,1549844,2448066,6037608,2039698,3004665,3090883,4177788,1675,21892903,21253776,2,5309591,6037608,728017,1311681,2073150,722104376,422922600,98324080
0,168.003874299,2199547904,2199547904,5388816384,380,1249699304,95274752,227098816,1572072872,294.59068353301296,3689111,4194304,2412977,3519968,136,4017930,1555670,2462260,6069772,2051842,3024131,3110873,4198464,1680,22033169,21388805,2,5336465,6069772,733307,1318535,2083884,725759240,425112336,98827728
0,169.003847398,2208137216,2208137216,5388816384,380,1255919816,95405824,228228288,1579553928,294.6588133462174,3700266,4194304,2423401,3536352,136,4038175,1562973,2475202,6101623,2063448,3041779,3129004,4219326,1686,22160689,21519035,2,5360620,6101623,741003,1322445,2095636,729044320,427509744,99365752
0,170.003868825,2216742912,2216742912,5388816384,380,1262551624,95405824,229440512,1587397960,294.64490639898503,3717486,4194304,2432215,3536352,136,4059049,1569468,2489581,6134416,2075367,3060720,3148524,4240942,1700,22294943,21650400,2,5387495,6134416,746921,1328446,2107542,732699320,429938568,99913736
0,171.003874099,2223243264,2223243264,5388816384,380,1268764332,95405824,230598144,1594768300,294.5922915332034,3733439,4194304,2441289,3536352,136,4078812,1575646,2503166,6166057,2087245,3078808,3167172,4261630,1713,22422870,21778999,2,5413476,6166057,752581,1334664,2118225,736232736,432117900,100413696
0,172.003855245,2231828480,2231828480,5388816384,380,1274514344,95536896,231757120,1601808360,294.55364726603307,3747246,4194304,2448725,3552736,136,4097540,1580382,2517158,6195916,2098376,3096917,3185814,4281346,1724,22551376,21904056,2,5438087,6195916,757829,1340547,2127772,739579832,434065488,100869024
0,173.003870526,2240421888,2240421888,5388816384,380,1280661184,95667968,232929856,1609259008,294.4952539727128,3762993,4194304,2456536,3569120,136,4118044,1585710,2532334,6227158,2109114,3115241,3204667,4302903,1736,22683750,22032276,2,5464465,6227158,762693,1346421,2137922,743167240,436136088,101357856
0,174.003884131,2246914048,2246914048,5388816384,380,1286349648,95667968,234084224,1616101840,294.35170663143896,3777835,4194304,2464199,3569120,136,4137848,1590595,2547253,6257832,2119984,3133278,3223197,4323979,1742,22813257,22157532,2,5490377,6257832,767455,1352529,2146422,746691272,437870088,101788288
0,175.003871646,2257600512,2257600512,5388816384,380,1292119252,95799040,235201152,1623119444,294.2137230178922,3793188,4194304,2472385,3585504,136,4158538,1596271,2562267,6289013,2130475,3150730,3241147,4346008,1751,22939992,22282964,2,5516804,6289013,772209,1358266,2154939,750285344,439607556,102226352
0,176.003860154,2268291072,2268291072,5388816384,380,1297984632,95799040,236315584,1630099256,294.0200603263568,3809400,4194304,2481614,3585504,136,4180133,1602664,2577469,6320755,2140622,3168143,3259001,4368930,1763,23064608,22407530,2,5544177,6320755,776578,1364044,2163286,754008072,441310344,102666216
0,177.003875033,2276892672,2276892672,5388816384,380,1303963964,95799040,237468864,1637231868,293.8090034591694,3826183,4194304,2490740,3585504,136,4202385,1608884,2593501,6353610,2151225,3186163,3277505,4392757,1773,23194512,22535669,2,5572436,6353610,781174,1370051,2171583,757851296,443002932,103109736
0,178.003885479,2283388928,2283388928,5388816384,380,1309672480,95799040,238629184,1644100704,293.5708535567573,3843223,4194304,2499011,3585504,136,4223663,1614309,2609354,6385651,2161988,3204293,3296094,4415742,1780,23322224,22660530,2,5600354,6385651,785297,1376691,2178962,761648144,444508248,103516088
0,179.003876149,2291986432,2291986432,5388816384,380,1315418856,95799040,239795200,1651013096,293.330505348842,3859812,4194304,2507895,3585504,136,4244983,1619857,2625126,6418618,2173635,3222512,3314813,4438909,1790,23453752,22788172,2,5628508,6418618,790110,1383525,2186364,765477088,446018256,103923512
0,180.003874413,2298494976,2298494976,5724360704,380,1321368252,95799040,240920640,1658087932,293.0522087771375,3878482,4194304,2518729,3585504,136,4266276,1625773,2640503,6451415,2185139,3240097,3332893,4462109,1795,23582448,22913881,2,5657995,6451415,793420,1391719,2193859,769487320,447547236,104333696
0,181.003870885,2307104768,2307104768,5724360704,380,1327517900,95799040,242080640,1665397580,292.77566642863445,3897576,4194304,2529929,3585504,136,4288061,1631548,2656513,6484858,2196797,3258222,3351550,4485720,1800,23715459,23041616,2,5688306,6484858,796552,1400245,2201711,773609616,449149044,104759240
0,182.003855085,2315710464,2315710464,5724360704,380,1333492148,95799040,243152704,1672443892,292.50720789923633,3918229,4194304,2540820,3585504,136,4309658,1638457,2671201,6517604,2207946,3274973,3368765,4509069,1808,23840760,23164469,2,5717616,6517604,799988,1407958,2209403,777595776,450718212,105178160
0,183.00388679,2326417408,2326417408,5724360704,380,1339609304,95799040,244273408,1679681752,292.24649329106325,3935729,4194304,2552741,3585504,136,4332068,1645347,2686721,6551570,2219502,3292484,3386713,4533284,1818,23972446,23291153,2,5747483,6551570,804087,1415415,2217352,781657688,452339808,105611808
0,184.003855297,2335039488,2335039488,5724360704,380,1346091548,95799040,245395328,1687285916,291.92318063799405,3957354,4194304,2566477,3585504,136,4355045,1653371,2701674,6586834,2231789,3310014,3404844,4558094,1831,24100334,23418177,2,5779897,6586834,806937,1424852,2225361,786065992,453973644,106051912
0,185.003885565,2343669760,2343669760,5724360704,380,1352531660,95799040,246545344,1694876044,291.589520658865,3978974,4194304,2579837,3585504,136,4377725,1660788,2716937,6622294,2244569,3327983,3423376,4582682,1845,24232237,23546886,2,5812541,6622294,809753,1434816,2233069,790505576,455546076,106480008
0,186.003862367,2354393088,2354393088,5724360704,380,1359062388,96847616,247661760,1703571764,291.44409624315557,4001034,4194304,2594036,3716576,136,4400829,1668790,2732039,6657606,2256777,3345427,3441382,4607593,1857,24360746,23674001,2,5845278,6657606,812328,1444449,2241093,794957808,457182972,106921608
0,187.003850895,2364903424,2364903424,5741137920,380,1365455500,97896192,248744000,1712095692,291.3090277441027,4022291,4194304,2607984,3847648,136,4423529,1676821,2746708,6692094,2268565,3362337,3458848,4631990,1868,24486925,23798580,2,5877249,6692094,814845,1453720,2248989,799305864,458793756,107355880
0,188.003897708,2373292032,2373292032,5741137920,380,1371889468,97896192,249841024,1719626684,290.99000621533906,4041606,4194304,2622695,3847648,136,4446279,1684977,2761302,6727193,2280914,3379478,3476526,4656442,1874,24613233,23923346,2,5909573,6727193,817620,1463294,2256853,803701928,460398012,107789528
0,189.004316945,2381680640,2381680640,5741137920,380,1377725488,97896192,250966528,1726588208,290.8433754098383,4053879,4194304,2633731,3847648,136,4469276,1692558,2776718,6761918,2292642,3397064,3494621,4681098,1885,24742168,24049088,2,5936488,6761918,825430,1467212,2265292,807362368,462119568,108243552
0,190.003878701,2394263552,2394263552,5741137920,380,1383744040,97896192,252110976,1733751208,290.72366338893255,4069613,4194304,2643005,3847648,136,4492439,1699933,2792506,6796509,2304070,3414946,3512994,4705772,1896,24871312,24174847,2,5963571,6796509,832938,1471132,2274402,811045656,463978008,108720376
0,191.003872556,2402652160,2402652160,5741137920,380,1389762480,97896192,253256000,1740914672,290.63087218743254,4085192,4194304,2651539,3847648,136,4514762,1706523,2808239,6829346,2314584,3432837,3531376,4729389,1902,25004345,24299371,2,5990123,6829346,839223,1475361,2283846,814656728,465904584,109201168
0,192.003866214,2411040768,2411040768,5741137920,380,1396042184,98289408,254434496,1748766088,290.5594088210948,4103047,4194304,2661915,3896800,136,4536240,1712599,2823641,6861837,2325597,3451251,3550293,4752101,1912,25137422,24424127,2,6018618,6861837,843219,1482378,2293306,818532048,467834424,109675712
0,193.003856426,2419429376,2419429376,5741137920,380,1402639232,98551552,255631552,1756822336,290.4729195480598,4123413,4194304,2671858,3929568,136,4557953,1719381,2838572,6894911,2336958,3469955,3569585,4775000,1923,25274948,24552663,2,6048145,6894911,846766,1490192,2303508,822547720,469915632,110175880
0,194.00387823,2427817984,2427817984,5741137920,380,1408753140,98682624,256818048,1764253812,290.46316645244525,4137103,4194304,2680172,3945952,136,4579562,1725854,2853708,6926597,2347035,3488494,3588656,4797434,1931,25410497,24683102,2,6073933,6926597,852664,1494371,2313821,826054888,472019484,110678768
0,195.003870165,2436206592,2436206592,5741137920,380,1415023644,98682624,258033152,1771739420,290.4226615447283,4153398,4194304,2688181,3945952,136,4600874,1731351,2869523,6957707,2356833,3507480,3608174,4819483,1947,25545734,24812990,2,6100555,6957707,857152,1499681,2324327,829675480,474162708,111185456
0,196.003855496,2442522624,2442522624,5741137920,380,1420942996,98944768,259216576,1779104340,290.46203121459234,4166571,4194304,2694679,3978720,136,4621484,1736402,2885082,6987728,2366244,3525971,3627126,4840808,1956,25680266,24942237,2,6125084,6987728,862644,1503600,2334575,833011424,476253300,111678272
0,197.00390358,2451120128,2451120128,5741137920,380,1427043324,98944768,260396352,1786384444,290.4221227369304,4181530,4194304,2702260,3978720,136,4642082,1741508,2900574,7018233,2376151,3544405,3646054,4862288,1967,25814931,25071341,2,6150993,7018233,867240,1508911,2344795,836535048,478338180,112170096
0,198.003901011,2461810688,2521964544,5741137920,380,1433293896,166053632,261526592,1860874120,301.21686572443025,4198145,8388608,2711703,3978720,136,4663047,1747999,2915048,7049581,2386534,3562065,3664155,4884213,1982,25942970,25202666,2,6177855,7049581,871726,1514808,2355090,840188280,480438360,112667256
0,199.004255403,2470395904,2521964544,5741137920,380,1439197256,166315776,262699968,1868213000,301.17277947074115,4212126,8388608,2718473,4011488,136,4683777,1752838,2930939,7079718,2395941,3580399,3682900,4905869,1994,26075882,25330790,2,6203127,7079718,876591,1519350,2364838,843625272,482426952,113145032
0,200.003854638,2478985216,2521964544,5741137920,380,1445056112,167364352,263851840,1876272304,301.2233421915891,4226580,8388608,2725779,4142560,136,4704705,1757922,2946783,7110089,2405384,3598397,3701367,4927850,2005,26207509,25459986,2,6228841,7110089,881248,1524136,2374136,847122376,484323744,113609992
0,201.003877389,2485460992,2521964544,5741137920,380,1450388524,167495424,264795136,1882679084,301.08408490579166,4241407,8388608,2734795,4158944,136,4723799,1764209,2959590,7138032,2414233,3613136,3716489,4948046,2012,26315342,25575048,2,6253001,7138032,885031,1529202,2382161,850408136,485960844,114019544
0,202.003851161,2494050304,2521964544,5741137920,380,1456088792,167495424,265968128,1889552344,300.92682640164395,4255833,8388608,2742100,4158944,136,4745021,1769071,2975950,7168854,2423833,3631464,3735306,4970448,2021,26448010,25702664,2,6279109,7168854,889745,1534088,2390550,853958824,487672200,114457768
0,203.003903344,2500546560,2521964544,5741137920,380,1461995212,167495424,267111040,1896601676,300.7314964510353,4271980,8388608,2751002,4158944,136,4766727,1775122,2991605,7201113,2434386,3649322,3753666,4993677,2026,26577402,25830886,2,6306628,7201113,894485,1539901,2398983,857701408,489392532,114901272
0,204.003873096,2511241216,2521964544,5741137920,380,1467752136,167495424,268288320,1903535880,300.5032731112024,4288508,8388608,2759796,4158944,136,4788113,1780483,3007630,7233480,2445367,3667717,3772551,5016689,2037,26707774,25958375,2,6334493,7233480,898987,1546380,2406594,861491048,490945176,115315912
0,205.003873153,2519834624,2521964544,5741137920,380,1473402324,168544000,269453120,1911399444,300.4451260725583,4304555,8388608,2767805,4290016,136,4809330,1785825,3023505,7265826,2456496,3685917,3791230,5039707,2052,26838935,26083261,2,6361892,7265826,903934,1552562,2414027,865217312,492461508,115723504
0,206.003864103,2526306304,2526306304,5741137920,380,1478302316,168544000,270364928,1917211244,300.1631762125366,4320860,8388608,2774867,4290016,136,4827122,1792140,3034982,7294396,2467274,3700164,3805924,5059337,2063,26941259,26193657,2,6387230,7294396,907166,1560108,2419585,868663280,493595340,116043696
0,207.003933744,2537000960,2537000960,5741137920,380,1483914604,168544000,271513984,1923972588,299.8849678491925,4337898,8388608,2784510,4290016,136,4847751,1797211,3050540,7326533,2478782,3718118,3824413,5081880,2076,27072038,26317915,2,6415702,7326533,910831,1567951,2426259,872535472,494956836,116422296
0,208.003885435,2543497216,2543497216,5741137920,380,1489444428,168675072,272580608,1930700108,299.6226136457631,4356488,8388608,2794413,4306400,136,4868075,1803086,3064989,7357736,2489661,3734784,3841552,5103972,2081,27193625,26438245,2,6443773,7357736,913963,1575698,2432825,876353128,496296300,116795000
0,209.003859952,2552090624,2552090624,5741137920,380,1495017140,168675072,273691200,1937383412,299.3317450414547,4375536,8388608,2803939,4306400,136,4888258,1809003,3079255,7390473,2502215,3752137,3859397,5126379,2092,27325279,26562034,2,6472362,7390473,918111,1584104,2439279,880241232,497612916,117162992
0,210.003883724,2560692224,2560692224,5741137920,380,1500749340,168675072,274782912,1944207324,299.06083131583654,4391609,8388608,2814807,4306400,136,4909585,1815279,3094306,7422971,2513386,3769195,3877020,5149415,2106,27451933,26685030,2,6501043,7422971,921928,1591458,2446317,884141848,499048668,117558824
0,211.003868858,2567196672,2567196672,5741137920,380,1506658092,168675072,275883328,1951216492,298.7780692748277,4410596,8388608,2826258,4306400,136,4931195,1821592,3109603,7455584,2524389,3786389,3894665,5172728,2114,27579865,26809089,2,6530655,7455584,924929,1599460,2453557,888169080,500525628,117963384
0,212.003847104,2575806464,2575806464,5741137920,380,1512599280,168675072,277002560,1958276912,298.48788216060035,4430028,8388608,2837300,4306400,136,4952838,1827747,3125091,7488550,2535712,3803877,3912691,5196178,2121,27710420,26934214,2,6560658,7488550,927892,1607820,2460708,892249488,501984432,118365360
0,213.003871847,2584420352,2584420352,5741137920,380,1518734296,168806144,278103616,1965644056,298.2086424559122,4449917,8388608,2850057,4322784,136,4974698,1834610,3140088,7522054,2547356,3821081,3930445,5219751,2132,27839343,27058741,2,6591506,7522054,930548,1616808,2468186,896444816,503509944,118779536
0,214.003866988,2595131392,2595131392,5741137920,380,1524803220,168806144,279181504,1972790868,297.90296182874124,4470105,8388608,2862889,4322784,136,4996355,1841837,3154518,7555354,2558999,3837923,3947759,5243028,2136,27967220,27183485,2,6622260,7555354,933094,1625905,2475445,900627360,504990780,119185080
0,215.003942617,2603745280,2603745280,5741137920,380,1531057296,168806144,280267584,1980131024,297.61570345008465,4490637,8388608,2876162,4322784,136,5018929,1849441,3169488,7589031,2570102,3854893,3965183,5267175,2143,28093528,27308114,2,6653315,7589031,935716,1634386,2483284,904850840,506589936,119616520
0,216.003863152,2612367360,2612367360,5741137920,380,1537487440,168806144,281358016,1987651600,297.3450273641278,4509298,8388608,2889768,4322784,136,5041610,1857109,3184501,7623191,2581581,3871931,3982799,5291492,2156,28219932,27431551,2,6684664,7623191,938527,1643054,2491696,909114304,508305984,120067152
0,217.003900229,2620956672,2620956672,5741137920,380,1543201096,169854720,282448064,1995503880,297.3327095144792,4520599,8388608,2901289,4453856,136,5063736,1864311,3199425,7656491,2592755,3888963,4000314,5315176,2171,28345077,27553680,2,6711350,7656491,945141,1647614,2499778,912743600,509954712,120502784
0,218.00387488,2629554176,2629554176,5741137920,380,1549168832,169855744,283557376,2002581952,297.18362361902456,4536102,8388608,2911707,4453984,136,5086264,1871608,3214656,7690190,2603926,3906296,4018137,5339321,2182,28470262,27676550,2,6738534,7690190,951656,1652270,2508636,916440624,511761744,120966464
0,219.003882151,2638155776,2638155776,5741137920,380,1555381736,170259200,284690560,2010331496,297.12185115703966,4552943,8388608,2921302,4504416,136,5109221,1879106,3230115,7724348,2615127,3924002,4036368,5363780,2193,28599404,27801504,2,6766017,7724348,958331,1656796,2518346,920178312,513742584,121460840
0,220.00385922,2648870912,2648870912,5741137920,380,1561933336,170259200,285846976,2018039512,296.93767491464314,4572658,8388608,2933569,4504416,136,5131628,1886713,3244915,7758814,2627186,3942071,4055012,5387651,2201,28732026,27927505,2,6796172,7758814,962642,1664544,2527970,924279392,515705880,121948064
0,221.003905111,2659581952,2659581952,6143791104,380,1568292788,170259200,287028288,2025580276,296.7697951746895,4593105,8388608,2945058,4504416,136,5152679,1893333,3259346,7791520,2638841,3960529,4074057,5409863,2209,28863918,28052811,2,6825426,7791520,966094,1672747,2537345,928257936,517618380,122416472
0,222.00386009,2668183552,2668183552,6143791104,380,1574359872,170263296,288191744,2032814912,296.66134563711967,4612933,8388608,2953641,4504928,136,5172965,1899599,3273366,7823050,2650085,3978708,4092772,5431033,2224,28994131,28177823,2,6852308,7823050,970742,1679343,2546874,931913888,519562296,122883688
0,223.003847245,2674679808,2674679808,6143791104,380,1580388608,170263296,289332736,2039984640,296.5771166642848,4631481,8388608,2953573,4504928,136,5192456,1905503,3286953,7853169,2660713,3996536,4111084,5451230,2233,29122996,28299757,2,6878429,7853169,974740,1685973,2556706,935466344,521568024,123354240
0,224.003876039,2683277312,2683277312,6143791104,380,1586417924,170279680,290532736,2047230340,296.5039269677274,4650232,8388608,2961890,4506976,136,5211929,1911306,3300623,7884319,2672390,4015286,4130340,5471370,2245,29257587,28428748,2,6904564,7884319,979755,1692635,2566533,939020704,523572732,123824488
0,225.003875046,2689744896,2689744896,6143791104,380,1591656660,170279680,291650176,2053586516,296.4929710231659,4659488,8388608,2970214,4506976,136,5230012,1916637,3313375,7913381,2683369,4032746,4148317,5490178,2258,29381365,28552090,2,6926257,7913381,987124,1696245,2575617,941970952,525425868,124259840
0,226.003867139,2698334208,2698334208,6143791104,380,1597485480,170541824,292815552,2060842856,296.47761135626047,4676955,8388608,2977849,4539744,136,5248900,1921832,3327068,7943293,2694393,4050955,4167002,5509674,2268,29510497,28679139,2,6951091,7943293,992202,1702191,2585364,945348376,527414256,124722848
0,227.003891236,2706911232,2706911232,6143791104,380,1603132168,170541824,294016832,2067690824,296.46331814711397,4690087,8388608,2984894,4539744,136,5267730,1926502,3341228,7973227,2705497,4069725,4186281,5529193,2274,29644353,28808525,2,6974525,7973227,998702,1706795,2595148,948535400,529410192,125186576
0,228.003850052,2713395200,2713395200,6143791104,380,1608789996,170541824,295120128,2074451948,296.415023795912,4705501,8388608,2993094,4539744,136,5286181,1931873,3354308,8002263,2716082,4086964,4204022,5548307,2281,29767522,28934308,2,6998471,8002263,1003792,1712290,2604697,951792056,531358188,125639752
0,229.003857525,2724073472,2724073472,6143791104,380,1614378184,170541824,296225792,2081145800,296.36786116430375,4719237,8388608,3000909,4539744,136,5304652,1936840,3367812,8031439,2726787,4104240,4221794,5567594,2290,29891355,29058756,2,7022171,8031439,1009268,1717519,2614092,955015256,533274768,126088160
0,230.003934807,2730561536,2730561536,6143791104,380,1620180772,170541824,297381696,2088104292,296.3150483346876,4734350,8388608,3008076,4539744,136,5324009,1941548,3382461,8061407,2737398,4122301,4240354,5587948,2301,30021017,29186089,2,7046906,8061407,1014501,1722897,2623769,958379216,535248876,126552680
0,231.003877114,2739138560,2739138560,6143791104,380,1625785392,171066112,298548544,2095400048,296.3460853791806,4747688,8388608,3013898,4605280,136,5343404,1945548,3397856,8090413,2747009,4140533,4259050,5608200,2314,30152180,29311355,2,7070787,8090413,1019626,1727383,2633098,961627032,537151992,127006368
0,232.003892331,2745618432,2745618432,6143791104,380,1631340512,171066112,299663552,2102070176,296.2767871363225,4761337,8388608,3020784,4605280,136,5362989,1950230,3412759,8119630,2756641,4157955,4276927,5628768,2324,30278054,29436015,2,7094954,8119630,1024676,1731965,2642046,964913744,538977384,127449384
0,233.003909808,2754199552,2754199552,6143791104,380,1636936160,171066112,300837184,2108839456,296.17816198822163,4775561,8388608,3027525,4605280,136,5382753,1954378,3428375,8150065,2767312,4176293,4295775,5649766,2335,30409661,29563125,2,7120172,8150065,1029893,1737419,2650554,968343392,540713016,127879752
0,234.003905713,2762784768,2762784768,6143791104,380,1642533056,171066112,335567424,2149166592,300.76046223117856,4789496,8388608,3034442,4605280,136,5403267,1958911,3444356,8180654,2777387,4194665,4314614,5671483,2349,30540550,29689874,2,7145775,8180654,1034879,1742508,2658820,971825400,542399280,128308376
0,235.00386355,2771365888,2771365888,6143791104,380,1648028848,171066112,336726976,2155821936,300.61277026532383,4803995,8388608,3041480,4605280,136,5423678,1963604,3460074,8211395,2787717,4212783,4333195,5693258,2368,30671391,29816315,2,7171425,8211395,1039970,1747747,2666634,975313800,543993336,128721712
0,236.003857153,2777853952,2777853952,6143791104,380,1653595552,171066112,337911616,2162573280,300.4685733721477,4818883,8388608,3048223,4605280,136,5444504,1967860,3476644,8241979,2797475,4231293,4352161,5715401,2379,30802293,29941449,2,7197336,8241979,1044643,1752832,2674584,978837696,545615136,129142720
0,237.003874655,2786439168,2786439168,6143791104,380,1659148520,172114688,339069696,2170332904,300.4625033935288,4833080,8388608,3055307,4736352,136,5465779,1972855,3492924,8273193,2807414,4249388,4370720,5738104,2393,30933512,30067786,2,7223307,8273193,1049886,1757528,2682426,982369752,547214904,129563864
0,238.003855049,2797129728,2797129728,6143791104,380,1664844092,172376832,340214720,2177435644,300.3045535377129,4849545,8388608,3063763,4769120,136,5486947,1977886,3509061,8304521,2817574,4267279,4389117,5760847,2405,31064308,30193199,2,7250758,8304521,1053763,1763811,2690023,986103088,548764692,129976312
0,239.003859816,2803621888,2803621888,6143791104,380,1670457440,172376832,341341376,2184175648,300.10777014637733,4865212,8388608,3072394,4769120,136,5507724,1982843,3524881,8335717,2827993,4284883,4407221,5783324,2410,31192795,30317671,2,7277971,8335717,1057746,1770247,2697422,989804056,550274088,130379296
0,240.003903828,2812215296,2812215296,6143791104,380,1676021764,172376832,342470720,2190869316,299.8568123634328,4884016,8388608,3081716,4769120,136,5527503,1987948,3539555,8367641,2840138,4302529,4425352,5805179,2419,31321102,30441095,2,7306385,8367641,1061256,1778882,2703955,993668360,551606820,130746584
0,241.003869092,2818711552,2818711552,6143791104,380,1681507164,172376832,343570048,2197454044,299.6230116921548,4900391,8388608,3091546,4769120,136,5547657,1993643,3554014,8399625,2851968,4319706,4443031,5827362,2429,31451220,30565503,2,7334063,8399625,1065562,1786406,2710565,997432568,552955260,131119336
0,242.003865345,2827304960,2827304960,6143791104,380,1687114504,172376832,344679744,2204171080,299.37209810547756,4917818,8388608,3101876,4769120,136,5567740,1999158,3568582,8431695,2863955,4337045,4460893,5849484,2435,31578000,30689386,2,7362647,8431695,1069048,1794907,2717172,1001319992,554303088,131491424
0,243.003848469,2835902464,2835902464,6143791104,380,1692754404,172376832,345781504,2210912740,299.1281969826772,4935644,8388608,3112265,4769120,136,5588317,2004679,3583638,8463409,2875092,4354260,4478604,5871773,2444,31704220,30810856,2,7391188,8463409,1072221,1802871,2723925,1005201568,555680700,131872136
0,244.003846143,2842406912,2842406912,6143791104,380,1698640024,172376832,346865344,2217882200,298.88625938263635,4954119,8388608,3123668,4769120,136,5609343,2010698,3598645,8495817,2886474,4371195,4496091,5894558,2456,31829369,30932744,2,7420489,8495817,1075328,1811146,2731266,1009186504,557178264,132275256
0,245.003861083,2851020800,2851020800,6143791104,380,1704746192,172376832,347986880,2225109904,298.63755579716786,4973572,8388608,3135384,4769120,136,5631271,2016914,3614357,8529343,2898072,4388719,4514175,5918225,2477,31959958,31059622,2,7450871,8529343,1078472,1819600,2738888,1013318456,558733152,132694584
0,246.003899331,2861719552,2861719552,6143791104,380,1710528224,172376832,349083072,2231988128,298.38515926994177,4992323,8388608,3146175,4769120,136,5651988,2022576,3629412,8561492,2909504,4405847,4531807,5940645,2486,32086962,31181681,2,7480225,8561492,1081267,1828237,2745770,1017310600,560137080,133080544
0,247.003870723,2870333440,2870333440,6143791104,380,1716663744,172770048,350191744,2239625536,298.1850060026423,5012126,8388608,3158492,4818272,136,5673832,2029200,3644632,8594888,2921056,4423170,4549652,5964203,2500,32216515,31306539,2,7510859,8594888,1084029,1837027,2753374,1021476824,561688296,133498624
0,248.003855812,2878947328,2878947328,6143791104,380,1722819072,172770048,351290688,2246879808,297.93610963998856,5031807,8388608,3170535,4818272,136,5695625,2035818,3659807,8628354,2932729,4440341,4567348,5987697,2509,32343566,31430829,2,7541482,8628354,1086872,1845857,2761070,1025641552,563258280,133919240
0,249.003870757,2889654272,2889654272,6143791104,380,1728989256,172770048,352376448,2254135752,297.6959735148421,5050372,8388608,3178768,4818272,136,5717259,2042746,3674513,8661796,2944537,4457306,4584856,6011114,2518,32470441,31554086,2,7571939,8661796,1089857,1854680,2768930,1029783704,564861720,134343832
0,250.003865851,2896146432,2896146432,6143791104,380,1734612768,173032192,353440960,2261085920,297.5808452080381,5059198,8388608,3191516,4851040,136,5739241,2050150,3689091,8695125,2955884,4473939,4602022,6034648,2527,32592770,31677207,2,7598224,8695125,1096901,1858983,2776866,1033358464,566480664,134773640
0,251.00389063,2904743936,2904743936,6143791104,380,1740515300,173163264,354562368,2268240932,297.4456268007285,5075291,8388608,3200851,4867424,136,5761162,2056484,3704678,8728469,2967307,4491461,4620054,6058155,2542,32720699,31800964,2,7625733,8728469,1102736,1864571,2785281,1037099688,568197324,135218288
0,252.003854335,2913329152,2913329152,6143791104,380,1746274848,173163264,355662976,2275101088,297.3391728587793,5090132,8388608,3209230,4867424,136,5783196,2063245,3719951,8761424,2978228,4508658,4637708,6081719,2555,32845368,31923510,2,7651535,8761424,1109889,1868339,2794070,1040608760,569990280,135675808
0,253.003862581,2919825408,2919825408,6143791104,380,1752071404,173163264,356759424,2281994092,297.2095302657636,5104778,8388608,3219179,4867424,136,5804442,2069731,3734711,8793797,2989355,4525790,4655284,6104394,2563,32972378,32047555,2,7678065,8793797,1115732,1873623,2802623,1044216840,571735092,136119472
0,254.003859909,2930532352,2930532352,6143791104,380,1758462956,173163264,357911232,2289537452,297.06205336000943,5124461,8388608,3229491,4867424,136,5826474,2076097,3750377,8826633,3000159,4543787,4673772,6127719,2572,33104793,32175179,2,7707270,8826633,1119363,1880796,2812129,1048188720,573674316,136599920
0,255.003892506,2939138048,2939138048,6143791104,380,1764693580,173196032,359074432,2296964044,296.9319154321565,5143526,8388608,3238543,4871520,136,5847749,2082018,3765731,8858755,3011006,4561962,4692456,6150165,2584,33240523,32301038,2,7735659,8858755,1123096,1887910,2821449,1052049624,575575596,137068360
0,256.003878591,2947723264,2947723264,6143791104,380,1770508472,173196032,360219008,2303923512,296.87566797632184,5155719,8388608,3246561,4871520,136,5868594,2087763,3780831,8889392,3020798,4579846,4710833,6171929,2588,33369271,32425950,2,7760567,8889392,1128825,1891973,2831028,1055437112,577529712,137541648
0,257.003892488,2954211328,2954211328,6143791104,380,1776304832,173196032,361386752,2310887616,296.81439040530046,5170142,8388608,3253821,4871520,136,5889026,2093039,3795987,8919492,3030466,4598092,4729550,6193222,2593,33499753,32552668,2,7785632,8919492,1133860,1896606,2840452,1058845952,579452208,138006672
0,258.003862867,2962800640,2962800640,6143791104,380,1782086900,173196032,362581632,2317864564,296.72434106193066,5185330,8388608,3261505,4871520,136,5908546,2097899,3810647,8950184,3041638,4616762,4748787,6213780,2597,33632122,32681214,2,7811508,8950184,1138676,1902962,2849379,1062365088,581273316,138448496
0,259.003863768,2971385856,2971385856,6143791104,380,1787886272,173196032,363746176,2324828480,296.66127192472595,5200163,8388608,3268698,4871520,136,5927840,2102525,3825315,8979909,3052069,4634958,4767491,6234083,2603,33762410,32808171,2,7836643,8979909,1143266,1908803,2858814,1065783448,583198056,138904768
0,260.003886869,2977869824,2977869824,6143791104,380,1793489900,173720320,364901888,2332112108,296.6610455577971,5214190,8388608,3275792,4937056,136,5946694,2106910,3839784,9009372,3062678,4653016,4785997,6254076,2607,33893684,32935531,2,7861201,9009372,1148171,1914507,2867767,1069123336,585024468,139342096
0,261.003881231,2986450944,2986450944,6143791104,380,1799164376,173982464,366069568,2339216408,296.6348824551944,5228237,8388608,3282226,4969824,136,5966056,2110955,3855101,9038671,3072615,4671261,4804741,6274400,2619,34024923,33063531,2,7885844,9038671,1152827,1919788,2876954,1072474784,586898616,139790976
0,262.003888893,2992934912,2992934912,6143791104,380,1804780088,173982464,367235712,2345998264,296.576331421388,5241420,8388608,3288408,4969824,136,5985837,2115220,3870617,9068294,3082457,4689482,4823463,6295144,2627,34156759,33192286,2,7910268,9068294,1158026,1924431,2886004,1075796448,588744816,140238824
0,263.003846727,3003604992,3003604992,6143791104,380,1810139972,173982464,368384896,2352507332,296.4792405315664,5255012,8388608,3294899,4969824,136,6004534,2119108,3885426,9097823,3093289,4707438,4841918,6315101,2641,34286146,33319476,2,7934813,9097823,1163010,1930279,2893937,1079134568,590363148,140642256
0,264.003877632,3012182016,3012182016,6143791104,380,1815487468,173982464,369538496,2359008428,296.38599193591756,5268794,8388608,3300732,4969824,136,6023591,2122681,3900910,9127014,3103423,4725463,4860373,6335341,2655,34416182,33445545,2,7959244,9127014,1167770,1935653,2901871,1082457184,591981684,141048600
0,265.00387113,3018661888,3018661888,6143791104,380,1820925860,173982464,370660288,2365568612,296.30212545986245,5281351,8388608,3307568,4969824,136,6043741,2127326,3916415,9156624,3112883,4742991,4878323,6356637,2667,34543299,33570450,2,7983637,9156624,1172987,1939896,2910175,1085774632,593675700,141475528
0,266.003953162,3027243008,3027243008,6143791104,380,1826436516,173982464,371820544,2372239524,296.2123268325538,5294564,8388608,3313887,4969824,136,6064434,2131712,3932722,9186751,3122317,4761120,4896938,6378497,2679,34673524,33697640,2,8008578,9186751,1178173,1944144,2918451,1089166608,595364004,141905904
0,267.003860537,3033731072,3033731072,6143791104,380,1832181088,173982464,373008640,2379172192,296.098428489502,5310957,8388608,3320832,4969824,136,6085635,2136333,3949302,9217731,3132096,4779684,4915977,6401029,2688,34805708,33825244,2,8035072,9217731,1182659,1949437,2926806,1092769792,597068424,142342872
0,268.003853211,3044376576,3044376576,6164762624,380,1837582448,173982464,374132416,2385697328,295.97470819654967,5324358,8388608,3328325,4969824,136,6106077,2141346,3964731,9248191,3142114,4797243,4933940,6422821,2698,34933293,33951343,2,8060477,9248191,1187714,1954400,2934360,1096224872,598609440,142748136
0,269.003900338,3050668032,3050668032,6164762624,380,1843052052,173982464,375220928,2392255444,295.82028363563876,5340164,8388608,3336965,4969824,136,6126402,2146545,3979857,9278342,3151940,4814251,4951408,6444529,2715,35057651,34073438,2,8086854,9278342,1191488,1960452,2941647,1099812144,600095988,143143920
0,270.003866617,3059056640,3059056640,6164762624,380,1848503320,173982464,376328000,2398813784,295.6585092354545,5355527,8388608,3345481,4969824,136,6146602,2151268,3995334,9308752,3162150,4831549,4969221,6466354,2720,35182946,34196668,2,8113461,9308752,1195291,1966859,2948728,1103430696,601540512,143532112
0,271.003870779,3065348096,3065348096,6164762624,380,1853974908,173982464,377431808,2405389180,295.50017813136515,5372980,8388608,3353491,4969824,136,6167000,2156185,4010815,9339025,3172025,4848796,4986879,6488256,2734,35309039,34318906,2,8140060,9339025,1198965,1973060,2955893,1107048160,603002172,143924576
0,272.00385645,3073736704,3073736704,6164762624,380,1859345604,173982464,378529280,2411857348,295.3601645297507,5387125,8388608,3361411,4969824,136,6187697,2161402,4026295,9369873,3182176,4865944,5004471,6510513,2740,35440050,34442052,2,8165818,9369873,1204055,1978121,2963105,1110551248,604473420,144320936
0,273.003911502,3082125312,3082125312,6164762624,380,1864933828,173982464,379648384,2418564676,295.1952356994945,5403422,8388608,3370290,4969824,136,6208286,2166351,4041935,9400787,3192501,4883430,5022457,6532718,2743,35569664,34565108,2,8193102,9400787,1207685,1984816,2970363,1114261872,605954052,144717904
0,274.003943921,3092611072,3092611072,6634524672,380,1870538320,173982464,380762304,2425283088,294.9993398867846,5420690,8388608,3380092,4969824,136,6228917,2171757,4057160,9432380,3203463,4900835,5040334,6555026,2754,35697671,34688723,2,8221317,9432380,1211063,1992400,2977152,1118099112,607339008,145100200
0,275.00388266,3100999680,3100999680,6634524672,380,1876294544,175031040,381833792,2433159376,294.93055416160604,5438885,8388608,3391266,5100896,136,6249690,2177596,4072094,9464066,3214376,4917577,5057556,6577561,2761,35821701,34812308,2,8249940,9464066,1214126,2000250,2984344,1121991840,608806176,145496528
0,276.003855914,3107291136,3107291136,6634524672,380,1882020280,175031040,382910784,2439962104,294.73566197449867,5457400,8388608,3402001,5100896,136,6270727,2183611,4087116,9495715,3224988,4934405,5074803,6600266,2770,35946784,34935685,2,8278476,9495715,1217239,2007749,2991448,1125872736,610255392,145892152
0,277.003875695,3115679744,3115679744,6634524672,380,1887977028,175031040,384021696,2447029764,294.54017553755034,5475602,8388608,3413102,5100896,136,6292416,2189735,4102681,9528479,3236063,4951763,5092604,6623674,2785,36076443,35060818,2,8307966,9528479,1220513,2015550,2998959,1129883376,611787636,146306016
0,278.003919883,3124068352,3124068352,6634524672,380,1894124812,175031040,385134784,2454290636,294.34605119887436,5495148,8388608,3424629,5100896,136,6314160,2195962,4118198,9561576,3247416,4969155,5110466,6647142,2795,36206475,35186776,2,8338113,9561576,1223463,2023953,3006899,1133983368,613407396,146734048
0,279.003865044,3136856064,3136856064,6634524672,380,1900104228,175293184,386218688,2461616100,294.1521158953669,5515055,8388608,3436803,5133664,136,6335202,2202546,4132656,9594844,3259642,4986091,5127958,6670131,2806,36334163,35312479,2,8368514,9594844,1226330,2033312,3014003,1138117904,614856612,147129712
0,280.003914542,3145465856,3145465856,6634524672,380,1906255048,175293184,387271552,2468819784,293.95596982546147,5534937,8388608,3449247,5133664,136,6357321,2209977,4147344,9627925,3270604,5002542,5144900,6693809,2814,36456174,35435291,2,8398604,9627925,1229321,2041283,3021976,1142210144,616483104,147561800
0,281.003857988,3154079744,3154079744,6634524672,380,1912472796,175293184,388381312,2476147292,293.7537493489993,5554214,8388608,3461143,5133664,136,6379531,2216715,4162816,9661592,3282061,5019882,5162755,6717712,2829,36586081,35560090,2,8429330,9661592,1232262,2049799,3029863,1146388880,618092052,147991864
0,282.003881649,3162693632,3162693632,6634524672,380,1918749196,175293184,389458304,2483500684,293.56341369888145,5572254,8388608,3473662,5133664,136,6401555,2223589,4177966,9694989,3293434,5036710,5180110,6741488,2842,36711152,35683813,2,8459844,9694989,1235145,2058289,3038127,1150538784,619777908,148432504
0,283.003876017,3169177600,3169177600,6634524672,380,1924158940,175293184,390531840,2489983964,293.4514835541187,5581442,8388608,3484834,5133664,136,6422543,2230450,4192093,9728448,3305905,5053484,5197402,6764510,2848,36835855,35808245,2,8485164,9728448,1243284,2062621,3045747,1153982304,621332388,148844248
0,284.003871323,3177771008,3177771008,6634524672,380,1929940064,175293184,391624960,2496858208,293.3332857143864,5595373,8388608,3495698,5133664,136,6444140,2237426,4206714,9762381,3318241,5070564,5214992,6788047,2857,36961255,35932701,2,8512018,9762381,1250363,2067878,3054036,1157634448,623023344,149282272
0,285.003857826,3184259072,3184259072,6634524672,380,1935718888,175293184,392733888,2503745960,293.25745815093654,5610292,8388608,3503571,5133664,136,6466185,2244011,4222174,9795285,3329100,5087891,5232763,6811640,2863,37089890,36056801,2,8537706,9795285,1257579,2071521,3062972,1161128016,624846288,149744584
0,286.004636272,3192856576,3192856576,6634524672,380,1941559372,175293184,393847168,2510699724,293.1390628422408,5626997,8388608,3512437,5133664,136,6486880,2249530,4237350,9827022,3340142,5105286,5250727,6833911,2874,37218141,36177697,2,8564876,9827022,1262146,2077996,3071361,1164823136,626557644,150178592
0,287.003853105,3201441792,3201441792,6634524672,380,1947037792,175293184,394839616,2517170592,292.9799443969433,5645318,8388608,3522898,5133664,136,6505474,2255291,4250183,9856408,3350934,5120793,5266636,6854080,2885,37333746,36293450,2,8591614,9856408,1264794,2086140,3078536,1168459504,628021344,150556944
0,288.003851969,3210031104,3210031104,6634524672,380,1952889224,175293184,395968512,2524150920,292.9090336262442,5658209,8388608,3531712,5133664,136,6526963,2261041,4265922,9887931,3360968,5138432,5284778,6876857,2892,37463778,36419528,2,8617525,9887931,1270406,2090562,3087670,1171983400,629884680,151021144
0,289.003855316,3218616320,3218616320,6634524672,380,1958692304,175293184,397104960,2531090448,292.8421960922062,5673209,8388608,3539399,5133664,136,6547846,2266396,4281450,9918538,3370692,5156189,5303043,6898832,2902,37591654,36544827,2,8643189,9918538,1275349,2095343,3096762,1175473704,631739448,151479152
0,290.003910343,3225108480,3225108480,6634524672,380,1964590348,175293184,398250240,2538133772,292.7812769205001,5688533,8388608,3547499,5133664,136,6568296,2271472,4296824,9948553,3380257,5174084,5321444,6920388,2916,37720941,36668920,2,8669044,9948553,1279509,2100748,3106161,1178989984,633656844,151943520
0,291.003890976,3233681408,3233681408,6634524672,380,1969965900,175293184,399195904,2544454988,292.71132883630895,5703681,8388608,3556629,5133664,136,6586915,2277762,4309153,9975543,3388628,5188860,5336654,6939789,2926,37827294,36782855,2,8692711,9975543,1282832,2105796,3114669,1182208696,635392476,152364728
0,292.003860997,3240165376,3240165376,6634524672,380,1975640184,175293184,400345728,2551279096,292.66255546186125,5718380,8388608,3563563,5133664,136,6606876,2282586,4324290,10004694,3397818,5206826,5355107,6960583,2931,37956288,36907744,2,8717477,10004694,1287217,2110601,3123764,1185576872,637247856,152815456
0,293.003965302,3246649344,3246649344,6634524672,380,1981233840,175293184,401491712,2558018736,292.6159105704607,5732064,8388608,3570553,5133664,136,6626648,2287222,4339426,10033862,3407214,5224732,5373533,6981266,2941,38085513,37034944,2,8741899,10033862,1291963,2115251,3132722,1188898264,639075288,153260288
0,294.003868048,3257331712,3257331712,6634524672,380,1986933656,175555328,402632960,2565121944,292.5852992742975,5746519,8388608,3578461,5166432,136,6646246,2292072,4354174,10063547,3417301,5242564,5391907,7001800,2952,38215678,37162245,2,8767091,10063547,1296456,2120845,3141692,1192324376,640905168,153704112
0,295.003869952,3265908736,3265908736,6634524672,380,1992453896,175555328,403798144,2571807368,292.53519477910686,5760132,8388608,3584602,5166432,136,6665650,2296230,4369420,10093013,3427363,5260770,5410624,7022155,2970,38347554,37290456,2,8791446,10093013,1301567,2125796,3150390,1195636656,642679560,154137680
0,296.003846651,3274477568,3274477568,6634524672,380,1997648944,175817472,404962816,2578429232,292.49600743619334,5773012,8388608,3590265,5199200,136,6683582,2299638,4383944,10121821,3438239,5278968,5429335,7041448,2974,38478657,37417940,2,8815263,10121821,1306558,2131681,3158070,1198875768,644246280,154526896
0,297.003864435,3280957440,3280957440,6634524672,380,2003044508,176079616,406117504,2585241628,292.47137363170697,5785937,8388608,3596482,5231968,136,6703078,2303766,4399312,10150803,3447725,5297010,5447834,7061973,2985,38608626,37545311,2,8839298,10150803,1311505,2136220,3166421,1202144528,645949884,154950096
0,298.003873617,3289530368,3289530368,6634524672,380,2008368840,176341760,407249728,2591960328,292.44036054657397,5798818,8388608,3602782,5264736,136,6722487,2307959,4414528,10179717,3457230,5314701,5466005,7082510,2997,38735730,37670787,2,8863210,10179717,1316507,2140723,3174544,1205396560,647606976,155365304
0,299.003852983,3296006144,3296006144,6634524672,380,2013527580,176603904,408383488,2598514972,292.3599008963589,5812330,8388608,3610090,5297504,136,6740734,2312031,4428703,10209354,3468620,5332416,5484265,7102290,3004,38862126,37795031,2,8888069,10209354,1321285,2147335,3181459,1208777384,649017636,155732560
0,300.003878553,3304579072,3304579072,6634524672,380,2018529816,176866048,409526656,2604922520,292.2681083710769,5827803,8388608,3615700,5330272,136,6758917,2315764,4443153,10238557,3479640,5350278,5502588,7121916,3013,38988239,37919634,2,8912784,10238557,1325773,2153867,3187796,1212138624,650310384,156080808
0,301.003852334,3311054848,3311054848,6634524672,380,2023526100,177128192,410661696,2611315988,292.1862653938689,5840328,8388608,3622333,5363040,136,6777306,2320069,4457237,10268237,3490931,5368013,5520839,7141921,3022,39115854,38046078,2,8937162,10268237,1331075,2159856,3194295,1215454032,651636180,156435888
0,302.003858893,3317551104,3317551104,6634524672,380,2028606988,177390336,411790080,2617787404,292.06669970628064,5855422,8388608,3629674,5395808,136,6795424,2324463,4470961,10298279,3502855,5385644,5538996,7162007,3032,39244451,38169771,2,8962978,10298279,1335301,2167554,3200333,1218965008,652867932,156774048
0,303.003897032,3326140416,3326140416,6634524672,380,2033685908,177652480,412909440,2624247828,291.95046299927407,5870099,8388608,3637223,5428576,136,6814080,2328777,4485303,10328276,3514196,5403134,5557035,7182424,3040,39371679,38294557,2,8988675,10328276,1339601,2174595,3206413,1222459800,654108252,157117856
0,304.003893807,3332632576,3332632576,6634524672,380,2038849692,177652480,414057536,2630559708,291.80530012001407,5886238,8388608,3644311,5428576,136,6832860,2332536,4500324,10358193,3525333,5421073,5575457,7202958,3048,39501578,38418814,2,9014777,10358193,1343416,2181917,3212615,1226009672,655373460,157466560
0,305.003889502,3343327232,3343327232,6634524672,380,2044050140,178701056,415188800,2637939996,291.78353991480566,5902880,8388608,3651235,5559648,136,6852517,2337223,4515294,10388739,3536222,5438749,5593610,7224243,3057,39634119,38544209,2,9040743,10388739,1347996,2188226,3219021,1229541048,656680284,157828808
0,306.003849374,3349815296,3349815296,6634524672,380,2048942856,178963200,416205504,2644111560,291.64669971121134,5916604,8388608,3660721,5592416,136,6870035,2342381,4527654,10418507,3548472,5454635,5609980,7243921,3070,39753179,38663224,2,9066146,10418507,1352361,2196111,3224520,1232995856,657802080,158144920
0,307.00388668,3358416896,3358416896,6634524672,380,2054310820,179487488,417257024,2651055332,291.5411429537923,5933250,8388608,3670633,5657952,136,6889259,2347809,4541450,10448991,3559732,5471065,5626956,7264957,3080,39874117,38784007,2,9093246,10448991,1355745,2203987,3230997,1236681456,659123388,158505976
0,308.003860866,3364917248,3364917248,6634524672,380,2059714312,179749632,418337152,2657801096,291.4239290986421,5949520,8388608,3679694,5690720,136,6908853,2352685,4556168,10479301,3570448,5487942,5644377,7286320,3086,39998177,38904584,2,9120051,10479301,1359250,2211198,3237782,1240326936,660507528,158879848
0,309.00391166,3375620096,3375620096,6634524672,380,2065178044,179749632,419394688,2664322364,291.26700070862023,5966695,8388608,3689445,5690720,136,6928632,2358115,4570517,10509929,3581297,5504466,5661401,7307839,3098,40120213,39026213,2,9147354,10509929,1362575,2218722,3244529,1244040144,661883916,159253984
0,310.003897578,3382132736,3382132736,6634524672,380,2070812368,179749632,420522752,2671084752,291.1099046157602,5983966,8388608,3699140,5690720,136,6949105,2363114,4585991,10541415,3592310,5522092,5679505,7330092,3108,40250188,39151250,2,9175520,10541415,1365895,2226415,3251478,1247870720,663301512,159640136
0,311.003851508,3390738432,3390738432,6634524672,380,2076367640,179749632,421613440,2677730712,290.95496633362484,6001388,8388608,3708677,5690720,136,6969591,2368548,4601043,10572489,3602898,5539134,5696988,7352262,3116,40377096,39273751,2,9203248,10572489,1369241,2233657,3258344,1251641728,664702176,160023736
0,312.003856834,3397251072,3397251072,6634524672,380,2081894980,179749632,422713664,2684358276,290.79276014001687,6018380,8388608,3718467,5690720,136,6989815,2373629,4616186,10603625,3613810,5556325,5714678,7374216,3126,40503889,39396043,2,9231173,10603625,1372452,2241358,3264987,1255439528,666057348,160398104
0,313.00387909,3407958016,3407958016,6634524672,380,2087644580,179749632,423774080,2691168292,290.61658611766785,6037132,8388608,3729872,5690720,136,7009938,2379853,4630085,10635745,3625807,5572894,5731683,7396179,3135,40629268,39520338,2,9260202,10635745,1375543,2250264,3271939,1259387472,667475556,160781552
0,314.003868673,3414470656,3414470656,6634524672,380,2093195172,179749632,424805312,2697750116,290.4419924572829,6055447,8388608,3741098,5690720,136,7029658,2385873,4643785,10666794,3637136,5589007,5748196,7417667,3151,40751493,39643478,2,9288430,10666794,1378364,2258772,3278523,1263226480,668818692,161150000
0,315.003862591,3423080448,3423080448,6634524672,380,2098960868,180011776,425892992,2704865636,290.3123106369382,6073436,8388608,3751656,5723488,136,7050590,2391864,4658726,10698792,3648202,5606002,5765653,7440314,3163,40879089,39768696,2,9317089,10698792,1381703,2266499,3285729,1267124104,670288716,161548048
0,316.003886254,3431690240,3431690240,6634524672,380,2104721772,180011776,426965440,2711698988,290.154132389386,6091383,8388608,3762630,5723488,136,7071062,2397476,4673586,10730068,3659006,5622759,5782853,7462488,3174,41005311,39890375,2,9345719,10730068,1384349,2274657,3292947,1271017784,671761188,161942800
0,317.003868185,3440287744,3440287744,6634524672,380,2110461608,180273920,428022656,2718758184,290.01408213472763,6108913,8388608,3774149,5756256,136,7091494,2403300,4688194,10761516,3670022,5639278,5799817,7484605,3179,41130058,40013162,2,9374573,10761516,1386943,2283079,3299948,1274941928,673189392,162330288
0,318.006378459,3446792192,3446792192,6634524672,380,2116101244,180273920,429100416,2725475580,289.8692146882849,6121952,8388608,3785546,5756256,136,7112068,2409100,4702968,10793286,3681218,5656118,5817128,7506934,3184,41255031,40135596,2,9402432,10793286,1390854,2290364,3307093,1278730752,674646972,162723520
0,319.004078618,3453267968,3453267968,6634524672,380,2121403092,180273920,430204800,2731881812,289.7817200074082,6132433,8388608,3795018,5756256,136,7132771,2414995,4717776,10825714,3692943,5673374,5834823,7529474,3190,41382700,40260223,2,9427378,10825714,1398336,2294607,3314481,1282123408,676154124,163125560
0,320.003940992,3461840896,3461840896,6634524672,380,2126682820,180536064,431210688,2738429572,289.72115401807605,6145175,8388608,3805105,5789024,136,7152954,2421443,4731511,10856536,3703582,5689091,5850965,7551313,3199,41498799,40379759,2,9451949,10856536,1404587,2298995,3322009,1285465064,677689836,163527920
0,321.003875533,3470422016,3470422016,6634524672,380,2132114592,180536064,432239040,2744889696,289.63667823501294,6160313,8388608,3813742,5789024,136,7173399,2427892,4745507,10887630,3714231,5705159,5867471,7573267,3208,41617472,40500254,2,9477010,10887630,1410620,2303611,3329890,1288873360,679297560,163943672
0,322.003874363,3479015424,3479015424,6634524672,380,2137873468,180536064,433356736,2751766268,289.5321215931974,6177144,8388608,3823014,5789024,136,7194226,2433378,4760848,10919209,3724983,5722623,5885385,7595584,3220,41748043,40624969,2,9504183,10919209,1415026,2309957,3337927,1292568888,680937108,164367472
0,323.003885651,3487612928,3487612928,6634524672,380,2143808400,180536064,434504768,2758849232,289.43062370619856,6195378,8388608,3832484,5789024,136,7215224,2438567,4776657,10950300,3735076,5740561,5903739,7617952,3227,41883069,40750985,2,9531988,10950300,1418312,2316764,3346340,1296350368,682653360,164804672
0,324.003869879,3494096896,3494096896,6634524672,380,2149384904,180798208,435625088,2765808200,289.40054044014744,6208043,8388608,3840292,5821792,136,7235849,2444091,4791758,10981206,3745357,5758066,5921707,7639923,3232,42015601,40876163,2,9557025,10981206,1424181,2321176,3354842,1299755400,684387768,165241736
0,325.003869834,3504779264,3504779264,6634524672,380,2155050952,180798208,436763392,2772612552,289.3372366446675,6223570,8388608,3848263,5821792,136,7256249,2449337,4806912,11011801,3755552,5775852,5939938,7661579,3240,42144860,41001728,2,9582633,11011801,1429168,2326384,3363402,1303238088,686134008,165678856
0,326.003859876,3511267328,3511267328,6634524672,380,2160662484,180798208,437898112,2779358804,289.27608134071886,6239008,8388608,3856256,5821792,136,7276130,2454473,4821657,11041767,3765637,5793582,5958102,7682465,3246,42274702,41127521,2,9607980,11041767,1433787,2331850,3371899,1306685280,687867396,166109808
0,327.003888742,3519856640,3519856640,6634524672,380,2166419264,181060352,438990400,2786470016,289.22722263106704,6255773,8388608,3866067,5854560,136,7296015,2460761,4835254,11072120,3776105,5810649,5975618,7703331,3257,42398059,41253289,2,9634190,11072120,1437930,2338175,3380514,1310249840,689624856,166544568
0,328.003870186,3526340608,3526340608,6634524672,380,2171906968,181060352,440118016,2793085336,289.17420313613457,6270583,8388608,3874300,5854560,136,7315011,2465680,4849331,11101354,3786343,5828268,5993662,7723282,3268,42525780,41379437,2,9658833,11101354,1442521,2343822,3388922,1313601288,691340088,166965592
0,329.005779988,3534917632,3534917632,6634524672,380,2177397412,181322496,441271168,2799991076,289.1594774334577,6285173,8388608,3881585,5887328,136,7333996,2470206,4863790,11130610,3796614,5846286,6012133,7743188,3277,42657236,41506007,2,9683207,11130610,1447403,2349211,3397497,1316916152,693089388,167391872
0,330.003848173,3545595904,3545595904,6634524672,380,2182881848,181846784,442414848,2807143480,289.1717542979522,6300072,8388608,3888874,5952864,136,7352802,2474804,4877998,11159556,3806754,5864156,6030437,7762842,3283,42786522,41633635,2,9707530,11159556,1452026,2354728,3406082,1320224080,694840728,167817040
0,331.003851405,3552075776,3552075776,6634524672,380,2188396336,181846784,443594944,2813838064,289.1286670925412,6314815,8388608,3895852,5952864,136,7371612,2479076,4892536,11189169,3817557,5882595,6049345,7782696,3297,42920910,41763749,2,9732131,11189169,1457038,2360519,3414634,1323569816,696585336,168241184
0,332.003874874,3558547456,3558547456,6634524672,380,2193520800,181846784,444721152,2820088736,289.08563205559454,6327799,8388608,3902180,5952864,136,7389273,2482802,4906471,11217329,3828056,5900192,6067380,7801310,3305,43048430,41887551,2,9755202,11217329,1462127,2365929,3422454,1326707472,698180616,168632712
0,333.003932982,3567116288,3567116288,6634524672,380,2198741976,182108928,445828352,2826679256,289.0761364860082,6340967,8388608,3908441,5985632,136,7407469,2486674,4920795,11245331,3837862,5917492,6085146,7820479,3313,43174876,42012609,2,9778321,11245331,1467010,2370852,3430638,1329851656,699850152,169040168
0,334.00389848,3573592064,3573592064,6634524672,380,2204003256,182633216,446986624,2833623096,289.0857743025286,6354641,8388608,3914368,6051168,136,7425918,2490109,4935809,11274037,3848119,5935590,6103753,7840012,3321,43305994,42140769,2,9802015,11274037,1472022,2376097,3438652,1333074040,701485008,169444208
0,335.003848535,3580055552,3580055552,6634524672,380,2209052768,182633216,448140096,2839826080,289.0518549054035,6365689,8388608,3919836,6051168,136,7444053,2493464,4950589,11302430,3858377,5953613,6122257,7859303,3330,43435324,42268369,2,9824625,11302430,1477805,2380572,3446404,1336149000,703066416,169837352
0,336.003897662,3588632576,3588632576,6634524672,380,2214381108,182633216,449295296,2846309620,288.99842174883713,6379438,8388608,3926059,6051168,136,7462979,2497420,4965559,11331697,3868718,5971663,6140793,7879330,3344,43565314,42396059,2,9848876,11331697,1482821,2385897,3454365,1339447136,704690460,170243512
0,337.003863834,3595104256,3595104256,6634524672,380,2219453216,182633216,450443520,2852529952,288.93767287331696,6393016,8388608,3931528,6051168,136,7481138,2500984,4980154,11360455,3879317,5989604,6159236,7898812,3353,43691505,42520769,2,9872475,11360455,1487980,2391337,3461642,1342656600,706174968,170621648
0,338.003878119,3601551360,3601551360,7171395584,380,2223895084,182633216,451331200,2857859500,288.8734000119881,6404234,8388608,3938839,6051168,136,7497622,2505840,4991782,11385592,3887970,6003474,6173507,7916442,3362,43791956,42628674,2,9893121,11385592,1492471,2395499,3468007,1345464456,707473428,170957200
0,339.003909193,3605897216,3605897216,7171395584,380,2228190476,182633216,452302208,2863125900,288.8087932812088,6415538,8388608,3943527,6051168,136,7513529,2508673,5004856,11409937,3896408,6018646,6189083,7933484,3376,43902128,42733298,2,9913569,11409937,1496368,2400040,3473885,1348245384,708672540,171272552
0,340.003855848,3618668544,3618668544,7171395584,380,2233411004,182633216,453461760,2869505980,288.7355902927488,6428978,8388608,3949484,6051168,136,7532729,2512267,5020462,11439125,3906396,6036764,6207692,7953995,3391,44033999,42861134,2,9938179,11439125,1500946,2405450,3481173,1351592344,710159292,171659368
0,341.00390358,3625144320,3625144320,7171395584,380,2238540368,182633216,454603072,2875776656,288.6500872692314,6442768,8388608,3956062,6051168,136,7551672,2515893,5035779,11468351,3916679,6054597,6225955,7974403,3403,44162610,42985899,2,9962847,11468351,1505504,2411175,3488050,1354947192,711562200,172030976
0,342.003896348,3631624192,3631624192,7171395584,380,2243748268,182895360,455750784,2882394412,288.5730894059712,6458910,8388608,3962937,6083936,136,7570523,2519261,5051262,11497502,3926979,6072530,6244331,7994766,3417,44292130,43110419,2,9988438,11497502,1509064,2417915,3494731,1358427568,712925124,172395576
0,343.005453948,3638091776,3638091776,7171395584,380,2248701008,183157504,456764288,2888622800,288.5116806057279,6474127,8388608,3969305,6116704,136,7589329,2524210,5065119,11525806,3936477,6088366,6260594,8014954,3427,44411047,43230253,2,10012152,11525806,1513654,2422823,3501414,1361652672,714288456,172759880
0,344.0041323,3646656512,3646656512,7171395584,380,2253585888,183157504,457746816,2894490208,288.42537031820365,6486479,8388608,3977490,6116704,136,7607709,2529306,5078403,11553729,3946020,6103718,6276405,8034667,3436,44524457,43347916,2,10035491,11553729,1518238,2427782,3508040,1364826776,715640160,173118952
0,345.003870373,3653140480,3653140480,7171395584,380,2258971092,183157504,458867456,2900996052,288.3274008307935,6501219,8388608,3985408,6116704,136,7627462,2533536,5093926,11583688,3956226,6121228,6294417,8055931,3445,44652611,43472571,2,10061465,11583688,1522223,2434003,3515221,1368359240,717105084,173506768
0,346.003904008,3661725696,3661725696,7171395584,380,2264415472,184206080,459972608,2908594160,288.3253247210269,6516901,8388608,3993857,6247776,136,7647417,2538242,5109175,11613838,3966421,6138496,6312172,8077405,3456,44780030,43597090,2,10087890,11613838,1525948,2440473,3522386,1371953040,718566744,173895688
0,347.003911236,3668213760,3668213760,7171395584,380,2269891124,184206080,461084416,2915181620,288.2174667490433,6532846,8388608,4002482,6247776,136,7667366,2542753,5124613,11643905,3976539,6155868,6329995,8098857,3463,44908837,43720693,2,10114521,11643905,1529384,2447155,3529565,1375574856,720031260,174285008
0,348.003862857,3676798976,3676798976,7171395584,380,2275370024,184730368,462173952,2922274344,288.1639765340974,6548688,8388608,4011061,6313312,136,7687564,2547582,5139982,11673999,3986435,6172892,6347498,8120594,3470,45034171,43844077,2,10141012,11673999,1532987,2453448,3536830,1379177632,721513320,174679072
0,349.003873847,3687481344,3687481344,7171395584,380,2280865088,184992512,463273216,2929130816,288.0814373490689,6565166,8388608,4019660,6346080,136,7707927,2552546,5155381,11704425,3996498,6190068,6365129,8142447,3478,45161583,43968170,2,10167718,11704425,1536707,2459791,3544034,1382809648,722982936,175072504
0,350.003862719,3693973504,3693973504,7171395584,380,2286370524,184992512,464377472,2935740508,287.9658298734653,6581669,8388608,4028477,6346080,136,7728271,2557446,5170825,11734884,4006613,6207322,6382841,8164271,3486,45289449,44091295,2,10194753,11734884,1540131,2466482,3551093,1386486408,724422972,175461144
0,351.003849389,3702566912,3702566912,7171395584,380,2292030100,184992512,465472128,2942494740,287.84053185395265,6598884,8388608,4038435,6346080,136,7749026,2562881,5186145,11765995,4016969,6224426,6400404,8186610,3491,45415727,44214492,2,10222656,11765995,1543339,2473630,3558291,1390281216,725891364,175857520
0,352.003875839,3711160320,3711160320,7171395584,380,2297748608,185516800,466556800,2949822208,287.7737474234161,6616229,8388608,4048259,6411616,136,7769896,2568584,5201312,11797073,4027177,6241374,6417832,8209004,3495,45542030,44338555,2,10250491,11797073,1546582,2480595,3565774,1394066776,727417896,176263936
0,353.003882901,3717656576,3717656576,7171395584,380,2303331296,185516800,467608384,2956456480,287.6436322652856,6633637,8388608,4058731,6411616,136,7790197,2574336,5215861,11827741,4037544,6257805,6434698,8230903,3503,45666843,44461001,2,10278192,11827741,1549549,2487995,3572778,1397834112,728846712,176650472
0,354.00391222,3726249984,3726249984,7171395584,380,2309038512,185516800,468657408,2963212720,287.52331726274554,6650985,8388608,4069257,6411616,136,7811064,2580578,5230486,11858987,4047923,6274196,6451564,8253376,3512,45788206,44583416,2,10305991,11858987,1552996,2494927,3580234,1401614776,730367736,177056000
0,355.003908466,3734847488,3734847488,7171395584,380,2314628896,185516800,469755648,2969901344,287.36643369215335,6669701,8388608,4079980,6411616,136,7830436,2585701,5244735,11891002,4060566,6291356,6469220,8274741,3526,45916268,44706620,2,10334893,11891002,1556109,2504457,3586610,1405545448,731668440,177415008
0,356.003910332,3745542144,3745542144,7171395584,380,2320357728,185778944,470830784,2976967456,287.2456847787166,6687124,8388608,4091283,6444384,136,7850352,2591245,5259107,11922945,4072593,6308155,6486517,8296575,3533,46042057,44828644,2,10363837,11922945,1559108,2513485,3593530,1409481832,733080120,177795776
0,357.003857686,3754143744,3754143744,7171395584,380,2326209380,185778944,471912640,2983900964,287.11572234949665,6703638,8388608,4102528,6444384,136,7870662,2596764,5273898,11954628,4083966,6325059,6503953,8318756,3539,46168186,44952173,2,10392677,11954628,1561951,2522015,3601017,1413404072,734607468,178197840
0,358.003849426,3760635904,3760635904,7171395584,380,2331744980,185778944,472979904,2990503828,287.0197766498553,6714488,8388608,4113229,6444384,136,7890924,2602145,5288779,11985840,4094916,6341735,6521118,8340749,3550,46292762,45074370,2,10419156,11985840,1566684,2528232,3608527,1417005216,736139508,178600256
0,359.003859292,3767107584,3767107584,7171395584,380,2336945872,185778944,474037184,2996762000,286.9582395202849,6725213,8388608,4122137,6444384,136,7911025,2607653,5303372,12016756,4105731,6358255,6538086,8362486,3558,46415079,45195201,2,10443199,12016756,1573557,2532174,3616028,1420275064,737669712,179001096
0,360.003847949,3775684608,3775684608,7171395584,380,2342242100,185778944,475149248,3003170292,286.9049404942453,6736907,8388608,4129681,6444384,136,7931589,2612782,5318807,12047834,4116245,6375631,6555898,8384589,3569,46541107,45317282,2,10467475,12047834,1580359,2535886,3623783,1423576600,739251732,179413768
0,361.003871953,3782164480,3782164480,7171395584,380,2347672116,185778944,476229248,3009680308,286.83391667190045,6751605,8388608,4137921,6444384,136,7951879,2618155,5333724,12078648,4126769,6392506,6573250,8406428,3580,46666588,45439134,2,10492763,12078648,1585885,2540884,3631531,1427015768,740832324,179824024
0,362.003866845,3790753792,3790753792,7171395584,380,2353291232,185778944,477352832,3016423008,286.7567575172781,6767357,8388608,4146028,6444384,136,7972162,2622885,5349277,12109336,4137174,6410062,6591254,8428265,3590,46796321,45562788,2,10519100,12109336,1590236,2546938,3639476,1430597600,742453104,180240528
0,363.003849293,3797245952,3797245952,7171395584,380,2358956300,185778944,478466112,3023201356,286.6756708882845,6784749,8388608,4154313,6444384,136,7992375,2627698,5364677,12139391,4147016,6427457,6609058,8449816,3594,46928226,45686737,2,10545720,12139391,1593671,2553345,3647455,1434217920,744080820,180657560
0,364.003913564,3805822976,3805822976,7171395584,380,2364304480,186041088,479589632,3029935200,286.6472322624481,6796496,8388608,4161967,6477152,136,8012324,2632363,5379961,12169513,4157189,6445012,6627041,8471147,3607,47056544,45810598,2,10570258,12169513,1599255,2557934,3655300,1437555088,745681200,181068192
0,365.00385283,3814244352,3814244352,7196561408,380,2369725904,186565376,480673216,3036964496,286.64137384843053,6811007,8388608,4169713,6542688,136,8032200,2637613,5394587,12199336,4167136,6461943,6644439,8492284,3616,47180759,45935048,2,10594997,12199336,1604339,2562797,3663342,1440919592,747321768,181484544
0,366.749006252,3961044992,4096761856,7196561408,380,2374520788,186565376,481612672,3042698836,286.58025860894884,6824745,8388608,4177461,6542688,136,8049172,2642213,5406959,12225007,4175835,6476622,6659502,8510329,3623,47288927,46043438,2,10617266,12225007,1607741,2568094,3670251,1443948176,748731204,181841408
0,367.00397943,3963142144,4096761856,7196561408,380,2375849852,186565376,481808064,3044223292,286.5583665940377,6829269,8388608,4180423,6542688,136,8053730,2644234,5409496,12231691,4177961,6479675,6662670,8515111,3624,47311549,46071584,2,10623397,12231691,1608294,2569667,3672195,1444781992,749127780,181940080
0,368.003886028,3965280256,4096761856,7196708864,380,2376665092,186565376,481987392,3045217860,286.5560134582296,6830634,8388608,4181422,6542688,136,8056799,2644872,5411927,12236257,4179458,6482477,6665547,8518342,3628,47332081,46091775,2,10626955,12236257,1609302,2570156,3673495,1445265880,749392980,182006232
0,369.003929059,3961765888,4096761856,7196708864,380,2377139900,186565376,482090816,3045796092,286.55231642160066,6831743,8388608,4182049,6542688,136,8058570,2645257,5413313,12238896,4180326,6484093,6667198,8520186,3628,47343548,46102989,2,10629110,12238896,1609786,2570540,3674205,1445558960,749537820,182043120
