depth,f_value,g_value,expanded
0,137,0,1
1,137,1,1
2,137,1,21
3,137,1,234
4,137,1,1848
5,137,1,11620
6,137,1,61794
7,137,1,210438
7,137,2,90
8,137,1,205203
8,137,2,5230
9,137,1,114888
9,137,2,95464
10,137,1,300
10,137,2,209986
11,137,1,15
11,137,2,210189
12,137,2,210151
13,137,2,210088
13,137,3,5
14,137,2,209763
14,137,3,261
15,137,2,203684
15,137,3,6257
16,137,2,117717
16,137,3,92137
17,137,2,9737
17,137,3,200031
18,137,2,2230
18,137,3,207472
19,137,2,292
19,137,3,209342
20,137,2,25
20,137,3,209553
20,137,4,15
21,137,2,1
21,137,3,208860
21,137,4,683
22,137,3,194992
22,137,4,14491
23,137,3,26381
23,137,4,183003
24,137,3,21264
24,137,4,188047
25,137,3,12711
25,137,4,196552
26,137,3,6881
26,137,4,202314
27,137,3,464
27,137,4,208652
27,137,5,4
28,137,3,50
28,137,4,208752
28,137,5,274
29,137,3,3
29,137,4,202061
29,137,5,6989
30,137,4,102483
30,137,5,106507
31,137,4,33243
31,137,5,175710
32,137,4,27675
32,137,5,181201
33,137,4,19225
33,137,5,189603
34,137,4,8047
34,137,5,200732
34,137,6,1
35,137,4,893
35,137,5,207725
35,137,6,83
36,137,4,106
36,137,5,206235
36,137,6,2302
37,137,4,28
37,137,5,171231
37,137,6,37342
38,137,4,4
38,137,5,62601
38,137,6,145949
39,137,5,39009
39,137,6,169498
40,137,5,34236
40,137,6,174220
41,137,5,18991
41,137,6,189421
42,137,5,8794
42,137,6,199515
42,137,7,23
43,137,5,1187
43,137,6,206405
43,137,7,652
44,137,5,126
44,137,6,197255
44,137,7,10806
45,137,5,11
45,137,6,127956
45,137,7,80202
46,137,6,57656
46,137,7,150510
47,137,6,48816
47,137,7,159299
48,137,6,34746
48,137,7,173321
49,137,6,23073
49,137,7,184940
49,137,8,1
50,137,6,6889
50,137,7,200988
50,137,8,53
51,137,6,1602
51,137,7,205261
51,137,8,989
52,137,6,270
52,137,7,195380
52,137,8,12146
53,137,6,48
53,137,7,141363
53,137,8,66310
54,137,6,2
54,137,7,76138
54,137,8,131524
55,137,7,54682
55,137,8,152935
56,137,7,37078
56,137,8,170495
57,137,7,17731
57,137,8,189767
58,137,7,11453
58,137,8,195973
58,137,9,2
59,137,7,5089
59,137,8,202157
59,137,9,105
60,137,7,848
60,137,8,203741
60,137,9,2662
61,137,7,152
61,137,8,167594
61,137,9,39430
62,137,7,23
62,137,8,86429
62,137,9,120660
63,137,7,2
63,137,8,52714
63,137,9,154360
64,137,8,27137
64,137,9,179892
65,137,8,20552
65,137,9,186399
65,137,10,2
66,137,8,18007
66,137,9,188797
66,137,10,97
67,137,8,11030
67,137,9,193998
67,137,10,1807
68,137,8,2947
68,137,9,182116
68,137,10,21699
69,137,8,752
69,137,9,118356
69,137,10,87592
70,137,8,329
70,137,9,98310
70,137,10,107986
71,137,8,117
71,137,9,46970
71,137,10,159468
72,137,8,21
72,137,9,32715
72,137,10,173775
72,137,11,1
73,137,8,5
73,137,9,22039
73,137,10,184380
73,137,11,41
74,137,9,14420
74,137,10,191199
74,137,11,791
75,137,9,3553
75,137,10,192969
75,137,11,9806
76,137,9,1776
76,137,10,120067
76,137,11,84420
77,137,9,621
77,137,10,104142
77,137,11,101464
78,137,9,398
78,137,10,68411
78,137,11,137364
79,137,9,312
79,137,10,57800
79,137,11,147977
80,137,9,173
80,137,10,28923
80,137,11,176913
80,137,12,1
81,137,9,64
81,137,10,16775
81,137,11,189079
81,137,12,51
82,137,9,20
82,137,10,10421
82,137,11,194420
82,137,12,1057
83,137,9,3
83,137,10,4347
83,137,11,187339
83,137,12,14185
84,137,9,1
84,137,10,1790
84,137,11,136207
84,137,12,67835
85,137,10,1203
85,137,11,82353
85,137,12,122253
86,137,10,1016
86,137,11,67318
86,137,12,137412
87,137,10,852
87,137,11,37574
87,137,12,167255
88,137,10,496
88,137,11,24192
88,137,12,180866
89,137,10,155
89,137,11,19931
89,137,12,185406
89,137,13,24
90,137,10,33
90,137,11,4705
90,137,12,199950
90,137,13,786
91,137,10,8
91,137,11,1203
91,137,12,190880
91,137,13,13359
92,137,10,3
92,137,11,964
92,137,12,86259
92,137,13,118162
93,137,11,886
93,137,12,81926
93,137,13,122549
94,137,11,806
94,137,12,78245
94,137,13,126201
95,137,11,673
95,137,12,63211
95,137,13,141255
95,137,14,1
96,137,11,474
96,137,12,30465
96,137,13,174052
96,137,14,38
97,137,11,194
97,137,12,10321
97,137,13,193619
97,137,14,740
98,137,11,57
98,137,12,1639
98,137,13,193421
98,137,14,9705
99,137,11,11
99,137,12,1322
99,137,13,107580
99,137,14,95852
100,137,11,1
100,137,12,1133
100,137,13,92427
100,137,14,111146
101,137,12,971
101,137,13,90915
101,137,14,112768
102,137,12,890
102,137,13,88698
102,137,14,115016
103,137,12,751
103,137,13,71592
103,137,14,132173
103,137,15,12
104,137,12,573
104,137,13,10785
104,137,14,192631
104,137,15,463
105,137,12,305
105,137,13,5796
105,137,14,188946
105,137,15,9299
106,137,12,71
106,137,13,4251
106,137,14,108763
106,137,15,91134
107,137,12,13
107,137,13,1801
107,137,14,103990
107,137,15,98241
108,137,13,1140
108,137,14,100273
108,137,15,102343
109,137,13,792
109,137,14,97750
109,137,15,104851
110,137,13,602
110,137,14,86595
110,137,15,116035
110,137,16,3
111,137,13,482
111,137,14,17842
111,137,15,184740
111,137,16,88
112,137,13,389
112,137,14,16460
112,137,15,184910
112,137,16,1271
113,137,13,292
113,137,14,14598
113,137,15,173461
113,137,16,14598
114,137,13,148
114,137,14,9212
114,137,15,109231
114,137,16,84230
115,137,13,59
115,137,14,2932
115,137,15,107381
115,137,16,92371
116,137,13,25
116,137,14,604
116,137,15,101973
116,137,16,100028
116,137,17,1
117,137,13,3
117,137,14,366
117,137,15,35301
117,137,16,166872
117,137,17,33
118,137,13,1
118,137,14,263
118,137,15,29482
118,137,16,171867
118,137,17,884
119,137,14,192
119,137,15,19700
119,137,16,166429
119,137,17,16052
120,137,14,134
120,137,15,18138
120,137,16,113658
120,137,17,70348
121,137,14,79
121,137,15,15524
121,137,16,112239
121,137,17,74368
122,137,14,43
122,137,15,13839
122,137,16,111997
122,137,17,76247
123,137,14,19
123,137,15,11667
123,137,16,111795
123,137,17,78567
123,137,18,3
124,137,14,11
124,137,15,1603
124,137,16,105795
124,137,17,94474
124,137,18,104
125,137,14,3
125,137,15,484
125,137,16,43081
125,137,17,156578
125,137,18,1722
126,137,15,219
126,137,16,31040
126,137,17,150454
126,137,18,20065
127,137,15,119
127,137,16,22831
127,137,17,126326
127,137,18,52381
128,137,15,43
128,137,16,16154
128,137,17,116402
128,137,18,68933
129,137,15,14
129,137,16,13671
129,137,17,116643
129,137,18,71121
130,137,15,4
130,137,16,10720
130,137,17,118282
130,137,18,72395
131,137,16,8088
131,137,17,118297
131,137,18,74895
132,137,16,1820
132,137,17,106987
132,137,18,92392
133,137,16,643
133,137,17,46211
133,137,18,154224
133,137,19,18
134,137,16,290
134,137,17,38441
134,137,18,161679
134,137,19,601
135,137,16,98
135,137,17,27539
135,137,18,163418
135,137,19,9767
136,137,16,30
136,137,17,22994
136,137,18,119840
136,137,19,57762
137,137,16,4
137,137,17,19609
137,137,18,118016
137,137,19,62919
138,137,16,1
138,137,17,16999
138,137,18,118501
138,137,19,64964
139,137,17,9531
139,137,18,123149
139,137,19,67718
140,137,17,4128
140,137,18,108702
140,137,19,87495
141,137,17,1518
141,137,18,72334
141,137,19,126377
141,137,20,5
142,137,17,569
142,137,18,52977
142,137,19,146469
142,137,20,111
143,137,17,336
143,137,18,36806
143,137,19,160651
143,137,20,2262
144,137,17,171
144,137,18,23374
144,137,19,142498
144,137,20,33898
145,137,17,75
145,137,18,8471
145,137,19,131940
145,137,20,59315
146,137,17,19
146,137,18,6575
146,137,19,122354
146,137,20,70783
147,137,17,3
147,137,18,5897
147,137,19,95774
147,137,20,98008
148,137,17,2
148,137,18,4170
148,137,19,74880
148,137,20,120556
148,137,21,5
149,137,18,1878
149,137,19,65024
149,137,20,132486
149,137,21,136
150,137,18,1472
150,137,19,42501
150,137,20,153057
150,137,21,2442
151,137,18,1239
151,137,19,21166
151,137,20,146568
151,137,21,30430
152,137,18,768
152,137,19,10702
152,137,20,133810
152,137,21,54069
153,137,18,345
153,137,19,8351
153,137,20,125808
153,137,21,64764
154,137,18,68
154,137,19,7482
154,137,20,74347
154,137,21,117273
155,137,18,9
155,137,19,5909
155,137,20,70544
155,137,21,122597
155,137,22,1
156,137,18,1
156,137,19,4338
156,137,20,70626
156,137,21,123950
156,137,22,65
157,137,19,3711
157,137,20,64879
157,137,21,128752
157,137,22,1553
158,137,19,3512
158,137,20,29072
158,137,21,144590
158,137,22,21629
159,137,19,2562
159,137,20,21530
159,137,21,134243
159,137,22,40338
160,137,19,787
160,137,20,15908
160,137,21,134113
160,137,22,47796
161,137,19,223
161,137,20,8261
161,137,21,134964
161,137,22,55111
162,137,19,59
162,137,20,5694
162,137,21,102525
162,137,22,90211
162,137,23,4
163,137,19,20
163,137,20,4948
163,137,21,84931
163,137,22,108376
163,137,23,114
164,137,19,6
164,137,20,4681
164,137,21,73742
164,137,22,118101
164,137,23,1755
165,137,19,3
165,137,20,4063
165,137,21,38016
165,137,22,138807
165,137,23,17318
166,137,20,1840
166,137,21,31012
166,137,22,129671
166,137,23,35555
167,137,20,619
167,137,21,26844
167,137,22,127079
167,137,23,43468
168,137,20,302
168,137,21,9096
168,137,22,141738
168,137,23,46792
168,137,24,5
169,137,20,118
169,137,21,7927
169,137,22,141478
169,137,23,48166
169,137,24,135
170,137,20,43
170,137,21,7262
170,137,22,137912
170,137,23,50652
170,137,24,1909
171,137,20,6
171,137,21,6775
171,137,22,101549
171,137,23,77863
171,137,24,11517
172,137,21,5880
172,137,22,50387
172,137,23,124956
172,137,24,16455
173,137,21,2342
173,137,22,40501
173,137,23,124223
173,137,24,30542
174,137,21,900
174,137,22,30253
174,137,23,129603
174,137,24,36808
175,137,21,449
175,137,22,8074
175,137,23,147082
175,137,24,41825
175,137,25,2
176,137,21,196
176,137,22,7426
176,137,23,134043
176,137,24,55638
176,137,25,45
177,137,21,76
177,137,22,7151
177,137,23,75517
177,137,24,114075
177,137,25,478
178,137,21,20
178,137,22,5100
178,137,23,67210
178,137,24,120576
178,137,25,4318
179,137,21,7
179,137,22,2083
179,137,23,61836
179,137,24,113939
179,137,25,19331
180,137,22,1654
180,137,23,50826
180,137,24,115147
180,137,25,29499
181,137,22,1437
181,137,23,41553
181,137,24,112225
181,137,25,41787
182,137,22,1208
182,137,23,12185
182,137,24,101850
182,137,25,81700
183,137,22,857
183,137,23,10048
183,137,24,70313
183,137,25,115623
183,137,26,4
184,137,22,392
184,137,23,6896
184,137,24,70807
184,137,25,118576
184,137,26,90
185,137,22,71
185,137,23,2542
185,137,24,71931
185,137,25,121000
185,137,26,1116
186,137,22,10
186,137,23,2011
186,137,24,67861
186,137,25,117528
186,137,26,9203
187,137,23,1829
187,137,24,62092
187,137,25,117148
187,137,26,15460
188,137,23,1652
188,137,24,47947
188,137,25,105212
188,137,26,41657
189,137,23,1370
189,137,24,26181
189,137,25,89141
189,137,26,79721
190,137,23,1059
190,137,24,5536
190,137,25,93157
190,137,26,96576
190,138,24,1
191,137,23,707
191,137,24,2702
191,137,25,78692
191,137,26,114104
191,138,24,2
192,137,23,309
192,137,24,2417
192,137,25,74098
192,137,26,119301
192,137,27,2
192,138,24,10
193,137,23,88
193,137,24,2240
193,137,25,70322
193,137,26,123301
193,137,27,73
193,138,24,15
194,137,23,13
194,137,24,1940
194,137,25,38722
194,137,26,153860
194,137,27,1413
194,138,24,19
195,137,23,3
195,137,24,1752
195,137,25,27892
195,137,26,147265
195,137,27,18948
195,138,24,14
196,137,24,1495
196,137,25,17995
196,137,26,101518
196,137,27,74695
196,138,24,14
197,137,24,1105
197,137,25,9809
197,137,26,82856
197,137,27,101833
197,138,24,18
198,137,24,668
198,137,25,4869
198,137,26,76937
198,137,27,113016
198,138,24,15
198,138,25,1
199,137,24,246
199,137,25,3895
199,137,26,72092
199,137,27,119169
199,138,24,12
199,138,25,3
200,137,24,84
200,137,25,3285
200,137,26,41270
200,137,27,150678
200,137,28,1
200,138,24,18
200,138,25,9
201,137,24,28
201,137,25,2820
201,137,26,33150
201,137,27,159197
201,137,28,28
201,138,24,20
201,138,25,8
202,137,24,11
202,137,25,2521
202,137,26,29970
202,137,27,162104
202,137,28,521
202,138,24,5
202,138,25,15
203,137,25,2048
203,137,26,16120
203,137,27,169255
203,137,28,7647
203,138,25,21
204,137,25,1163
204,137,26,10272
204,137,27,130927
204,137,28,52611
204,138,25,25
205,137,25,485
205,137,26,6725
205,137,27,112214
205,137,28,75399
205,138,25,29
206,137,25,233
206,137,26,4509
206,137,27,85190
206,137,28,104799
206,138,25,21
206,138,26,2
207,137,25,110
207,137,26,3986
207,137,27,50196
207,137,28,140364
207,138,25,16
207,138,26,6
208,137,25,44
208,137,26,3819
208,137,27,44888
208,137,28,145774
208,138,25,7
208,138,26,18
209,137,25,12
209,137,26,3564
209,137,27,39982
209,137,28,150845
209,137,29,1
209,138,25,3
209,138,26,32
210,137,26,2550
210,137,27,28118
210,137,28,163583
210,137,29,34
210,138,26,34
211,137,26,810
211,137,27,17860
211,137,28,174930
211,137,29,627
211,138,26,32
212,137,26,270
212,137,27,9977
212,137,28,175111
212,137,29,8758
212,138,26,26
213,137,26,92
213,137,27,5651
213,137,28,135923
213,137,29,52383
213,138,26,23
214,137,26,47
214,137,27,5092
214,137,28,113428
214,137,29,75400
214,138,26,20
214,138,27,2
215,137,26,15
215,137,27,4767
215,137,28,61975
215,137,29,127072
215,138,26,15
215,138,27,1
216,137,26,4
216,137,27,4287
216,137,28,55786
216,137,29,133635
216,138,26,4
216,138,27,3
217,137,26,1
217,137,27,3268
217,137,28,54801
217,137,29,135539
217,138,27,4
218,137,27,1585
218,137,28,43480
218,137,29,148448
218,137,30,2
218,138,27,3
219,137,27,379
219,137,28,10017
219,137,29,182894
219,137,30,81
219,138,27,3
220,137,27,96
220,137,28,7662
220,137,29,183856
220,137,30,1631
220,138,27,4
221,137,27,46
221,137,28,6586
221,137,29,164786
221,137,30,21742
221,138,27,3
222,137,27,13
222,137,28,5943
222,137,29,121535
222,137,30,65610
222,138,28,1
223,137,27,5
223,137,28,5492
223,137,29,81212
223,137,30,106311
224,137,27,1
224,137,28,4895
224,137,29,66173
224,137,30,121889
225,137,28,2942
225,137,29,61717
225,137,30,128233
226,137,28,837
226,137,29,31596
226,137,30,160373
226,137,31,3
226,138,29,1
227,137,28,370
227,137,29,10895
227,137,30,181345
227,137,31,70
228,137,28,137
228,137,29,8240
228,137,30,182810
228,137,31,1344
229,137,28,29
229,137,29,7542
229,137,30,166392
229,137,31,18378
229,138,29,1
230,137,28,4
230,137,29,7257
230,137,30,132820
230,137,31,52156
231,137,28,1
231,137,29,7062
231,137,30,120609
231,137,31,64460
232,137,29,6536
232,137,30,96394
232,137,31,89141
233,137,29,3570
233,137,30,70974
233,137,31,117432
234,137,29,1446
234,137,30,40338
234,137,31,150102
235,137,29,625
235,137,30,10824
235,137,31,180352
235,137,32,2
235,138,30,1
236,137,29,221
236,137,30,8272
236,137,31,183138
236,137,32,59
236,138,30,4
237,137,29,78
237,137,30,7864
237,137,31,182672
237,137,32,981
237,138,30,3
238,137,29,21
238,137,30,7542
238,137,31,172257
238,137,32,11680
238,138,30,7
239,137,29,3
239,137,30,7077
239,137,31,140949
239,137,32,43370
239,138,30,9
240,137,30,4811
240,137,31,122541
240,137,32,63901
240,138,30,7
241,137,30,2844
241,137,31,90855
241,137,32,97413
241,138,30,4
242,137,30,1819
242,137,31,42496
242,137,32,146679
242,138,30,2
243,137,30,1030
243,137,31,25562
243,137,32,164289
243,138,30,1
244,137,30,544
244,137,31,10051
244,137,32,180175
244,137,33,1
244,138,30,2
244,138,31,5
245,137,30,197
245,137,31,9431
245,137,32,180958
245,137,33,42
245,138,31,19
246,137,30,57
246,137,31,8951
246,137,32,181017
246,137,33,529
246,138,31,27
247,137,30,11
247,137,31,7534
247,137,32,178147
247,137,33,4833
247,138,31,37
248,137,31,5044
248,137,32,161550
248,137,33,23907
248,138,31,30
249,137,31,3477
249,137,32,121774
249,137,33,65180
249,138,31,27
250,137,31,2414
250,137,32,49274
250,137,33,138694
250,138,31,25
251,137,31,1547
251,137,32,22856
251,137,33,165896
251,138,31,24
251,138,32,3
252,137,31,1155
252,137,32,11303
252,137,33,177749
252,138,31,19
252,138,32,5
253,137,31,738
253,137,32,10872
253,137,33,178468
253,137,34,2
253,138,31,9
253,138,32,19
254,137,31,327
254,137,32,9770
254,137,33,179804
254,137,34,48
254,138,32,58
255,137,31,118
255,137,32,6585
255,137,33,182206
255,137,34,936
255,138,32,113
256,137,31,14
256,137,32,4945
256,137,33,172305
256,137,34,12520
256,138,32,134
257,137,31,3
257,137,32,3479
257,137,33,79944
257,137,34,106304
257,138,32,77
257,138,33,3
258,137,32,2709
258,137,33,44614
258,137,34,142300
258,138,32,46
258,138,33,3
259,137,32,1803
259,137,33,36840
259,137,34,150860
259,138,32,26
259,138,33,6
260,137,32,1122
260,137,33,24973
260,137,34,163351
260,138,32,18
260,138,33,11
261,137,32,847
261,137,33,15115
261,137,34,173407
261,137,35,14
261,138,32,26
261,138,33,14
262,137,32,696
262,137,33,9674
262,137,34,178505
262,137,35,429
262,138,32,10
262,138,33,29
263,137,32,515
263,137,33,4487
263,137,34,177201
263,137,35,6914
263,138,32,5
263,138,33,50
264,137,32,290
264,137,33,3596
264,137,34,108262
264,137,35,76786
264,138,32,1
264,138,33,102
265,137,32,49
265,137,33,3119
265,137,34,78400
265,137,35,107247
265,138,33,157
266,137,32,1
266,137,33,1996
266,137,34,61231
266,137,35,125543
266,138,33,131
267,137,33,1257
267,137,34,37477
267,137,35,149987
267,138,33,122
267,138,34,1
268,137,33,1098
268,137,34,13065
268,137,35,174448
268,138,33,123
268,138,34,3
269,137,33,1016
269,137,34,8991
269,137,35,178489
269,137,36,4
269,138,33,106
269,138,34,6
270,137,33,921
270,137,34,5078
270,137,35,182267
270,137,36,127
270,138,33,94
270,138,34,17
271,137,33,752
271,137,34,4338
271,137,35,181165
271,137,36,2013
271,138,33,76
271,138,34,52
272,137,33,432
272,137,34,4323
272,137,35,161012
272,137,36,22350
272,138,33,36
272,138,34,122
273,137,33,138
273,137,34,4406
273,137,35,92569
273,137,36,90883
273,138,33,12
273,138,34,214
274,137,33,33
274,137,34,4183
274,137,35,60123
274,137,36,123605
274,138,34,220
275,137,33,6
275,137,34,3253
275,137,35,31668
275,137,36,152985
275,138,34,204
275,138,35,1
276,137,33,1
276,137,34,2360
276,137,35,25287
276,137,36,160215
276,138,34,201
276,138,35,4
277,137,34,1995
277,137,35,18499
277,137,36,167272
277,137,37,2
277,138,34,193
277,138,35,9
278,137,34,1510
278,137,35,9836
278,137,36,176214
278,137,37,71
278,138,34,176
278,138,35,40
279,137,34,1075
279,137,35,7736
279,137,36,177363
279,137,37,1260
279,138,34,154
279,138,35,141
280,137,34,652
280,137,35,6669
280,137,36,164860
280,137,37,15044
280,138,34,60
280,138,35,332
281,137,34,278
281,137,35,5603
281,137,36,115159
281,137,37,66014
281,138,34,9
281,138,35,513
282,137,34,77
282,137,35,4673
282,137,36,92404
282,137,37,89844
282,138,34,1
282,138,35,526
283,137,34,10
283,137,35,4439
283,137,36,57288
283,137,37,125266
283,137,38,3
283,138,35,466
284,137,34,3
284,137,35,4291
284,137,36,41356
284,137,37,141218
284,137,38,104
284,138,35,430
284,138,36,5
285,137,35,4130
285,137,36,14407
285,137,37,166609
285,137,38,1769
285,138,35,368
285,138,36,17
286,137,35,3871
286,137,36,6159
286,137,37,156698
286,137,38,20096
286,138,35,329
286,138,36,75
287,137,35,3278
287,137,36,5900
287,137,37,125634
287,137,38,51877
287,138,35,235
287,138,36,205
288,137,35,2157
288,137,36,5915
288,137,37,124040
288,137,38,54405
288,138,35,93
288,138,36,407
289,137,35,974
289,137,36,5173
289,137,37,119665
289,137,38,60487
289,138,35,4
289,138,36,611
290,137,35,356
290,137,36,4510
290,137,37,80770
290,137,38,100444
290,138,35,1
290,138,36,831
291,137,35,42
291,137,36,4510
291,137,37,33232
291,137,38,148169
291,137,39,2
291,138,36,901
291,138,37,3
292,137,36,4533
292,137,37,9590
292,137,38,171766
292,137,39,67
292,138,36,816
292,138,37,11
293,137,36,4572
293,137,37,7658
293,137,38,172641
293,137,39,1064
293,138,36,713
293,138,37,45
294,137,36,4543
294,137,37,6307
294,137,38,163947
294,137,39,11089
294,138,36,583
294,138,37,149
295,137,36,4353
295,137,37,4447
295,137,38,149555
295,137,39,27397
295,138,36,361
295,138,37,371
296,137,36,3408
296,137,37,3577
296,137,38,132657
296,137,39,45961
296,138,36,120
296,138,37,669
297,137,36,1643
297,137,37,4350
297,137,38,96038
297,137,39,83268
297,138,36,9
297,138,37,999
298,137,36,502
298,137,37,4556
298,137,38,80024
298,137,39,99779
298,138,36,1
298,138,37,1392
299,137,36,96
299,137,37,4423
299,137,38,28522
299,137,39,151660
299,138,37,1485
299,138,38,3
300,137,36,16
300,137,37,4397
300,137,38,17650
300,137,39,162763
300,138,37,1285
300,138,38,28
301,137,37,4417
301,137,38,11620
301,137,39,168871
301,137,40,6
301,138,37,1053
301,138,38,133
302,137,37,4396
302,137,38,6408
302,137,39,173986
302,137,40,112
302,138,37,713
302,138,38,405
303,137,37,4256
303,137,38,4904
303,137,39,174487
303,137,40,1221
303,138,37,324
303,138,38,747
304,137,37,3830
304,137,38,4445
304,137,39,166020
304,137,40,10419
304,138,37,117
304,138,38,962
305,137,37,3123
305,137,38,4226
305,137,39,126196
305,137,40,50989
305,138,37,35
305,138,38,1143
306,137,37,2323
306,137,38,4073
306,137,39,76690
306,137,40,101228
306,138,37,2
306,138,38,1334
306,138,39,1
307,137,37,1146
307,137,38,4291
307,137,39,24021
307,137,40,154546
307,138,38,1574
307,138,39,11
308,137,37,344
308,137,38,4557
308,137,39,19498
308,137,40,159351
308,138,38,1707
308,138,39,95
309,137,37,53
309,137,38,4710
309,137,39,14215
309,137,40,164676
309,137,41,3
309,138,38,1414
309,138,39,387
310,137,37,6
310,137,38,4684
310,137,39,8588
310,137,40,170368
310,137,41,81
310,138,38,809
310,138,39,846
311,137,38,4370
311,137,39,7306
311,137,40,170860
311,137,41,1220
311,138,38,363
311,138,39,1149
312,137,38,3907
312,137,39,5313
312,137,40,160786
312,137,41,13711
312,138,38,143
312,138,39,1299
313,137,38,3167
313,137,39,4543
313,137,40,56734
313,137,41,119150
313,138,38,48
313,138,39,1452
314,137,38,2218
314,137,39,4870
314,137,40,32618
314,137,41,143671
314,138,38,5
314,138,39,1659
314,138,40,11
315,137,38,1348
315,137,39,5097
315,137,40,23529
315,137,41,153027
315,138,39,1839
315,138,40,165
316,137,38,537
316,137,39,5210
316,137,40,19392
316,137,41,157410
316,138,39,1135
316,138,40,1267
317,137,38,70
317,137,39,5121
317,137,40,15805
317,137,41,161330
317,137,42,18
317,138,39,499
317,138,40,2002
318,137,38,5
318,137,39,4514
318,137,40,14374
318,137,41,163075
318,137,42,515
318,138,39,286
318,138,40,1991
319,137,39,3773
319,137,40,13191
319,137,41,158148
319,137,42,7465
319,138,39,122
319,138,40,1908
320,137,39,3307
320,137,40,8785
320,137,41,97124
320,137,42,73366
320,138,39,30
320,138,40,1859
320,138,41,6
321,137,39,2965
321,137,40,7051
321,137,41,35122
321,137,42,137324
321,138,39,7
321,138,40,1857
321,138,41,91
322,137,39,2629
322,137,40,5829
322,137,41,34829
322,137,42,138905
322,138,40,1481
322,138,41,617
323,137,39,2037
323,137,40,5541
323,137,41,31622
323,137,42,142541
323,138,40,637
323,138,41,1800
324,137,39,932
324,137,40,5736
324,137,41,23077
324,137,42,151431
324,138,40,373
324,138,41,2583
325,137,39,141
325,137,40,5480
325,137,41,21216
325,137,42,154064
325,138,40,230
325,138,41,2964
326,137,39,7
326,137,40,4748
326,137,41,19233
326,137,42,156933
326,137,43,19
326,138,40,155
326,138,41,2888
326,138,42,1
327,137,40,4155
327,137,41,16718
327,137,42,159522
327,137,43,507
327,138,40,100
327,138,41,2825
327,138,42,21
328,137,40,3731
328,137,41,8609
328,137,42,161410
328,137,43,7044
328,138,40,28
328,138,41,2644
328,138,42,246
329,137,40,3246
329,137,41,7752
329,137,42,102240
329,137,43,67356
329,138,40,1
329,138,41,1595
329,138,42,1433
330,137,40,2712
330,137,41,7406
330,137,42,41356
330,137,43,128875
330,138,41,792
330,138,42,2427
331,137,40,1651
331,137,41,7483
331,137,42,38977
331,137,43,131866
331,138,41,408
331,138,42,3114
332,137,40,412
332,137,41,7688
332,137,42,31689
332,137,43,139870
332,138,41,254
332,138,42,3506
332,138,43,1
333,137,40,42
333,137,41,6627
333,137,42,25462
333,137,43,147392
333,137,44,2
333,138,41,211
333,138,42,3581
333,138,43,12
334,137,40,1
334,137,41,5397
334,137,42,19467
334,137,43,154597
334,137,44,79
334,138,41,158
334,138,42,3478
334,138,43,66
335,137,41,4764
335,137,42,9809
335,137,43,163434
335,137,44,1456
335,138,41,88
335,138,42,3244
335,138,43,333
336,137,41,4204
336,137,42,7591
336,137,43,150385
336,137,44,17233
336,138,41,40
336,138,42,2202
336,138,43,1425
337,137,41,3179
337,137,42,8008
337,137,43,70708
337,137,44,97410
337,138,41,17
337,138,42,850
337,138,43,2821
338,137,41,1506
338,137,42,9332
338,137,43,69126
338,137,44,99134
338,138,41,4
338,138,42,541
338,138,43,3242
339,137,41,821
339,137,42,9562
339,137,43,64031
339,137,44,104454
339,138,42,431
339,138,43,3532
340,137,41,297
340,137,42,8479
340,137,43,45520
340,137,44,124187
340,138,42,325
340,138,43,3912
341,137,41,47
341,137,42,5297
341,137,43,22298
341,137,44,150636
341,137,45,1
341,138,42,216
341,138,43,4129
341,138,44,16
342,137,41,1
342,137,42,4338
342,137,43,13217
342,137,44,160609
342,137,45,36
342,138,42,121
342,138,43,3922
342,138,44,319
343,137,42,3820
343,137,43,10708
343,137,44,163000
343,137,45,618
343,138,42,54
343,138,43,1914
343,138,44,2377
344,137,42,2831
344,137,43,10005
344,137,44,158077
344,137,45,7137
344,138,42,16
344,138,43,807
344,138,44,3512
345,137,42,1539
345,137,43,10395
345,137,44,107324
345,137,45,58700
345,138,42,11
345,138,43,538
345,138,44,3822
346,137,42,939
346,137,43,10005
346,137,44,85165
346,137,45,81620
346,138,42,1
346,138,43,427
346,138,44,4055
347,137,42,657
347,137,43,7425
347,137,44,81100
347,137,45,88278
347,138,43,317
347,138,44,4338
347,138,45,2
348,137,42,456
348,137,43,5316
348,137,44,62642
348,137,45,108776
348,138,43,218
348,138,44,4560
348,138,45,57
349,137,42,260
349,137,43,4165
349,137,44,39934
349,137,45,132553
349,138,43,146
349,138,44,4025
349,138,45,840
350,137,42,81
350,137,43,3451
350,137,44,28911
350,137,45,144250
350,138,43,60
350,138,44,1556
350,138,45,3561
351,137,42,7
351,137,43,2101
351,137,44,20574
351,137,45,153887
351,137,46,3
351,138,43,16
351,138,44,788
351,138,45,4463
352,137,43,1172
352,137,44,15746
352,137,45,159540
352,137,46,52
352,138,43,14
352,138,44,444
352,138,45,4811
353,137,43,1016
353,137,44,13016
353,137,45,161691
353,137,46,715
353,138,43,10
353,138,44,333
353,138,45,4926
354,137,43,945
354,137,44,12224
354,137,45,156316
354,137,46,6851
354,138,43,7
354,138,44,251
354,138,45,5048
355,137,43,804
355,137,44,11256
355,137,45,115949
355,137,46,48135
355,138,43,6
355,138,44,163
355,138,45,5213
355,138,46,4
356,137,43,626
356,137,44,8564
356,137,45,80865
356,137,46,85857
356,138,43,4
356,138,44,114
356,138,45,5304
356,138,46,84
357,137,43,341
357,137,44,5309
357,137,45,37246
357,137,46,132683
357,138,44,49
357,138,45,4527
357,138,46,1115
358,137,43,140
358,137,44,2363
358,137,45,29083
358,137,46,143779
358,138,44,41
358,138,45,1410
358,138,46,4388
359,137,43,36
359,137,44,1450
359,137,45,21724
359,137,46,151971
359,138,44,40
359,138,45,543
359,138,46,5364
360,137,43,7
360,137,44,1219
360,137,45,16416
360,137,46,157463
360,137,47,1
360,138,44,12
360,138,45,351
360,138,46,5583
361,137,44,1140
361,137,45,14419
361,137,46,159360
361,137,47,48
361,138,44,1
361,138,45,247
361,138,46,5726
362,137,44,1084
362,137,45,12147
362,137,46,160720
362,137,47,915
362,138,45,182
362,138,46,5818
362,138,47,1
363,137,44,979
363,137,45,10400
363,137,46,152343
363,137,47,10920
363,138,45,145
363,138,46,5948
363,138,47,14
364,137,44,877
364,137,45,6620
364,137,46,83707
364,137,47,83212
364,138,45,127
364,138,46,5868
364,138,47,188
365,137,44,649
365,137,45,3420
365,137,46,51398
365,137,47,118757
365,138,45,78
365,138,46,4425
365,138,47,1801
366,137,44,400
366,137,45,1972
366,137,46,30724
366,137,47,140892
366,138,45,58
366,138,46,1877
366,138,47,4522
367,137,44,143
367,137,45,1520
367,137,46,28982
367,137,47,143123
367,138,45,20
367,138,46,1084
367,138,47,5489
368,137,44,26
368,137,45,1323
368,137,46,27460
368,137,47,144778
368,138,45,4
368,138,46,495
368,138,47,6205
369,137,44,2
369,137,45,1110
369,137,46,23915
369,137,47,148334
369,137,48,3
369,138,45,2
369,138,46,261
369,138,47,6591
370,137,45,927
370,137,46,18136
370,137,47,154010
370,137,48,97
370,138,45,1
370,138,46,178
370,138,47,6836
370,138,48,2
371,137,45,870
371,137,46,11684
371,137,47,158853
371,137,48,1682
371,138,46,118
371,138,47,6866
371,138,48,42
372,137,45,875
372,137,46,7183
372,137,47,144522
372,137,48,20497
372,138,46,89
372,138,47,6473
372,138,48,416
373,137,45,753
373,137,46,4131
373,137,47,60528
373,137,48,107563
373,138,46,48
373,138,47,4473
373,138,48,2499
374,137,45,448
374,137,46,3082
374,137,47,45385
374,137,48,123870
374,138,46,25
374,138,47,2453
374,138,48,4678
375,137,45,156
375,137,46,2442
375,137,47,42733
375,137,48,127254
375,138,46,8
375,138,47,1073
375,138,48,6197
376,137,45,44
376,137,46,2116
376,137,47,34369
376,137,48,135896
376,138,47,579
376,138,48,6760
377,137,45,14
377,137,46,1915
377,137,47,30758
377,137,48,139581
377,137,49,4
377,138,47,372
377,138,48,7050
378,137,45,1
378,137,46,1690
378,137,47,27188
378,137,48,143045
378,137,49,158
378,138,47,240
378,138,48,7304
378,138,49,6
379,137,46,1261
379,137,47,12896
379,137,48,154171
379,137,49,3581
379,138,47,162
379,138,48,7314
379,138,49,158
380,137,46,821
380,137,47,9169
380,137,48,106908
380,137,49,54861
380,138,47,84
380,138,48,5504
380,138,49,2104
381,137,46,586
381,137,47,4434
381,137,48,48310
381,137,49,118343
381,138,47,40
381,138,48,1373
381,138,49,6282
382,137,46,417
382,137,47,3362
382,137,48,47937
382,137,49,119846
382,138,47,13
382,138,48,814
382,138,49,6892
383,137,46,308
383,137,47,3106
383,137,48,42909
383,137,49,125121
383,138,47,8
383,138,48,584
383,138,49,7171
384,137,46,216
384,137,47,2973
384,137,48,36097
384,137,49,131921
384,138,47,2
384,138,48,471
384,138,49,7429
385,137,46,142
385,137,47,2688
385,137,48,33729
385,137,49,134316
385,137,50,18
385,138,48,377
385,138,49,7789
386,137,46,41
386,137,47,2060
386,137,48,31489
386,137,49,136370
386,137,50,595
386,138,48,281
386,138,49,8137
386,138,50,7
387,137,46,10
387,137,47,976
387,137,48,28693
387,137,49,130828
387,137,50,9852
387,138,48,213
387,138,49,8182
387,138,50,166
388,137,47,446
388,137,48,24070
388,137,49,40313
388,137,50,105369
388,138,48,145
388,138,49,6578
388,138,50,1933
389,137,47,228
389,137,48,7678
389,137,49,50081
389,137,50,112097
389,138,48,72
389,138,49,2121
389,138,50,6511
390,137,47,146
390,137,48,4904
390,137,49,50211
390,137,50,114751
390,138,48,27
390,138,49,807
390,138,50,7841
391,137,47,54
391,137,48,4215
391,137,49,43508
391,137,50,122100
391,138,48,7
391,138,49,587
391,138,50,8115
392,137,47,23
392,137,48,3907
392,137,49,39451
392,137,50,126336
392,138,48,1
392,138,49,430
392,138,50,8300
393,137,47,14
393,137,48,3672
393,137,49,38273
393,137,50,127565
393,138,49,298
393,138,50,8505
394,137,47,7
394,137,48,3312
394,137,49,36715
394,137,50,129231
394,137,51,29
394,138,49,194
394,138,50,8766
394,138,51,1
395,137,47,4
395,137,48,2692
395,137,49,34669
395,137,50,130878
395,137,51,740
395,138,49,105
395,138,50,9003
395,138,51,52
396,137,47,3
396,137,48,1535
396,137,49,25600
396,137,50,130423
396,137,51,10944
396,138,49,70
396,138,50,8434
396,138,51,1015
397,137,48,414
397,137,49,9037
397,137,50,67745
397,137,51,90902
397,138,49,49
397,138,50,3566
397,138,51,6237
398,137,48,50
398,137,49,6848
398,137,50,57312
398,137,51,103915
398,138,49,27
398,138,50,1474
398,138,51,8256
399,137,48,3
399,137,49,5447
399,137,50,54459
399,137,51,108311
399,138,49,9
399,138,50,718
399,138,51,8843
400,137,49,4806
400,137,50,50373
400,137,51,113023
400,138,49,5
400,138,50,470
400,138,51,9032
401,137,49,4439
401,137,50,47568
401,137,51,116041
401,138,50,337
401,138,51,9260
402,137,49,4165
402,137,50,43386
402,137,51,120319
402,138,50,216
402,138,51,9487
402,138,52,4
403,137,49,3599
403,137,50,35365
403,137,51,128633
403,137,52,1
403,138,50,138
403,138,51,9671
403,138,52,68
404,137,49,2017
404,137,50,22651
404,137,51,142650
404,137,52,47
404,138,50,84
404,138,51,9367
404,138,52,581
405,137,49,805
405,137,50,21287
405,137,51,144182
405,137,52,919
405,138,50,45
405,138,51,6983
405,138,52,3063
406,137,49,354
406,137,50,12462
406,137,51,143013
406,137,52,11217
406,138,50,30
406,138,51,4298
406,138,52,5835
407,137,49,153
407,137,50,7402
407,137,51,73916
407,137,52,85484
407,138,50,21
407,138,51,2320
407,138,52,7844
408,137,49,48
408,137,50,6224
408,137,51,63486
408,137,52,97082
408,138,50,23
408,138,51,1112
408,138,52,9058
409,137,49,6
409,137,50,5681
409,137,51,49600
409,137,52,111466
409,138,50,14
409,138,51,534
409,138,52,9632
410,137,50,5126
410,137,51,42269
410,137,52,119136
410,138,51,312
410,138,52,9952
411,137,50,4190
411,137,51,34655
411,137,52,127494
411,138,51,144
411,138,52,10196
411,138,53,5
412,137,50,2736
412,137,51,29684
412,137,52,133697
412,138,51,71
412,138,52,10335
412,138,53,41
413,137,50,1685
413,137,51,27562
413,137,52,136634
413,137,53,7
413,138,51,56
413,138,52,10296
413,138,53,289
414,137,50,894
414,137,51,25307
414,137,52,139198
414,137,53,199
414,138,51,35
414,138,52,8952
414,138,53,1877
415,137,50,373
415,137,51,17154
415,137,52,145159
415,137,53,2718
415,138,51,31
415,138,52,5151
415,138,53,5809
416,137,50,101
416,137,51,10680
416,137,52,128011
416,137,53,26472
416,138,51,27
416,138,52,3416
416,138,53,7592
417,137,50,14
417,137,51,7553
417,137,52,77984
417,137,53,79577
417,138,51,17
417,138,52,1666
417,138,53,9338
418,137,50,1
418,137,51,4195
418,137,52,67016
418,137,53,93775
418,138,51,18
418,138,52,488
418,138,53,10477
419,137,51,3298
419,137,52,64016
419,137,53,97549
419,138,51,15
419,138,52,117
419,138,53,10868
420,137,51,2895
420,137,52,59997
420,137,53,101792
420,138,51,6
420,138,52,35
420,138,53,11082
420,138,54,7
421,137,51,2441
421,137,52,43296
421,137,53,118624
421,137,54,2
421,138,51,5
421,138,52,13
421,138,53,11249
421,138,54,95
422,137,51,1809
422,137,52,31754
422,137,53,130319
422,137,54,43
422,138,51,3
422,138,52,10
422,138,53,10767
422,138,54,927
423,137,51,936
423,137,52,28124
423,137,53,133688
423,137,54,657
423,138,52,8
423,138,53,7843
423,138,54,4315
424,137,51,318
424,137,52,20197
424,137,53,135164
424,137,54,7480
424,138,52,10
424,138,53,5004
424,138,54,7321
425,137,51,65
425,137,52,9107
425,137,53,91184
425,137,54,62713
425,138,52,10
425,138,53,3068
425,138,54,9266
426,137,51,9
426,137,52,5340
426,137,53,76367
426,137,54,81369
426,138,52,7
426,138,53,1389
426,138,54,10811
427,137,52,4575
427,137,53,69699
427,137,54,88790
427,138,53,366
427,138,54,11736
428,137,52,4011
428,137,53,63964
428,137,54,95007
428,138,53,62
428,138,54,12010
428,138,55,7
429,137,52,3565
429,137,53,62644
429,137,54,96572
429,138,53,19
429,138,54,12083
429,138,55,139
430,137,52,3138
430,137,53,58468
430,137,54,100820
430,137,55,2
430,138,53,13
430,138,54,11065
430,138,55,1421
431,137,52,2378
431,137,53,40690
431,137,54,118837
431,137,55,64
431,138,53,10
431,138,54,7863
431,138,55,5013
432,137,52,1245
432,137,53,35145
432,137,54,124106
432,137,55,1007
432,138,53,21
432,138,54,6430
432,138,55,6801
433,137,52,344
433,137,53,25380
433,137,54,125682
433,137,55,9816
433,138,53,17
433,138,54,5531
433,138,55,7885
434,137,52,30
434,137,53,7993
434,137,54,117981
434,137,55,35207
434,138,53,16
434,138,54,3766
434,138,55,9584
435,137,52,1
435,137,53,5449
435,137,54,81932
435,137,55,73833
435,138,53,12
435,138,54,1410
435,138,55,11846
435,138,56,1
436,137,53,4328
436,137,54,81497
436,137,55,75233
436,138,53,9
436,138,54,545
436,138,55,12689
436,138,56,15
437,137,53,3884
437,137,54,81163
437,137,55,75844
437,137,56,1
437,138,53,3
437,138,54,203
437,138,55,12961
437,138,56,155
438,137,53,3455
438,137,54,80007
438,137,55,77234
438,137,56,29
438,138,54,62
438,138,55,12275
438,138,56,1076
439,137,53,2756
439,137,54,77547
439,137,55,79829
439,137,56,356
439,138,54,21
439,138,55,10174
439,138,56,3371
440,137,53,1596
440,137,54,72519
440,137,55,83319
440,137,56,2709
440,138,54,17
440,138,55,9298
440,138,56,4550
441,137,53,761
441,137,54,45687
441,137,55,101109
441,137,56,12272
441,138,54,16
441,138,55,7812
441,138,56,6295
442,137,53,271
442,137,54,16662
442,137,55,122438
442,137,56,20149
442,138,54,21
442,138,55,3244
442,138,56,11087
443,137,53,47
443,137,54,7650
443,137,55,108626
443,137,56,43064
443,138,54,19
443,138,55,1765
443,138,56,12593
443,138,57,3
444,137,53,3
444,137,54,5726
444,137,55,100429
444,137,56,53230
444,138,54,28
444,138,55,857
444,138,56,13356
444,138,57,33
445,137,53,1
445,137,54,4897
445,137,55,93644
445,137,56,60826
445,138,54,30
445,138,55,317
445,138,56,13612
445,138,57,199
446,137,54,4385
446,137,55,91408
446,137,56,63587
446,138,54,25
446,138,55,71
446,138,56,13131
446,138,57,827
447,137,54,3925
447,137,55,88166
447,137,56,67206
447,138,54,14
447,138,55,46
447,138,56,11874
447,138,57,2118
448,137,54,3416
448,137,55,83408
448,137,56,72343
448,138,54,2
448,138,55,39
448,138,56,11072
448,138,57,2979
449,137,54,2777
449,137,55,55126
449,137,56,101110
449,137,57,1
449,138,55,37
449,138,56,9456
449,138,57,4679
450,137,54,2023
450,137,55,21602
450,137,56,135149
450,137,57,46
450,138,55,49
450,138,56,4307
450,138,57,9925
451,137,54,1372
451,137,55,13257
451,137,56,143394
451,137,57,620
451,138,55,51
451,138,56,2305
451,138,57,12009
452,137,54,740
452,137,55,8960
452,137,56,142300
452,137,57,6378
452,138,55,46
452,138,56,1440
452,138,57,13029
453,137,54,212
453,137,55,6838
453,137,56,117430
453,137,57,33619
453,138,55,42
453,138,56,648
453,138,57,13958
454,137,54,50
454,137,55,5828
454,137,56,101815
454,137,57,50376
454,138,55,41
454,138,56,216
454,138,57,14291
454,138,58,4
455,137,54,12
455,137,55,5237
455,137,56,100007
455,137,57,52714
455,138,55,11
455,138,56,62
455,138,57,14376
455,138,58,65
456,137,55,4669
456,137,56,97990
456,137,57,55183
456,138,55,3
456,138,56,45
456,138,57,13866
456,138,58,641
457,137,55,3487
457,137,56,77893
457,137,57,76309
457,137,58,1
457,138,56,39
457,138,57,10325
457,138,58,4258
458,137,55,2324
458,137,56,35320
458,137,57,119863
458,137,58,10
458,138,56,37
458,138,57,6303
458,138,58,8303
459,137,55,1569
459,137,56,17317
459,137,57,138335
459,137,58,82
459,138,56,27
459,138,57,3104
459,138,58,11599
460,137,55,981
460,137,56,12220
460,137,57,143236
460,137,58,673
460,138,56,25
460,138,57,1279
460,138,58,13506
461,137,55,582
461,137,56,9776
461,137,57,142299
461,137,58,4366
461,138,56,31
461,138,57,721
461,138,58,14039
462,137,55,287
462,137,56,7814
462,137,57,132520
462,137,58,16258
462,138,56,19
462,138,57,448
462,138,58,14341
463,137,55,72
463,137,56,6709
463,137,57,121733
463,137,58,28114
463,138,56,16
463,138,57,326
463,138,58,14583
463,138,59,4
464,137,55,35
464,137,56,4764
464,137,57,108661
464,137,58,42932
464,138,56,8
464,138,57,174
464,138,58,14793
464,138,59,59
465,137,55,12
465,137,56,2386
465,137,57,64987
465,137,58,88676
465,138,56,1
465,138,57,95
465,138,58,14510
465,138,59,659
466,137,55,4
466,137,56,1051
466,137,57,52397
466,137,58,102229
466,138,57,72
466,138,58,10541
466,138,59,4963
467,137,55,1
467,137,56,447
467,137,57,30724
467,137,58,124355
467,137,59,1
467,138,57,79
467,138,58,4669
467,138,59,10906
468,137,56,458
468,137,57,17580
468,137,58,137555
468,137,59,28
468,138,57,94
468,138,58,1683
468,138,59,13703
469,137,56,542
469,137,57,13637
469,137,58,141120
469,137,59,373
469,138,57,128
469,138,58,925
469,138,59,14299
470,137,56,523
470,137,57,11589
470,137,58,140056
470,137,59,3455
470,138,57,121
470,138,58,602
470,138,59,14601
470,138,60,1
471,137,56,370
471,137,57,7193
471,137,58,124556
471,137,59,23281
471,138,57,110
471,138,58,374
471,138,59,14939
471,138,60,20
472,137,56,206
472,137,57,5330
472,137,58,106114
472,137,59,43475
472,138,57,111
472,138,58,267
472,138,59,15039
472,138,60,202
473,137,56,87
473,137,57,4002
473,137,58,76853
473,137,59,73928
473,138,57,54
473,138,58,259
473,138,59,14115
473,138,60,1360
474,137,56,15
474,137,57,2653
474,137,58,49020
474,137,59,103026
474,138,57,6
474,138,58,245
474,138,59,11587
474,138,60,4034
475,137,56,1
475,137,57,1684
475,137,58,29660
475,137,59,123350
475,138,57,4
475,138,58,251
475,138,59,6523
475,138,60,9038
476,137,57,1057
476,137,58,28470
476,137,59,124966
476,137,60,1
476,138,58,265
476,138,59,2549
476,138,60,13085
476,138,61,1
477,137,57,731
477,137,58,25364
477,137,59,128217
477,137,60,8
477,138,58,237
477,138,59,1414
477,138,60,14321
477,138,61,6
478,137,57,659
478,137,58,19686
478,137,59,133804
478,137,60,145
478,138,58,190
478,138,59,846
478,138,60,14808
478,138,61,29
479,137,57,647
479,137,58,14641
479,137,59,136620
479,137,60,2275
479,138,58,132
479,138,59,551
479,138,60,14918
479,138,61,232
480,137,57,536
480,137,58,11249
480,137,59,116432
480,137,60,25712
480,138,58,65
480,138,59,389
480,138,60,14022
480,138,61,1512
481,137,57,393
481,137,58,8108
481,137,59,25934
481,137,60,119074
481,138,58,22
481,138,59,310
481,138,60,11639
481,138,61,4330
482,137,57,280
482,137,58,4300
482,137,59,28308
482,137,60,120051
482,138,58,17
482,138,59,282
482,138,60,8711
482,138,61,7782
483,137,57,69
483,137,58,1669
483,137,59,30246
483,137,60,120451
483,138,58,2
483,138,59,292
483,138,60,5221
483,138,61,11674
484,137,57,4
484,137,58,952
484,137,59,29897
484,137,60,121673
484,137,61,1
484,138,59,274
484,138,60,2898
484,138,61,13834
485,137,58,812
485,137,59,23138
485,137,60,128655
485,137,61,44
485,138,59,221
485,138,60,1987
485,138,61,14570
486,137,58,814
486,137,59,17154
486,137,60,133760
486,137,61,932
486,138,59,154
486,138,60,1367
486,138,61,15135
486,138,62,2
487,137,58,807
487,137,59,15553
487,137,60,123700
487,137,61,12505
487,138,59,93
487,138,60,892
487,138,61,15607
487,138,62,22
488,137,58,756
488,137,59,13817
488,137,60,35366
488,137,61,102391
488,138,59,44
488,138,60,637
488,138,61,15916
488,138,62,152
489,137,58,638
489,137,59,9586
489,137,60,29502
489,137,61,112252
489,138,59,11
489,138,60,517
489,138,61,15591
489,138,62,922
490,137,58,462
490,137,59,4761
490,137,60,32936
490,137,61,113373
490,138,59,2
490,138,60,408
490,138,61,12763
490,138,62,4248
491,137,58,225
491,137,59,2574
491,137,60,34100
491,137,61,114203
491,138,60,269
491,138,61,8108
491,138,62,9373
492,137,58,50
492,137,59,1781
492,137,60,31420
492,137,61,117719
492,137,62,3
492,138,60,172
492,138,61,5996
492,138,62,11598
493,137,58,4
493,137,59,1516
493,137,60,19224
493,137,61,130216
493,137,62,77
493,138,60,128
493,138,61,4006
493,138,62,13480
494,137,59,1364
494,137,60,17609
494,137,61,130939
494,137,62,1089
494,138,60,86
494,138,61,2384
494,138,62,15078
495,137,59,1217
495,137,60,17255
495,137,61,120730
495,137,62,11660
495,138,60,54
495,138,61,1500
495,138,62,16031
496,137,59,1092
496,137,60,16983
496,137,61,37271
496,137,62,95352
496,138,60,23
496,138,61,1014
496,138,62,16566
496,138,63,1
497,137,59,998
497,137,60,15796
497,137,61,25872
497,137,62,107887
497,138,60,5
497,138,61,596
497,138,62,16991
497,138,63,12
498,137,59,819
498,137,60,9598
498,137,61,31170
498,137,62,108827
498,138,60,1
498,138,61,363
498,138,62,17168
498,138,63,144
499,137,59,504
499,137,60,5041
499,137,61,35393
499,137,62,109298
499,138,61,267
499,138,62,16132
499,138,63,1364
500,137,59,268
500,137,60,3796
500,137,61,35487
500,137,62,110521
500,137,63,2
500,138,61,218
500,138,62,10497
500,138,63,7122
501,137,59,157
501,137,60,3233
501,137,61,30116
501,137,62,116270
501,137,63,55
501,138,61,156
501,138,62,6222
501,138,63,11600
502,137,59,88
502,137,60,2825
502,137,61,22116
502,137,62,123403
502,137,63,1089
502,138,61,75
502,138,62,3408
502,138,63,14711
503,137,59,50
503,137,60,2543
503,137,61,19428
503,137,62,113563
503,137,63,13608
503,138,61,21
503,138,62,2633
503,138,63,15737
504,137,59,23
504,137,60,2104
504,137,61,17482
504,137,62,38437
504,137,63,90932
504,138,61,3
504,138,62,1800
504,138,63,16736
505,137,59,3
505,137,60,1179
505,137,61,13107
505,137,62,35636
505,137,63,99045
505,138,61,1
505,138,62,1053
505,138,63,17415
506,137,60,757
506,137,61,7942
506,137,62,39473
506,137,63,100786
506,138,62,654
506,138,63,17714
506,138,64,4
507,137,60,581
507,137,61,6525
507,137,62,39791
507,137,63,101959
507,137,64,1
507,138,62,430
507,138,63,17853
507,138,64,73
508,137,60,468
508,137,61,5687
508,137,62,39698
508,137,63,102787
508,137,64,33
508,138,62,252
508,138,63,17488
508,138,64,677
509,137,60,322
509,137,61,5018
509,137,62,39562
509,137,63,102966
509,137,64,508
509,138,62,127
509,138,63,13921
509,138,64,4534
510,137,60,157
510,137,61,4358
510,137,62,38431
510,137,63,99706
510,137,64,5330
510,138,62,84
510,138,63,9721
510,138,64,9083
511,137,60,65
511,137,61,3532
511,137,62,32704
511,137,63,68423
511,137,64,42868
511,138,62,28
511,138,63,5234
511,138,64,13938
512,137,60,8
512,137,61,2067
512,137,62,25887
512,137,63,28953
512,137,64,90367
512,138,62,10
512,138,63,1965
512,138,64,17444
513,137,61,1077
513,137,62,17187
513,137,63,35946
513,137,64,92999
513,138,62,6
513,138,63,999
513,138,64,18402
514,137,61,619
514,137,62,11070
514,137,63,40089
514,137,64,95388
514,138,62,4
514,138,63,653
514,138,64,18692
514,138,65,1
515,137,61,448
515,137,62,9406
515,137,63,39541
515,137,64,97600
515,137,65,1
515,138,62,2
515,138,63,544
515,138,64,18851
515,138,65,17
516,137,61,327
516,137,62,8366
516,137,63,39106
516,137,64,98951
516,137,65,26
516,138,63,352
516,138,64,18782
516,138,65,368
517,137,61,135
517,137,62,7388
517,137,63,39329
517,137,64,99353
517,137,65,360
517,138,63,163
517,138,64,13569
517,138,65,5847
518,137,61,35
518,137,62,5695
518,137,63,40367
518,137,64,96984
518,137,65,3351
518,138,63,55
518,138,64,4479
518,138,65,15082
519,137,61,2
519,137,62,3110
519,137,63,40251
519,137,64,79028
519,137,65,23906
519,138,63,15
519,138,64,2075
519,138,65,17579
520,137,62,1579
520,137,63,29304
520,137,64,47333
520,137,65,67970
520,138,63,3
520,138,64,1284
520,138,65,18414
521,137,62,828
521,137,63,24317
521,137,64,41133
521,137,65,79760
521,138,63,1
521,138,64,926
521,138,65,18851
521,138,66,1
522,137,62,373
522,137,63,19162
522,137,64,36410
522,137,65,89864
522,138,64,719
522,138,65,19202
522,138,66,16
523,137,62,162
523,137,63,15000
523,137,64,36870
523,137,65,93453
523,138,64,569
523,138,65,19343
523,138,66,266
524,137,62,87
524,137,63,10259
524,137,64,39756
524,137,65,94973
524,138,64,391
524,138,65,16315
524,138,66,3726
525,137,62,22
525,137,63,6037
525,137,64,43008
525,137,65,95704
525,138,64,181
525,138,65,5887
525,138,66,14514
526,137,63,4430
526,137,64,43367
526,137,65,96831
526,137,66,3
526,138,64,61
526,138,65,2207
526,138,66,18369
527,137,63,2784
527,137,64,38828
527,137,65,102765
527,137,66,80
527,138,64,11
527,138,65,1512
527,138,66,19185
528,137,63,1711
528,137,64,31327
528,137,65,110231
528,137,66,1023
528,138,65,1000
528,138,66,19781
529,137,63,1144
529,137,64,30112
529,137,65,103233
529,137,66,9611
529,138,65,749
529,138,66,20149
529,138,67,2
530,137,63,790
530,137,64,26877
530,137,65,45605
530,137,66,70479
530,138,65,554
530,138,66,20547
530,138,67,52
531,137,63,453
531,137,64,13024
531,137,65,42236
531,137,66,87641
531,138,65,370
531,138,66,20307
531,138,67,787
532,137,63,212
532,137,64,8043
532,137,65,44904
532,137,66,89936
532,138,65,192
532,138,66,14458
532,138,67,6968
533,137,63,28
533,137,64,6387
533,137,65,45666
533,137,66,90921
533,138,65,91
533,138,66,4464
533,138,67,17058
534,137,63,1
534,137,64,5244
534,137,65,45949
534,137,66,91902
534,137,67,2
534,138,65,35
534,138,66,2152
534,138,67,19238
535,137,64,4013
535,137,65,44132
535,137,66,94955
535,137,67,58
535,138,65,8
535,138,66,1387
535,138,67,19890
536,137,64,3441
536,137,65,37065
536,137,66,101748
536,137,67,832
536,138,65,3
536,138,66,846
536,138,67,20433
537,137,64,2860
537,137,65,34907
537,137,66,97247
537,137,67,7884
537,138,65,1
537,138,66,484
537,138,67,20896
537,138,68,7
538,137,64,2112
538,137,65,33419
538,137,66,60992
538,137,67,46040
538,138,66,310
538,138,67,21162
538,138,68,175
539,137,64,1048
539,137,65,26167
539,137,66,57189
539,137,67,57565
539,138,66,147
539,138,67,19162
539,138,68,2846
540,137,64,219
540,137,65,16866
540,137,66,50771
540,137,67,73626
540,138,66,59
540,138,67,8726
540,138,68,13709
541,137,64,20
541,137,65,9133
541,137,66,50582
541,137,67,81719
541,138,66,31
541,138,67,3721
541,138,68,18697
542,137,65,6354
542,137,66,50830
542,137,67,84362
542,137,68,1
542,138,66,12
542,138,67,2215
542,138,68,20025
543,137,65,5153
543,137,66,49959
543,137,67,86389
543,137,68,22
543,138,66,3
543,138,67,1664
543,138,68,20512
544,137,65,4367
544,137,66,45812
544,137,67,91018
544,137,68,253
544,138,67,1124
544,138,68,21022
545,137,65,3387
545,137,66,42065
545,137,67,93918
545,137,68,2010
545,138,67,715
545,138,68,21429
545,138,69,12
546,137,65,2121
546,137,66,40263
546,137,67,86530
546,137,68,12239
546,138,67,411
546,138,68,21619
546,138,69,291
547,137,65,1108
547,137,66,35025
547,137,67,71843
547,137,68,32785
547,138,67,227
547,138,68,18703
547,138,69,3697
548,137,65,352
548,137,66,19104
548,137,67,85457
548,137,68,35512
548,138,67,106
548,138,68,10040
548,138,69,12717
549,137,65,48
549,137,66,12334
549,137,67,84488
549,137,68,43344
549,138,67,57
549,138,68,4122
549,138,69,18795
550,137,65,1
550,137,66,10126
550,137,67,63297
550,137,68,66732
550,138,67,25
550,138,68,2970
550,138,69,19949
551,137,66,7524
551,137,67,51826
551,137,68,80718
551,138,67,16
551,138,68,2232
551,138,69,20698
552,137,66,5770
552,137,67,47728
552,137,68,86462
552,137,69,13
552,138,67,4
552,138,68,1691
552,138,69,21246
552,138,70,3
553,137,66,4068
553,137,67,46023
553,137,68,89550
553,137,69,233
553,138,67,2
553,138,68,1024
553,138,69,21825
553,138,70,99
554,137,66,2767
554,137,67,38598
554,137,68,96047
554,137,69,2231
554,138,68,478
554,138,69,21004
554,138,70,1630
555,137,66,1859
555,137,67,27424
555,137,68,95398
555,137,69,14581
555,138,68,242
555,138,69,10500
555,138,70,12666
556,137,66,861
556,137,67,22820
556,137,68,91097
556,137,69,23888
556,138,68,117
556,138,69,3766
556,138,70,20028
557,137,66,215
557,137,67,17185
557,137,68,95364
557,137,69,25546
557,138,68,49
557,138,69,2666
557,138,70,21424
558,137,66,9
558,137,67,9875
558,137,68,99772
558,137,69,28742
558,138,68,9
558,138,69,2260
558,138,70,21690
559,137,67,6760
559,137,68,84705
559,137,69,47088
559,138,68,4
559,138,69,2056
559,138,70,21667
560,137,67,5005
560,137,68,57381
560,137,69,76232
560,137,70,1
560,138,69,1754
560,138,70,21773
560,138,71,8
561,137,67,3983
561,137,68,48712
561,137,69,85823
561,137,70,18
561,138,69,1097
561,138,70,22160
561,138,71,232
562,137,67,3115
562,137,68,34566
562,137,69,100445
562,137,70,117
562,138,69,515
562,138,70,19152
562,138,71,3996
563,137,67,2288
563,137,68,27228
563,137,69,107617
563,137,70,613
563,138,69,290
563,138,70,4948
563,138,71,18813
564,137,67,1440
564,137,68,19661
564,137,69,113673
564,137,70,2423
564,138,69,197
564,138,70,3105
564,138,71,21248
565,137,67,679
565,137,68,15781
565,137,69,112608
565,137,70,7734
565,138,69,177
565,138,70,2498
565,138,71,22222
566,137,67,114
566,137,68,13899
566,137,69,109962
566,137,70,12784
566,138,69,133
566,138,70,2289
566,138,71,22438
567,137,67,9
567,137,68,9210
567,137,69,107870
567,137,70,19784
567,138,69,39
567,138,70,1964
567,138,71,22615
568,137,68,5319
568,137,69,79554
568,137,70,51951
568,138,69,1
568,138,70,1427
568,138,71,23167
568,138,72,2
569,137,68,4121
569,137,69,47815
569,137,70,84711
569,137,71,1
569,138,70,1022
569,138,71,23628
569,138,72,66
570,137,68,3238
570,137,69,37445
570,137,70,95592
570,137,71,4
570,138,70,809
570,138,71,23079
570,138,72,1120
571,137,68,2285
571,137,69,27937
571,137,70,105550
571,137,71,12
571,138,70,625
571,138,71,14766
571,138,72,10047
572,137,68,1311
572,137,69,23556
572,137,70,110330
572,137,71,24
572,138,70,482
572,138,71,6471
572,138,72,18959
573,137,68,408
573,137,69,18876
573,137,70,115397
573,137,71,53
573,138,70,349
573,138,71,5104
573,138,72,20848
574,137,68,48
574,137,69,9734
574,137,70,124529
574,137,71,440
574,138,70,272
574,138,71,4090
574,138,72,21819
575,137,68,2
575,137,69,6062
575,137,70,125107
575,137,71,3773
575,138,70,181
575,138,71,2946
575,138,72,22774
575,138,73,1
576,137,69,4898
576,137,70,103991
576,137,71,26167
576,138,70,61
576,138,71,1877
576,138,72,23695
576,138,73,37
577,137,69,4012
577,137,70,56928
577,137,71,74026
577,138,70,4
577,138,71,1356
577,138,72,23727
577,138,73,609
578,137,69,3298
578,137,70,34263
578,137,71,97081
578,137,72,1
578,138,70,1
578,138,71,1019
578,138,72,18097
578,138,73,6839
579,137,69,2506
579,137,70,30792
579,137,71,100798
579,137,72,27
579,138,71,777
579,138,72,11921
579,138,73,13696
580,137,69,1449
580,137,70,25836
580,137,71,105926
580,137,72,242
580,138,71,639
580,138,72,8762
580,138,73,17583
581,137,69,522
581,137,70,15652
581,137,71,115528
581,137,72,1361
581,138,71,524
581,138,72,7005
581,138,73,19733
582,137,69,79
582,137,70,11721
582,137,71,114986
582,137,72,6209
582,138,71,435
582,138,72,5976
582,138,73,20796
583,137,69,6
583,137,70,8041
583,137,71,108932
583,137,72,16064
583,138,71,258
583,138,72,5053
583,138,73,21640
584,137,70,6159
584,137,71,98035
584,137,72,28835
584,138,71,112
584,138,72,3482
584,138,73,23231
584,138,74,7
585,137,70,4459
585,137,71,69263
585,137,72,59142
585,138,71,31
585,138,72,1616
585,138,73,25036
585,138,74,189
586,137,70,3153
586,137,71,46593
586,137,72,82756
586,137,73,1
586,138,71,8
586,138,72,1058
586,138,73,24083
586,138,74,1994
587,137,70,1962
587,137,71,28462
587,137,72,101474
587,137,73,24
587,138,71,2
587,138,72,783
587,138,73,19033
587,138,74,7821
588,137,70,876
588,137,71,20792
588,137,72,109453
588,137,73,202
588,138,72,633
588,138,73,15918
588,138,74,11593
589,137,70,232
589,137,71,16791
589,137,72,112894
589,137,73,1150
589,138,72,527
589,138,73,10697
589,138,74,17084
590,137,70,38
590,137,71,13879
590,137,72,112252
590,137,73,4918
590,138,72,421
590,138,73,8743
590,138,74,19026
591,137,70,1
591,137,71,9200
591,137,72,110125
591,137,73,11809
591,138,72,280
591,138,73,7556
591,138,74,20178
592,137,70,1
592,137,71,5339
592,137,72,111086
592,137,73,14734
592,138,72,166
592,138,73,4156
592,138,74,23529
593,137,71,3959
593,137,72,102755
593,137,73,24370
593,138,72,82
593,138,73,2093
593,138,74,25646
594,137,71,2983
594,137,72,65714
594,137,73,62157
594,138,72,16
594,138,73,1138
594,138,74,26859
594,138,75,3
595,137,71,2028
595,137,72,29531
595,137,73,98785
595,138,73,866
595,138,74,27550
595,138,75,82
596,137,71,1016
596,137,72,24882
596,137,73,103738
596,137,74,1
596,138,73,724
596,138,74,27275
596,138,75,1153
597,137,71,300
597,137,72,20454
597,137,73,108408
597,137,74,5
597,138,73,588
597,138,74,21854
597,138,75,7075
598,137,71,57
598,137,72,9965
598,137,73,119071
598,137,74,51
598,138,73,463
598,138,74,12793
598,138,75,16161
599,137,71,4
599,137,72,7408
599,137,73,121403
599,137,74,387
599,138,73,387
599,138,74,8946
599,138,75,19902
600,137,72,5585
600,137,73,120860
600,137,74,2708
600,138,73,268
600,138,74,7128
600,138,75,21757
601,137,72,4285
601,137,73,103671
601,137,74,21082
601,138,73,135
601,138,74,4172
601,138,75,24814
601,138,76,2
602,137,72,3602
602,137,73,46794
602,137,74,78445
602,138,73,47
602,138,74,2403
602,138,75,26658
602,138,76,69
603,137,72,2855
603,137,73,39904
603,137,74,85742
603,138,73,11
603,138,74,1560
603,138,75,27026
603,138,76,830
604,137,72,1959
604,137,73,35689
604,137,74,90366
604,138,73,4
604,138,74,1173
604,138,75,21929
604,138,76,6742
605,137,72,1130
605,137,73,20733
605,137,74,105645
605,138,74,840
605,138,75,15236
605,138,76,14182
606,137,72,371
606,137,73,13205
606,137,74,113496
606,137,75,6
606,138,74,628
606,138,75,11343
606,138,76,18590
607,137,72,48
607,137,73,8948
607,137,74,117828
607,137,75,188
607,138,74,491
607,138,75,9565
607,138,76,20444
608,137,72,5
608,137,73,6306
608,137,74,117468
608,137,75,3242
608,138,74,325
608,138,75,8920
608,138,76,21084
609,137,73,4772
609,137,74,84194
609,137,75,37920
609,138,74,192
609,138,75,7252
609,138,76,22875
610,137,73,3701
610,137,74,42646
610,137,75,80312
610,138,74,96
610,138,75,4310
610,138,76,25998
610,138,77,4
611,137,73,2950
611,137,74,35550
611,137,75,87901
611,138,74,43
611,138,75,2794
611,138,76,27602
611,138,77,108
612,137,73,2278
612,137,74,18548
612,137,75,105194
612,138,74,16
612,138,75,1840
612,138,76,27057
612,138,77,1920
613,137,73,1535
613,137,74,12907
613,137,75,111090
613,138,74,6
613,138,75,1194
613,138,76,18582
613,138,77,11467
614,137,73,741
614,137,74,8596
614,137,75,115681
614,137,76,2
614,138,75,797
614,138,76,15931
614,138,77,14921
615,137,73,194
615,137,74,7232
615,137,75,117207
615,137,76,86
615,138,75,530
615,138,76,13186
615,138,77,18127
616,137,73,12
616,137,74,6416
616,137,75,116602
616,137,76,1569
616,138,75,394
616,138,76,10771
616,138,77,20698
617,137,73,1
617,137,74,5240
617,137,75,99566
617,137,76,19682
617,138,75,244
617,138,76,7745
617,138,77,23876
618,137,74,4161
618,137,75,42010
618,137,76,78223
618,138,75,129
618,138,76,5539
618,138,77,26180
619,137,74,3370
619,137,75,25327
619,137,76,95509
619,138,75,48
619,138,76,4265
619,138,77,27636
619,138,78,2
620,137,74,2819
620,137,75,12174
620,137,76,108955
620,138,75,16
620,138,76,2644
620,138,77,29390
620,138,78,86
621,137,74,2157
621,137,75,8777
621,137,76,112655
621,138,76,1356
621,138,77,29615
621,138,78,1471
622,137,74,1289
622,137,75,8245
622,137,76,113508
622,137,77,3
622,138,76,1005
622,138,77,22054
622,138,78,9884
623,137,74,392
623,137,75,7914
623,137,76,114087
623,137,77,77
623,138,76,845
623,138,77,20051
623,138,78,12530
624,137,74,52
624,137,75,6905
624,137,76,113946
624,137,77,1443
624,138,76,807
624,138,77,18473
624,138,78,14225
625,137,74,1
625,137,75,5255
625,137,76,99287
625,137,77,17824
625,138,76,677
625,138,77,14218
625,138,78,18465
625,138,79,8
626,137,75,4470
626,137,76,32248
626,137,77,85587
626,138,76,502
626,138,77,9793
626,138,78,22813
626,138,79,163
627,137,75,3884
627,137,76,19417
627,137,77,98861
627,138,76,219
627,138,77,7122
627,138,78,24382
627,138,79,1535
628,137,75,3433
628,137,76,13939
628,137,77,104602
628,138,76,64
628,138,77,4469
628,138,78,22856
628,138,79,5944
629,137,75,3004
629,137,76,10020
629,137,77,108620
629,138,76,13
629,138,77,2561
629,138,78,23140
629,138,79,7862
630,137,75,1988
630,137,76,8927
630,137,77,110078
630,137,78,9
630,138,76,2
630,138,77,1727
630,138,78,23532
630,138,79,8886
631,137,75,597
631,137,76,8778
631,137,77,110774
631,137,78,241
631,138,77,1363
631,138,78,22973
631,138,79,10352
632,137,75,54
632,137,76,7791
632,137,77,108210
632,137,78,4287
632,138,77,1156
632,138,78,20224
632,138,79,13237
632,138,80,13
633,137,75,2
633,137,76,6240
633,137,77,63134
633,137,78,51060
633,138,77,1011
633,138,78,16676
633,138,79,16432
633,138,80,305
634,137,76,5378
634,137,77,24173
634,137,78,90898
634,138,77,756
634,138,78,13392
634,138,79,16932
634,138,80,3204
635,137,76,4780
635,137,77,17769
635,137,78,97887
635,138,77,437
635,138,78,9493
635,138,79,17036
635,138,80,7159
636,137,76,4241
636,137,77,14808
636,137,78,101320
636,138,77,181
636,138,78,5343
636,138,79,20492
636,138,80,8033
637,137,76,3587
637,137,77,12049
637,137,78,104482
637,137,79,2
637,138,77,27
637,138,78,3059
637,138,79,22557
637,138,80,8507
638,137,76,2202
638,137,77,11086
638,137,78,106312
638,137,79,47
638,138,77,5
638,138,78,1906
638,138,79,23355
638,138,80,9267
639,137,76,685
639,137,77,10627
639,137,78,107043
639,137,79,776
639,138,77,1
639,138,78,1485
639,138,79,22646
639,138,80,10830
639,138,81,1
640,137,76,108
640,137,77,9591
640,137,78,99914
640,137,79,9358
640,138,78,1234
640,138,79,20624
640,138,80,13093
640,138,81,24
641,137,76,7
641,137,77,8560
641,137,78,47865
641,137,79,62612
641,138,78,1078
641,138,79,19207
641,138,80,14346
641,138,81,196
642,137,77,7517
642,137,78,27156
642,137,79,84369
642,138,78,862
642,138,79,16290
642,138,80,16558
642,138,81,1012
643,137,77,6342
643,137,78,19932
643,137,79,92686
643,138,78,597
643,138,79,9220
643,138,80,21866
643,138,81,3032
644,137,77,4721
644,137,78,15250
644,137,79,98764
644,137,80,1
644,138,78,355
644,138,79,3723
644,138,80,25821
644,138,81,4894
645,137,77,2900
645,137,78,13645
645,137,79,101814
645,137,80,33
645,138,78,191
645,138,79,1785
645,138,80,25993
645,138,81,7016
646,137,77,1886
646,137,78,12208
646,137,79,103417
646,137,80,553
646,138,78,70
646,138,79,1429
646,138,80,25328
646,138,81,8382
647,137,77,1096
647,137,78,11572
647,137,79,98765
647,137,80,6208
647,138,78,16
647,138,79,1300
647,138,80,24917
647,138,81,9281
648,137,77,483
648,137,78,10232
648,137,79,72452
648,137,80,33970
648,138,78,2
648,138,79,1196
648,138,80,24228
648,138,81,10457
648,138,82,3
649,137,77,60
649,137,78,9297
649,137,79,59699
649,137,80,47728
649,138,79,1066
649,138,80,21057
649,138,81,13976
649,138,82,49
650,137,77,2
650,137,78,8177
650,137,79,37300
650,137,80,71263
650,138,79,893
650,138,80,9486
650,138,81,25357
650,138,82,337
651,137,78,5067
651,137,79,21561
651,137,80,90049
651,138,79,656
651,138,80,3544
651,138,81,30622
651,138,82,1203
652,137,78,2731
652,137,79,17158
652,137,80,96513
652,137,81,15
652,138,79,397
652,138,80,1838
652,138,81,31067
652,138,82,2835
653,137,78,1756
653,137,79,14171
653,137,80,99837
653,137,81,392
653,138,79,218
653,138,80,1425
653,138,81,29768
653,138,82,4849
654,137,78,1181
654,137,79,12138
654,137,80,97523
654,137,81,5014
654,138,79,128
654,138,80,1269
654,138,81,28577
654,138,82,6458
655,137,78,692
655,137,79,11014
655,137,80,82137
655,137,81,21609
655,138,79,75
655,138,80,1108
655,138,81,27561
655,138,82,7959
656,137,78,290
656,137,79,10417
656,137,80,77015
656,137,81,27272
656,138,79,54
656,138,80,1004
656,138,81,24598
656,138,82,11410
657,137,78,76
657,137,79,9682
657,137,80,75890
657,137,81,29031
657,138,79,34
657,138,80,916
657,138,81,14617
657,138,82,21728
657,138,83,3
658,137,78,9
658,137,79,7758
658,137,80,74218
658,137,81,32494
658,137,82,1
658,138,79,25
658,138,80,740
658,138,81,8795
658,138,82,27800
658,138,83,29
659,137,79,4631
659,137,80,50612
659,137,81,58907
659,137,82,12
659,138,79,12
659,138,80,577
659,138,81,4353
659,138,82,32496
659,138,83,171
660,137,79,2695
660,137,80,16094
660,137,81,94869
660,137,82,75
660,138,80,432
660,138,81,1952
660,138,82,34860
660,138,83,667
661,137,79,1447
661,137,80,13404
661,137,81,98187
661,137,82,377
661,138,80,331
661,138,81,1309
661,138,82,34679
661,138,83,1819
662,137,79,893
662,137,80,12118
662,137,81,97698
662,137,82,2412
662,138,80,216
662,138,81,1104
662,138,82,33570
662,138,83,3440
663,137,79,561
663,137,80,11611
663,137,81,88149
663,137,82,12497
663,138,80,166
663,138,81,1003
663,138,82,31060
663,138,83,6313
664,137,79,345
664,137,80,11101
664,137,81,81963
664,137,82,19017
664,138,80,108
664,138,81,871
664,138,82,20342
664,138,83,17465
665,137,79,165
665,137,80,10045
665,137,81,78253
665,137,82,23470
665,138,80,48
665,138,81,762
665,138,82,13140
665,138,83,25188
666,137,79,60
666,137,80,7172
666,137,81,64072
666,137,82,40147
666,138,80,21
666,138,81,567
666,138,82,6105
666,138,83,32814
666,138,84,1
667,137,79,16
667,137,80,2808
667,137,81,22077
667,137,82,86045
667,138,80,11
667,138,81,490
667,138,82,3353
667,138,83,36049
667,138,84,8
668,137,79,1
668,137,80,1088
668,137,81,17013
668,137,82,92469
668,137,83,2
668,138,80,1
668,138,81,445
668,138,82,2319
668,138,83,37370
668,138,84,41
669,137,80,522
669,137,81,16068
669,137,82,93784
669,137,83,8
669,138,80,1
669,138,81,363
669,138,82,1967
669,138,83,37699
669,138,84,254
670,137,80,310
670,137,81,14624
670,137,82,95150
670,137,83,88
670,138,81,309
670,138,82,1454
670,138,83,35702
670,138,84,2898
671,137,80,265
671,137,81,13056
671,137,82,95952
671,137,83,714
671,138,81,296
671,138,82,919
671,138,83,17575
671,138,84,21660
672,137,80,256
672,137,81,11637
672,137,82,92996
672,137,83,4919
672,138,81,228
672,138,82,681
672,138,83,12558
672,138,84,27060
673,137,80,217
673,137,81,9542
673,137,82,80126
673,137,83,19679
673,138,81,134
673,138,82,627
673,138,83,8268
673,138,84,31644
674,137,80,180
674,137,81,5718
674,137,82,41599
674,137,83,61669
674,138,81,63
674,138,82,646
674,138,83,4715
674,138,84,35561
674,138,85,1
675,137,80,108
675,137,81,3330
675,137,82,21638
675,137,83,83583
675,138,81,13
675,138,82,638
675,138,83,3480
675,138,84,37246
675,138,85,32
676,137,80,41
676,137,81,1632
676,137,82,19823
676,137,83,86575
676,137,84,2
676,138,81,1
676,138,82,600
676,138,83,3028
676,138,84,37739
676,138,85,530
677,137,80,6
677,137,81,676
677,137,82,17591
677,137,83,89462
677,137,84,34
677,138,82,522
677,138,83,2628
677,138,84,33894
677,138,85,5045
678,137,80,1
678,137,81,296
678,137,82,15181
678,137,83,92031
678,137,84,217
678,138,82,476
678,138,83,2050
678,138,84,22910
678,138,85,16593
679,137,81,147
679,137,82,13410
679,137,83,92936
679,137,84,1146
679,138,82,324
679,138,83,1406
679,138,84,16213
679,138,85,24068
680,137,81,63
680,137,82,12307
680,137,83,90314
680,137,84,4772
680,138,82,201
680,138,83,959
680,138,84,9308
680,138,85,31622
681,137,81,41
681,137,82,10597
681,137,83,82123
681,137,84,14530
681,138,82,127
681,138,83,713
681,138,84,5525
681,138,85,35789
682,137,81,26
682,137,82,7270
682,137,83,35085
682,137,84,64637
682,138,82,54
682,138,83,672
682,138,84,3781
682,138,85,37820
683,137,81,17
683,137,82,4353
683,137,83,24440
683,137,84,77766
683,138,82,24
683,138,83,669
683,138,84,3261
683,138,85,38698
683,138,86,9
684,137,81,21
684,137,82,2643
684,137,83,20853
684,137,84,82461
684,137,85,1
684,138,82,10
684,138,83,591
684,138,84,3129
684,138,85,39176
684,138,86,228
685,137,81,15
685,137,82,1489
685,137,83,14819
685,137,84,88841
685,137,85,16
685,138,82,5
685,138,83,517
685,138,84,3021
685,138,85,37139
685,138,86,3129
686,137,81,5
686,137,82,700
686,137,83,10985
686,137,84,92822
686,137,85,61
686,138,82,2
686,138,83,397
686,138,84,2826
686,138,85,24446
686,138,86,16593
687,137,81,2
687,137,82,188
687,137,83,10092
687,137,84,93703
687,137,85,207
687,138,83,284
687,138,84,2309
687,138,85,12442
687,138,86,29466
688,137,82,29
688,137,83,9532
688,137,84,93661
688,137,85,956
688,138,83,217
688,138,84,1571
688,138,85,5741
688,138,86,36892
689,137,82,15
689,137,83,8289
689,137,84,89476
689,137,85,6451
689,138,83,153
689,138,84,1152
689,138,85,4217
689,138,86,38729
690,137,82,14
690,137,83,5916
690,137,84,49819
690,137,85,48431
690,138,83,91
690,138,84,862
690,138,85,3749
690,138,86,39480
690,138,87,1
691,137,82,14
691,137,83,4749
691,137,84,21990
691,137,85,77279
691,138,83,53
691,138,84,650
691,138,85,3526
691,138,86,39949
691,138,87,12
692,137,82,3
692,137,83,3945
692,137,84,13485
692,137,85,86223
692,138,83,18
692,138,84,538
692,138,85,3349
692,138,86,40370
692,138,87,170
693,137,83,3351
693,137,84,10317
693,137,85,89572
693,138,83,4
693,138,84,440
693,138,85,3198
693,138,86,39462
693,138,87,1692
694,137,83,2588
694,137,84,9002
694,137,85,91107
694,138,84,404
694,138,85,2816
694,138,86,30447
694,138,87,11572
695,137,83,1691
695,137,84,8818
695,137,85,91698
695,137,86,6
695,138,84,305
695,138,85,2086
695,138,86,15383
695,138,87,27832
696,137,83,771
696,137,84,8941
696,137,85,91839
696,137,86,182
696,138,84,240
696,138,85,1407
696,138,86,6736
696,138,87,37603
697,137,83,175
697,137,84,8503
697,137,85,89840
697,137,86,2900
697,138,84,147
697,138,85,1140
697,138,86,5084
697,138,87,39765
698,137,83,20
698,137,84,6498
698,137,85,63308
698,137,86,31514
698,138,84,84
698,138,85,937
698,138,86,3881
698,138,87,41156
699,137,84,5030
699,137,85,23509
699,137,86,72772
699,138,84,32
699,138,85,811
699,138,86,3074
699,138,87,42057
699,138,88,2
700,137,84,4541
700,137,85,16492
700,137,86,80188
700,138,84,5
700,138,85,641
700,138,86,2898
700,138,87,42364
700,138,88,22
701,137,84,4102
701,137,85,13228
701,137,86,83650
701,138,84,1
701,138,85,581
701,138,86,2764
701,138,87,42367
701,138,88,352
702,137,84,3582
702,137,85,11301
702,137,86,85778
702,138,85,459
702,138,86,2668
702,138,87,38789
702,138,88,4325
703,137,84,2557
703,137,85,10527
703,137,86,87156
703,137,87,1
703,138,85,348
703,138,86,2455
703,138,87,21921
703,138,88,21780
704,137,84,1487
704,137,85,10508
704,137,86,87765
704,137,87,41
704,138,85,246
704,138,86,2083
704,138,87,9344
704,138,88,35150
705,137,84,880
705,137,85,9746
705,137,86,88056
705,137,87,698
705,138,85,137
705,138,86,1673
705,138,87,5348
705,138,88,39958
706,137,84,403
706,137,85,7899
706,137,86,83052
706,137,87,7716
706,138,85,75
706,138,86,1327
706,138,87,3281
706,138,88,42652
707,137,84,130
707,137,85,6562
707,137,86,40444
707,137,87,51693
707,138,85,49
707,138,86,1047
707,138,87,2754
707,138,88,43613
707,138,89,10
708,137,84,39
708,137,85,5740
708,137,86,13783
708,137,87,79105
708,138,85,24
708,138,86,845
708,138,87,2733
708,138,88,43829
708,138,89,118
709,137,84,4
709,137,85,5314
709,137,86,10481
709,137,87,82697
709,138,85,11
709,138,86,719
709,138,87,2739
709,138,88,43186
709,138,89,972
710,137,85,4496
710,137,86,9498
710,137,87,84188
710,138,85,1
710,138,86,611
710,138,87,2734
710,138,88,37007
710,138,89,7502
711,137,85,3325
711,137,86,9883
711,137,87,84664
711,138,86,482
711,138,87,2677
711,138,88,25165
711,138,89,19767
712,137,85,2278
712,137,86,9985
712,137,87,85162
712,137,88,4
712,138,86,326
712,138,87,2415
712,138,88,14312
712,138,89,31360
713,137,85,1534
713,137,86,8906
713,137,87,86473
713,137,88,118
713,138,86,189
713,138,87,2107
713,138,88,6759
713,138,89,39621
714,137,85,875
714,137,86,7738
714,137,87,86310
714,137,88,1723
714,138,86,76
714,138,87,1834
714,138,88,4003
714,138,89,42992
714,138,90,4
715,137,85,264
715,137,86,7381
715,137,87,71506
715,137,88,17209
715,138,86,32
715,138,87,1632
715,138,88,2739
715,138,89,44604
715,138,90,101
716,137,85,54
716,137,86,6714
716,137,87,19864
716,137,88,69637
716,138,86,8
716,138,87,1453
716,138,88,2479
716,138,89,43665
716,138,90,1510
717,137,85,6
717,137,86,5968
717,137,87,14386
717,137,88,75829
717,138,86,3
717,138,87,1138
717,138,88,2574
717,138,89,34402
717,138,90,10960
718,137,86,5380
718,137,87,11890
718,137,88,78715
718,138,87,866
718,138,88,2673
718,138,89,30806
718,138,90,14830
719,137,86,4543
719,137,87,11004
719,137,88,80119
719,138,87,560
719,138,88,2826
719,138,89,24551
719,138,90,21419
720,137,86,3395
720,137,87,11028
720,137,88,80919
720,138,87,338
720,138,88,2886
720,138,89,12920
720,138,90,33421
721,137,86,2172
721,137,87,11310
721,137,88,81576
721,137,89,17
721,138,87,131
721,138,88,2839
721,138,89,7763
721,138,90,38965
721,138,91,2
722,137,86,1359
722,137,87,10244
722,137,88,82700
722,137,89,417
722,138,87,19
722,138,88,2577
722,138,89,4469
722,138,90,42813
722,138,91,63
723,137,86,666
723,137,87,8766
723,137,88,80034
723,137,89,4815
723,138,87,4
723,138,88,2108
723,138,89,3725
723,138,90,43745
723,138,91,718
724,137,86,186
724,137,87,8030
724,137,88,48920
724,137,89,36824
724,138,88,1678
724,138,89,3158
724,138,90,40629
724,138,91,5074
725,137,86,26
725,137,87,7204
725,137,88,23896
725,137,89,62683
725,138,88,1268
725,138,89,2933
725,138,90,36115
725,138,91,10291
726,137,86,9
726,137,87,5967
726,137,88,16938
726,137,89,70853
726,138,88,885
726,138,89,2958
726,138,90,31372
726,138,91,15278
727,137,87,4111
727,137,88,14181
727,137,89,75257
727,138,88,638
727,138,89,3019
727,138,90,15905
727,138,91,31018
728,137,87,2957
728,137,88,13553
728,137,89,76716
728,137,90,4
728,138,88,385
728,138,89,3109
728,138,90,6869
728,138,91,40387
729,137,87,2085
729,137,88,13211
729,137,89,77380
729,137,90,111
729,138,88,195
729,138,89,3094
729,138,90,5599
729,138,91,42156
730,137,87,1308
730,137,88,12498
730,137,89,76902
730,137,90,1541
730,138,88,59
730,138,89,2838
730,138,90,5198
730,138,91,43379
730,138,92,1
731,137,87,652
731,137,88,11115
731,137,89,65551
731,137,90,14462
731,138,88,30
731,138,89,2096
731,138,90,4463
731,138,91,45281
731,138,92,14
732,137,87,204
732,137,88,9294
732,137,89,32828
732,137,90,49132
732,138,88,11
732,138,89,1583
732,138,90,3463
732,138,91,46792
732,138,92,231
733,137,87,28
733,137,88,7010
733,137,89,32694
733,137,90,51593
733,138,88,1
733,138,89,1347
733,138,90,3127
733,138,91,44265
733,138,92,3340
734,137,87,2
734,137,88,4435
734,137,89,26106
734,137,90,60710
734,138,89,1078
734,138,90,3051
734,138,91,25615
734,138,92,22273
734,139,90,1
735,137,88,3372
735,137,89,18756
735,137,90,68965
735,138,89,750
735,138,90,3131
735,138,91,12494
735,138,92,35676
735,139,90,2
736,137,88,2850
736,137,89,16052
736,137,90,71934
736,137,91,3
736,138,89,426
736,138,90,3255
736,138,91,10680
736,138,92,37785
736,139,90,4
737,137,88,2180
737,137,89,14842
737,137,90,73212
737,137,91,111
737,138,89,173
737,138,90,3281
737,138,91,6894
737,138,92,42140
737,139,90,6
738,137,88,1372
738,137,89,14010
738,137,90,72545
738,137,91,1722
738,138,89,89
738,138,90,3140
738,138,91,5058
738,138,92,44777
739,137,88,605
739,137,89,12548
739,137,90,58196
739,137,91,17654
739,138,89,47
739,138,90,2756
739,138,91,3207
739,138,92,47579
739,138,93,2
739,139,91,1
740,137,88,115
740,137,89,10109
740,137,90,37260
740,137,91,41155
740,138,89,14
740,138,90,2241
740,138,91,2425
740,138,92,49089
740,138,93,88
740,139,91,1
741,137,88,9
741,137,89,8098
741,137,90,35284
741,137,91,45119
741,138,89,1
741,138,90,1811
741,138,91,2406
741,138,92,47966
741,138,93,1673
741,139,91,1
742,137,89,6502
742,137,90,35171
742,137,91,46826
742,138,90,1381
742,138,91,2602
742,138,92,31923
742,138,93,17824
743,137,89,5403
743,137,90,31394
743,137,91,51633
743,137,92,1
743,138,90,871
743,138,91,2936
743,138,92,18530
743,138,93,31327
744,137,89,4518
744,137,90,21692
744,137,91,62102
744,137,92,18
744,138,90,475
744,138,91,3194
744,138,92,15286
744,138,93,34688
744,139,91,1
745,137,89,3463
745,137,90,18134
745,137,91,66368
745,137,92,115
745,138,90,248
745,138,91,3228
745,138,92,10302
745,138,93,39947
745,139,91,1
746,137,89,2325
746,137,90,15755
746,137,91,68996
746,137,92,544
746,138,90,91
746,138,91,3237
746,138,92,4173
746,138,93,46544
746,139,91,4
747,137,89,1358
747,137,90,14500
747,137,91,68780
747,137,92,2450
747,138,90,42
747,138,91,3028
747,138,92,2555
747,138,93,48806
747,139,91,10
748,137,89,517
748,137,90,13236
748,137,91,61237
748,137,92,11585
748,138,90,13
748,138,91,2516
748,138,92,2463
748,138,93,49803
748,138,94,2
748,139,91,6
749,137,89,85
749,137,90,11339
749,137,91,45116
749,137,92,29765
749,138,90,2
749,138,91,1707
749,138,92,2865
749,138,93,50264
749,138,94,74
749,139,91,3
750,137,89,6
750,137,90,10259
750,137,91,39023
750,137,92,36994
750,138,91,974
750,138,92,3292
750,138,93,49269
750,138,94,1275
750,139,91,3
751,137,90,9346
751,137,91,36978
751,137,92,39962
751,138,91,578
751,138,92,3512
751,138,93,34733
751,138,94,15882
751,139,91,2
751,139,92,1
752,137,90,7557
752,137,91,31317
752,137,92,47376
752,138,91,310
752,138,92,3655
752,138,93,16799
752,138,94,33869
752,139,92,1
753,137,90,4781
753,137,91,19287
753,137,92,61967
753,138,91,154
753,138,92,3622
753,138,93,14219
753,138,94,36727
753,139,92,3
754,137,90,3079
754,137,91,17206
754,137,92,65433
754,137,93,4
754,138,91,66
754,138,92,3265
754,138,93,6046
754,138,94,45516
754,139,92,9
755,137,90,1867
755,137,91,16403
755,137,92,66880
755,137,93,71
755,138,91,31
755,138,92,2336
755,138,93,4785
755,138,94,48110
755,138,95,8
755,139,92,11
756,137,90,934
756,137,91,15517
756,137,92,67649
756,137,93,636
756,138,91,13
756,138,92,1596
756,138,93,4556
756,138,94,49238
756,138,95,250
756,139,92,18
757,137,90,460
757,137,91,14482
757,137,92,64413
757,137,93,5133
757,138,91,5
757,138,92,981
757,138,93,4559
757,138,94,46359
757,138,95,3837
757,139,92,27
757,139,93,2
758,137,90,165
758,137,91,13383
758,137,92,43519
758,137,93,27242
758,138,92,521
758,138,93,4570
758,138,94,29649
758,138,95,21044
758,139,92,40
758,139,93,8
759,137,90,30
759,137,91,12348
759,137,92,38019
759,137,93,33805
759,138,92,242
759,138,93,4585
759,138,94,26470
759,138,95,24482
759,139,92,33
759,139,93,18
760,137,90,3
760,137,91,10051
760,137,92,25278
760,137,93,48753
760,138,92,116
760,138,93,4472
760,138,94,25169
760,138,95,26021
760,139,92,27
760,139,93,21
761,137,90,1
761,137,91,5972
761,137,92,22515
761,137,93,55393
761,137,94,1
761,138,92,50
761,138,93,4203
761,138,94,22243
761,138,95,29365
761,139,92,13
761,139,93,35
762,137,91,3106
762,137,92,21074
762,137,93,59413
762,137,94,13
762,138,92,12
762,138,93,3607
762,138,94,13779
762,138,95,38618
762,139,92,9
762,139,93,54
763,137,91,1839
763,137,92,20169
763,137,93,61062
763,137,94,108
763,138,92,4
763,138,93,2878
763,138,94,8922
763,138,95,44533
763,139,92,3
763,139,93,61
763,139,94,1
764,137,91,1041
764,137,92,19761
764,137,93,60382
764,137,94,1492
764,138,92,1
764,138,93,2145
764,138,94,7226
764,138,95,47369
764,139,93,64
764,139,94,5
765,137,91,624
765,137,92,19334
765,137,93,46707
765,137,94,15739
765,138,93,1390
765,138,94,6230
765,138,95,49232
765,138,96,3
765,139,93,48
765,139,94,8
766,137,91,261
766,137,92,18422
766,137,93,40892
766,137,94,22519
766,138,93,871
766,138,94,6085
766,138,95,49986
766,138,96,85
766,139,93,44
766,139,94,14
767,137,91,81
767,137,92,14353
767,137,93,41659
767,137,94,25783
767,138,93,422
767,138,94,5944
767,138,95,49449
767,138,96,1262
767,139,93,41
767,139,94,30
768,137,91,13
768,137,92,6567
768,137,93,41974
768,137,94,33157
768,138,93,193
768,138,94,5633
768,138,95,40453
768,138,96,10808
768,139,93,21
768,139,94,58
769,137,92,4308
769,137,93,32020
769,137,94,45311
769,137,95,2
769,138,93,74
769,138,94,5135
769,138,95,36078
769,138,96,15740
769,139,93,10
769,139,94,82
770,137,92,3161
770,137,93,29082
770,137,94,49201
770,137,95,28
770,138,93,31
770,138,94,4552
770,138,95,34759
770,138,96,17717
770,139,93,5
770,139,94,84
771,137,92,2111
771,137,93,26599
771,137,94,52109
771,137,95,285
771,138,93,13
771,138,94,3830
771,138,95,30222
771,138,96,23223
771,139,94,93
771,139,95,2
772,137,92,1056
772,137,93,24803
772,137,94,51874
772,137,95,2827
772,138,93,2
772,138,94,3000
772,138,95,25179
772,138,96,29497
772,139,94,100
772,139,95,8
773,137,92,491
773,137,93,22173
773,137,94,43158
773,137,95,14275
773,138,94,2151
773,138,95,13034
773,138,96,42803
773,139,94,85
773,139,95,19
774,137,92,166
774,137,93,11558
774,137,94,48471
774,137,95,19624
774,138,94,1395
774,138,95,10115
774,138,96,46590
774,139,94,64
774,139,95,41
775,137,92,38
775,137,93,6856
775,137,94,50009
775,137,95,22780
775,138,94,869
775,138,95,8311
775,138,96,48862
775,139,94,57
775,139,95,86
776,137,92,5
776,137,93,5600
776,137,94,49936
776,137,95,24113
776,137,96,1
776,138,94,502
776,138,95,6363
776,138,96,51024
776,139,94,35
776,139,95,141
777,137,93,4160
777,137,94,48671
777,137,95,26767
777,137,96,42
777,138,94,243
777,138,95,5628
777,138,96,51856
777,139,94,13
777,139,95,180
778,137,93,3022
778,137,94,42016
778,137,95,33930
778,137,96,507
778,138,94,80
778,138,95,5113
778,138,96,52552
778,138,97,5
778,139,95,210
778,139,96,1
779,137,93,2126
779,137,94,35323
779,137,95,36911
779,137,96,4660
779,138,94,20
779,138,95,4517
779,138,96,53439
779,138,97,81
779,139,95,245
779,139,96,4
780,137,93,1286
780,137,94,28386
780,137,95,36450
780,137,96,12271
780,138,94,2
780,138,95,3687
780,138,96,53846
780,138,97,1068
780,139,95,220
780,139,96,7
781,137,93,534
781,137,94,18116
781,137,95,41244
781,137,96,17889
781,138,95,2667
781,138,96,45078
781,138,97,11359
781,139,95,198
781,139,96,21
782,137,93,132
782,137,94,12824
782,137,95,44531
782,137,96,20082
782,138,95,1569
782,138,96,17550
782,138,97,40040
782,139,95,146
782,139,96,55
783,137,93,8
783,137,94,9426
783,137,95,47094
783,137,96,21086
783,137,97,3
783,138,95,871
783,138,96,8261
783,138,97,49809
783,139,95,92
783,139,96,106
784,137,94,6430
784,137,95,49749
784,137,96,21374
784,137,97,117
784,138,95,503
784,138,96,6732
784,138,97,51485
784,139,95,78
784,139,96,170
785,137,94,5363
785,137,95,50492
785,137,96,20166
785,137,97,1488
785,138,95,308
785,138,96,6143
785,138,97,52255
785,139,95,32
785,139,96,252
786,137,94,4764
786,137,95,50782
786,137,96,12362
786,137,97,9340
786,138,95,195
786,138,96,5794
786,138,97,52815
786,139,95,9
786,139,96,299
787,137,94,4029
787,137,95,50253
787,137,96,10298
787,137,97,12268
787,138,95,99
787,138,96,5398
787,138,97,53557
787,138,98,1
787,139,95,2
787,139,96,325
787,139,97,6
788,137,94,2769
788,137,95,39880
788,137,96,19786
788,137,97,13933
788,138,95,23
788,138,96,4436
788,138,97,54908
788,138,98,48
788,139,96,311
788,139,97,22
789,137,94,1301
789,137,95,20450
789,137,96,38038
789,137,97,16122
789,138,95,5
789,138,96,2858
789,138,97,55794
789,138,98,1092
789,139,96,276
789,139,97,57
790,137,94,421
790,137,95,14450
790,137,96,43145
790,137,97,17504
790,137,98,4
790,138,96,1586
790,138,97,41797
790,138,98,16667
790,139,96,203
790,139,97,105
791,137,94,59
791,137,95,9209
791,137,96,47939
791,137,97,18035
791,137,98,82
791,138,96,970
791,138,97,11131
791,138,98,47982
791,139,96,170
791,139,97,146
792,137,94,4
792,137,95,7216
792,137,96,49456
792,137,97,17889
792,137,98,661
792,138,96,665
792,138,97,8719
792,138,98,50589
792,139,96,140
792,139,97,240
793,137,94,1
793,137,95,6328
793,137,96,49981
793,137,97,15125
793,137,98,3675
793,138,96,440
793,138,97,7957
793,138,98,51497
793,139,96,108
793,139,97,359
794,137,95,5538
794,137,96,50299
794,137,97,12879
794,137,98,6141
794,138,96,268
794,138,97,7412
794,138,98,52308
794,139,96,52
794,139,97,465
795,137,95,4233
795,137,96,49174
795,137,97,12930
795,137,98,8148
795,138,96,103
795,138,97,6876
795,138,98,53223
795,138,99,2
795,139,96,21
795,139,97,531
795,139,98,10
796,137,95,2631
796,137,96,33162
796,137,97,26608
796,137,98,11718
796,138,96,32
796,138,97,5588
796,138,98,54778
796,138,99,39
796,139,96,3
796,139,97,536
796,139,98,25
797,137,95,1357
797,137,96,18918
797,137,97,39470
797,137,98,13939
797,138,96,12
797,138,97,3203
797,138,98,57043
797,138,99,470
797,139,97,534
797,139,98,66
798,137,95,481
798,137,96,10684
798,137,97,47288
798,137,98,14727
798,138,96,1
798,138,97,1978
798,138,98,54024
798,138,99,5098
798,139,97,415
798,139,98,136
799,137,95,118
799,137,96,8301
799,137,97,49245
799,137,98,15175
799,137,99,1
799,138,97,1387
799,138,98,25355
799,138,99,34560
799,139,97,345
799,139,98,226
800,137,95,23
800,137,96,7221
800,137,97,49958
800,137,98,15433
800,137,99,8
800,138,97,968
800,138,98,19712
800,138,99,40639
800,139,97,250
800,139,98,384
801,137,95,6
801,137,96,6312
801,137,97,50295
801,137,98,15662
801,137,99,59
801,138,97,722
801,138,98,13622
801,138,99,47132
801,139,97,153
801,139,98,507
802,137,96,5105
802,137,97,50638
802,137,98,15950
802,137,99,352
802,138,97,408
802,138,98,10327
802,138,99,50811
802,139,97,96
802,139,98,608
802,139,99,1
803,137,96,3758
803,137,97,50043
803,137,98,16226
803,137,99,1749
803,138,97,223
803,138,98,7013
803,138,99,54414
803,138,100,1
803,139,97,51
803,139,98,668
803,139,99,5
804,137,96,2815
804,137,97,42237
804,137,98,21224
804,137,99,5250
804,138,97,108
804,138,98,5065
804,138,99,56486
804,138,100,37
804,139,97,34
804,139,98,769
804,139,99,24
805,137,96,2129
805,137,97,12938
805,137,98,48120
805,137,99,8085
805,138,97,43
805,138,98,4312
805,138,99,56833
805,138,100,589
805,139,97,7
805,139,98,776
805,139,99,74
806,137,96,1395
806,137,97,10252
806,137,98,49386
806,137,99,9757
806,138,97,14
806,138,98,3541
806,138,99,53135
806,138,100,5412
806,139,97,2
806,139,98,731
806,139,99,130
807,137,96,633
807,137,97,9163
807,137,98,49760
807,137,99,10597
807,138,97,5
807,138,98,2814
807,138,99,45758
807,138,100,13972
807,139,97,1
807,139,98,610
807,139,99,268
808,137,96,150
808,137,97,7518
808,137,98,50658
808,137,99,11379
808,138,97,1
808,138,98,2040
808,138,99,34323
808,138,100,26467
808,139,98,373
808,139,99,519
809,137,96,16
809,137,97,5236
809,137,98,52148
809,137,99,12080
809,137,100,3
809,138,98,1394
809,138,99,7282
809,138,100,54140
809,139,98,207
809,139,99,814
810,137,96,2
810,137,97,3757
810,137,98,52529
810,137,99,12953
810,137,100,24
810,138,98,935
810,138,99,5095
810,138,100,56744
810,139,98,113
810,139,99,1048
810,139,100,1
811,137,97,3053
811,137,98,51689
811,137,99,14140
811,137,100,156
811,138,98,686
811,138,99,4515
811,138,100,57595
811,139,98,52
811,139,99,1167
811,139,100,3
812,137,97,2633
812,137,98,44119
812,137,99,21242
812,137,100,799
812,138,98,336
812,138,99,4249
812,138,100,58148
812,138,101,8
812,139,98,15
812,139,99,1347
812,139,100,15
813,137,97,2139
813,137,98,22675
813,137,99,40752
813,137,100,2865
813,138,98,117
813,138,99,4068
813,138,100,58449
813,138,101,277
813,139,98,2
813,139,99,1359
813,139,100,61
814,137,97,1427
814,137,98,14365
814,137,99,47196
814,137,100,4985
814,138,98,27
814,138,99,4018
814,138,100,54537
814,138,101,4700
814,139,99,1203
814,139,100,162
815,137,97,746
815,137,98,9866
815,137,99,50664
815,137,100,6229
815,138,98,4
815,138,99,3941
815,138,100,11891
815,138,101,47798
815,139,99,938
815,139,100,373
816,137,97,291
816,137,98,7361
816,137,99,51992
816,137,100,7459
816,138,99,3765
816,138,100,6367
816,138,101,53819
816,139,99,549
816,139,100,655
817,137,97,56
817,137,98,5681
817,137,99,52146
817,137,100,8950
817,137,101,1
817,138,99,3465
817,138,100,5143
817,138,101,55527
817,139,99,267
817,139,100,861
818,137,97,9
818,137,98,4663
818,137,99,51709
818,137,100,10330
818,137,101,7
818,138,99,3008
818,138,100,4845
818,138,101,56325
818,139,99,98
818,139,100,958
819,137,98,3759
819,137,99,50983
819,137,100,11730
819,137,101,40
819,138,99,2372
819,138,100,4513
819,138,101,57352
819,138,102,6
819,139,99,41
819,139,100,997
820,137,98,3123
820,137,99,46416
820,137,100,16538
820,137,101,136
820,138,99,1614
820,138,100,4310
820,138,101,58172
820,138,102,181
820,139,99,12
820,139,100,1135
821,137,98,2690
821,137,99,22917
821,137,100,39935
821,137,101,348
821,138,99,735
821,138,100,4437
821,138,101,56257
821,138,102,2781
821,139,99,6
821,139,100,1404
821,139,101,10
822,137,98,2243
822,137,99,14768
822,137,100,47454
822,137,101,1004
822,138,99,173
822,138,100,4499
822,138,101,33898
822,138,102,25789
822,139,99,7
822,139,100,1485
822,139,101,68
823,137,98,1781
823,137,99,11198
823,137,100,49475
823,137,101,2530
823,138,99,19
823,138,100,4508
823,138,101,10700
823,138,102,49527
823,139,99,4
823,139,100,1254
823,139,101,206
824,137,98,1124
824,137,99,9055
824,137,100,49610
824,137,101,4548
824,138,100,4478
824,138,101,7211
824,138,102,53679
824,139,100,836
824,139,101,461
825,137,98,491
825,137,99,7455
825,137,100,50136
825,137,101,5720
825,138,100,4397
825,138,101,6283
825,138,102,55172
825,139,100,463
825,139,101,669
826,137,98,98
826,137,99,6220
826,137,100,50719
826,137,101,6508
826,138,100,4134
826,138,101,5419
826,138,102,56437
826,139,100,154
826,139,101,906
827,137,98,9
827,137,99,5055
827,137,100,48132
827,137,101,10350
827,137,102,1
827,138,100,3805
827,138,101,4473
827,138,102,57571
827,138,103,1
827,139,100,40
827,139,101,1004
828,137,99,4322
828,137,100,33528
828,137,101,25672
828,137,102,5
828,138,100,3050
828,138,101,4195
828,138,102,58335
828,138,103,15
828,139,100,14
828,139,101,1148
829,137,99,3859
829,137,100,25321
829,137,101,34191
829,137,102,19
829,138,100,1925
829,138,101,4691
829,138,102,58628
829,138,103,185
829,139,100,1
829,139,101,1338
829,139,102,2
830,137,99,3396
830,137,100,20878
830,137,101,38830
830,137,102,43
830,138,100,649
830,138,101,5615
830,138,102,56436
830,138,103,2711
830,139,100,2
830,139,101,1448
830,139,102,5
831,137,99,2863
831,137,100,16559
831,137,101,43146
831,137,102,119
831,138,100,127
831,138,101,6006
831,138,102,32569
831,138,103,26992
831,139,100,1
831,139,101,1457
831,139,102,30
832,137,99,2150
832,137,100,13196
832,137,101,46459
832,137,102,327
832,138,100,20
832,138,101,6119
832,138,102,16682
832,138,103,43336
832,139,101,1348
832,139,102,92
833,137,99,1131
833,137,100,10725
833,137,101,48834
833,137,102,795
833,138,100,3
833,138,101,6173
833,138,102,10246
833,138,103,50280
833,139,101,1146
833,139,102,234
834,137,99,415
834,137,100,7470
834,137,101,50864
834,137,102,2327
834,138,100,1
834,138,101,6273
834,138,102,6459
834,138,103,54278
834,139,101,858
834,139,102,470
835,137,99,66
835,137,100,4923
835,137,101,48377
835,137,102,7478
835,138,101,6269
835,138,102,4600
835,138,103,56215
835,139,101,466
835,139,102,796
836,137,99,4
836,137,100,4228
836,137,101,38523
836,137,102,17921
836,138,101,5845
836,138,102,3698
836,138,103,57510
836,138,104,1
836,139,101,164
836,139,102,1098
837,137,100,3675
837,137,101,32139
837,137,102,24630
837,138,101,3756
837,138,102,4616
837,138,103,58570
837,138,104,31
837,139,101,25
837,139,102,1447
838,137,100,3108
838,137,101,19744
838,137,102,37272
838,137,103,1
838,138,101,1382
838,138,102,6057
838,138,103,59025
838,138,104,417
838,139,101,2
838,139,102,1796
838,139,103,1
839,137,100,2233
839,137,101,15190
839,137,102,42321
839,137,103,2
839,138,101,485
839,138,102,6311
839,138,103,55844
839,138,104,4209
839,139,102,2105
839,139,103,14
840,137,100,1278
840,137,101,10657
840,137,102,47297
840,137,103,5
840,138,101,81
840,138,102,6483
840,138,103,35969
840,138,104,24669
840,139,102,2084
840,139,103,59
841,137,100,555
841,137,101,5178
841,137,102,52901
841,137,103,17
841,138,101,6
841,138,102,6571
841,138,103,16256
841,138,104,44915
841,139,102,1890
841,139,103,150
842,137,100,181
842,137,101,4097
842,137,102,53858
842,137,103,87
842,138,102,6601
842,138,103,10664
842,138,104,50823
842,139,102,1645
842,139,103,310
843,137,100,39
843,137,101,3648
843,137,102,53834
843,137,103,422
843,138,102,6420
843,138,103,8004
843,138,104,53737
843,139,102,1319
843,139,103,678
844,137,100,11
844,137,101,3307
844,137,102,52143
844,137,103,2199
844,138,102,5802
844,138,103,6609
844,138,104,55788
844,139,102,766
844,139,103,1243
845,137,101,2859
845,137,102,41187
845,137,103,13227
845,138,102,3700
845,138,103,7014
845,138,104,57575
845,138,105,1
845,139,102,284
845,139,103,1766
845,139,104,1
846,137,101,2121
846,137,102,15201
846,137,103,39452
846,138,102,1505
846,138,103,7495
846,138,104,59435
846,138,105,33
846,139,102,75
846,139,103,2115
846,139,104,8
847,137,101,1149
847,137,102,9513
847,137,103,45572
847,138,102,400
847,138,103,7552
847,138,104,60189
847,138,105,518
847,139,102,11
847,139,103,2394
847,139,104,26
848,137,101,502
848,137,102,6382
848,137,103,48912
848,137,104,1
848,138,102,72
848,138,103,7385
848,138,104,56531
848,138,105,4926
848,139,102,4
848,139,103,2403
848,139,104,82
849,137,101,192
849,137,102,4704
849,137,103,50622
849,137,104,6
849,138,102,16
849,138,103,7143
849,138,104,44585
849,138,105,17323
849,139,103,2276
849,139,104,215
850,137,101,66
850,137,102,4081
850,137,103,51110
850,137,104,31
850,138,102,2
850,138,103,6788
850,138,104,31724
850,138,105,30713
850,139,103,2077
850,139,104,405
851,137,101,10
851,137,102,3677
851,137,103,51051
851,137,104,321
851,138,103,5914
851,138,104,18130
851,138,105,45290
851,139,103,1738
851,139,104,696
852,137,101,1
852,137,102,3222
852,137,103,48904
852,137,104,2661
852,138,103,4483
852,138,104,14604
852,138,105,50391
852,139,103,1306
852,139,104,1084
853,137,102,2796
853,137,103,32076
853,137,104,19623
853,138,103,3326
853,138,104,9655
853,138,105,56506
853,139,103,902
853,139,104,1598
854,137,102,2405
854,137,103,15815
854,137,104,35956
854,138,103,2530
854,138,104,7661
854,138,105,59200
854,139,103,495
854,139,104,2211
855,137,102,2082
855,137,103,9514
855,137,104,42335
855,138,103,1750
855,138,104,6981
855,138,105,60387
855,138,106,7
855,139,103,246
855,139,104,2795
855,139,105,2
856,137,102,1569
856,137,103,5320
856,137,104,46691
856,137,105,1
856,138,103,923
856,138,104,6934
856,138,105,60914
856,138,106,178
856,139,103,85
856,139,104,3304
856,139,105,22
857,137,102,892
857,137,103,4312
857,137,104,47837
857,137,105,19
857,138,103,301
857,138,104,7007
857,138,105,59542
857,138,106,2271
857,139,103,17
857,139,104,3443
857,139,105,133
858,137,102,333
858,137,103,3937
858,137,104,48040
858,137,105,222
858,138,103,54
858,138,104,7127
858,138,105,42659
858,138,106,19739
858,139,103,3
858,139,104,3097
858,139,105,418
859,137,102,91
859,137,103,3690
859,137,104,45984
859,137,105,2405
859,138,103,7
859,138,104,6963
859,138,105,23021
859,138,106,39878
859,139,104,2557
859,139,105,904
860,137,102,15
860,137,103,3491
860,137,104,30357
860,137,105,18033
860,138,104,6413
860,138,105,9811
860,138,106,53758
860,139,104,1810
860,139,105,1614
861,137,102,4
861,137,103,3223
861,137,104,20762
861,137,105,27626
861,138,104,5582
861,138,105,6408
861,138,106,58100
861,139,104,1137
861,139,105,2301
862,137,102,1
862,137,103,2915
862,137,104,14220
862,137,105,34143
862,138,104,4417
862,138,105,6023
862,138,106,59785
862,139,104,750
862,139,105,2664
863,137,103,2566
863,137,104,7657
863,137,105,40744
863,138,104,3151
863,138,105,6419
863,138,106,60734
863,138,107,3
863,139,104,402
863,139,105,3005
863,139,106,1
864,137,103,1920
864,137,104,6212
864,137,105,42531
864,137,106,3
864,138,104,2191
864,138,105,6937
864,138,106,61181
864,138,107,62
864,139,104,138
864,139,105,3277
864,139,106,4
865,137,103,1011
865,137,104,5726
865,137,105,43459
865,137,106,95
865,138,104,1651
865,138,105,6931
865,138,106,61051
865,138,107,783
865,139,104,19
865,139,105,3482
865,139,106,42
866,137,103,403
866,137,104,5225
866,137,105,42873
866,137,106,1417
866,138,104,1039
866,138,105,6760
866,138,106,55284
866,138,107,7204
866,139,104,1
866,139,105,3632
866,139,106,226
867,137,103,133
867,137,104,4776
867,137,105,31010
867,137,106,13704
867,138,104,537
867,138,105,6363
867,138,106,24232
867,138,107,38935
867,139,105,3270
867,139,106,896
868,137,103,46
868,137,104,4464
868,137,105,23009
868,137,106,21870
868,138,104,165
868,138,105,5950
868,138,106,11365
868,138,107,52468
868,139,105,2205
868,139,106,2061
869,137,103,26
869,137,104,4257
869,137,105,20172
869,137,106,24704
869,138,104,25
869,138,105,5249
869,138,106,9200
869,138,107,55598
869,139,105,1412
869,139,106,2722
870,137,103,7
870,137,104,3818
870,137,105,13893
870,137,106,31014
870,138,104,2
870,138,105,4080
870,138,106,7907
870,138,107,58405
870,139,105,800
870,139,106,3106
871,137,103,1
871,137,104,2865
871,137,105,9415
871,137,106,35960
871,138,105,3270
871,138,106,7545
871,138,107,59923
871,138,108,8
871,139,105,359
871,139,106,3398
872,137,104,1407
872,137,105,7596
872,137,106,38649
872,137,107,1
872,138,105,2682
872,138,106,7118
872,138,107,61037
872,138,108,201
872,139,105,111
872,139,106,3672
872,139,107,5
873,137,104,663
873,137,105,6247
873,137,106,40376
873,137,107,9
873,138,105,2276
873,138,106,6497
873,138,107,59624
873,138,108,2671
873,139,105,14
873,139,106,3832
873,139,107,43
874,137,104,287
874,137,105,5380
874,137,106,41146
874,137,107,166
874,138,105,1867
874,138,106,6153
874,138,107,40703
874,138,108,22299
874,139,105,3
874,139,106,3847
874,139,107,209
875,137,104,81
875,137,105,5061
875,137,106,39781
875,137,107,1811
875,138,105,1281
875,138,106,6006
875,138,107,26241
875,138,108,37263
875,139,106,3525
875,139,107,765
876,137,104,23
876,137,105,4873
876,137,106,30162
876,137,107,11492
876,138,105,490
876,138,106,5975
876,138,107,16398
876,138,108,47482
876,139,106,2514
876,139,107,2145
877,137,104,2
877,137,105,4606
877,137,106,21624
877,137,107,20045
877,138,105,68
877,138,106,5782
877,138,107,13258
877,138,108,51159
877,139,106,1331
877,139,107,3333
878,137,105,4065
878,137,106,15892
878,137,107,25984
878,138,105,7
878,138,106,5440
878,138,107,11788
878,138,108,53239
878,139,106,616
878,139,107,3865
879,137,105,3127
879,137,106,11860
879,137,107,30509
879,138,105,2
879,138,106,4954
879,138,107,9694
879,138,108,56000
879,139,106,181
879,139,107,4226
879,139,108,3
880,137,105,2007
880,137,106,7372
880,137,107,35594
880,137,108,2
880,138,106,4452
880,138,107,7471
880,138,108,58915
880,138,109,2
880,139,106,56
880,139,107,4400
880,139,108,21
881,137,105,1029
881,137,106,6379
881,137,107,37095
881,137,108,45
881,138,106,3599
881,138,107,5812
881,138,108,61426
881,138,109,72
881,139,106,6
881,139,107,4565
881,139,108,80
882,137,105,384
882,137,106,6113
882,137,107,37269
882,137,108,479
882,138,106,2250
882,138,107,5635
882,138,108,61841
882,138,109,1062
882,139,107,4445
882,139,108,371
883,137,105,104
883,137,106,5678
883,137,107,34399
883,137,108,3862
883,138,106,1001
883,138,107,5936
883,138,108,53162
883,138,109,10367
883,139,107,3677
883,139,108,1349
884,137,105,26
884,137,106,4919
884,137,107,25365
884,137,108,13556
884,138,106,339
884,138,107,5812
884,138,108,28737
884,138,109,35293
884,139,107,2078
884,139,108,3029
884,139,109,2
885,137,105,5
885,137,106,4323
885,137,107,21275
885,137,108,18059
885,138,106,39
885,138,107,5513
885,138,108,15482
885,138,109,49047
885,139,107,875
885,139,108,4195
885,139,109,11
886,137,106,3716
886,137,107,16358
886,137,108,23263
886,138,107,5277
886,138,108,13664
886,138,109,51344
886,139,107,258
886,139,108,4566
886,139,109,49
887,137,106,2871
887,137,107,12117
887,137,108,27964
887,138,107,5016
887,138,108,10343
887,138,109,55104
887,139,107,80
887,139,108,4605
887,139,109,149
888,137,106,1525
888,137,107,10271
888,137,108,30669
888,138,107,4712
888,138,108,5993
888,138,109,60009
888,139,107,18
888,139,108,4298
888,139,109,425
889,137,106,528
889,137,107,9236
889,137,108,32358
889,137,109,5
889,138,107,4060
889,138,108,5097
889,138,109,61563
889,138,110,3
889,139,107,5
889,139,108,3746
889,139,109,1039
890,137,106,228
890,137,107,8291
890,137,108,33330
890,137,109,107
890,138,107,2722
890,138,108,5533
890,138,109,62116
890,138,110,97
890,139,108,2921
890,139,109,2037
890,139,110,1
891,137,106,78
891,137,107,7669
891,137,108,33032
891,137,109,1000
891,138,107,1382
891,138,108,6093
891,138,109,61093
891,138,110,1563
891,139,108,1993
891,139,109,3149
891,139,110,9
892,137,106,33
892,137,107,6960
892,137,108,27835
892,137,109,6813
892,138,107,344
892,138,108,6168
892,138,109,48444
892,138,110,14826
892,139,108,1091
892,139,109,4144
892,139,110,44
893,137,106,13
893,137,107,6101
893,137,108,20219
893,137,109,15082
893,138,107,52
893,138,108,5540
893,138,109,34738
893,138,110,29519
893,139,108,532
893,139,109,4468
893,139,110,158
894,137,106,2
894,137,107,4914
894,137,108,16024
894,137,109,20175
894,138,107,1
894,138,108,5033
894,138,109,18852
894,138,110,46213
894,139,108,218
894,139,109,4326
894,139,110,387
895,137,107,3387
895,137,108,13650
895,137,109,23659
895,138,108,4543
895,138,109,13956
895,138,110,51909
895,139,108,70
895,139,109,3905
895,139,110,829
896,137,107,1851
896,137,108,12494
896,137,109,25816
896,137,110,1
896,138,108,3926
896,138,109,9405
896,138,110,57405
896,139,108,14
896,139,109,3300
896,139,110,1456
896,139,111,1
897,137,107,855
897,137,108,11032
897,137,109,27833
897,137,110,19
897,138,108,3075
897,138,109,7401
897,138,110,60364
897,138,111,1
897,139,108,3
897,139,109,2549
897,139,110,2298
898,137,107,385
898,137,108,9768
898,137,109,29365
898,137,110,146
898,138,108,1994
898,138,109,7347
898,138,110,61205
898,138,111,34
898,139,108,2
898,139,109,1828
898,139,110,3132
899,137,107,100
899,137,108,8669
899,137,109,30050
899,137,110,867
899,138,108,860
899,138,109,7696
899,138,110,61212
899,138,111,500
899,139,109,1012
899,139,110,3954
899,139,111,6
900,137,107,11
900,137,108,7888
900,137,109,26856
900,137,110,4952
900,138,108,206
900,138,109,7537
900,138,110,57733
900,138,111,4639
900,139,109,476
900,139,110,4356
900,139,111,26
901,137,108,7204
901,137,109,20440
901,137,110,11919
901,138,108,47
901,138,109,6578
901,138,110,39263
901,138,111,24324
901,139,109,211
901,139,110,4410
901,139,111,88
902,137,108,6545
902,137,109,16969
902,137,110,15784
902,138,108,8
902,138,109,5419
902,138,110,31150
902,138,111,33800
902,139,109,85
902,139,110,4213
902,139,111,277
903,137,108,5734
903,137,109,14034
903,137,110,19326
903,138,108,2
903,138,109,4134
903,138,110,24491
903,138,111,41872
903,139,109,21
903,139,110,3780
903,139,111,637
904,137,108,4628
904,137,109,12983
904,137,110,21223
904,138,109,2268
904,138,110,15242
904,138,111,53026
904,139,109,7
904,139,110,3096
904,139,111,1342
905,137,108,3373
905,137,109,11921
905,137,110,23170
905,137,111,4
905,138,109,1519
905,138,110,12348
905,138,111,56738
905,138,112,2
905,139,110,2198
905,139,111,2344
906,137,108,1904
906,137,109,10736
906,137,110,25108
906,137,111,69
906,138,109,1022
906,138,110,10828
906,138,111,58950
906,138,112,51
906,139,110,1159
906,139,111,3542
907,137,108,577
907,137,109,9976
907,137,110,25776
907,137,111,766
907,138,109,652
907,138,110,9522
907,138,111,60394
907,138,112,622
907,139,110,483
907,139,111,4359
907,139,112,1
908,137,108,71
908,137,109,9086
908,137,110,22332
908,137,111,5343
908,138,109,324
908,138,110,8510
908,138,111,57547
908,138,112,4718
908,139,110,148
908,139,111,4836
908,139,112,4
909,137,108,3
909,137,109,8435
909,137,110,18764
909,137,111,9588
909,138,109,105
909,138,110,7127
909,138,111,44955
909,138,112,18716
909,139,110,29
909,139,111,5018
909,139,112,47
910,137,109,7957
910,137,110,16096
910,137,111,12647
910,138,109,15
910,138,110,4406
910,138,111,30118
910,138,112,36336
910,139,110,4
910,139,111,4783
910,139,112,270
911,137,109,7285
911,137,110,12242
911,137,111,16965
911,138,109,3
911,138,110,2666
911,138,111,30689
911,138,112,37676
911,139,110,1
911,139,111,4130
911,139,112,798
912,137,109,5881
912,137,110,10898
912,137,111,19426
912,137,112,2
912,138,109,1
912,138,110,1986
912,138,111,29430
912,138,112,39854
912,139,111,3052
912,139,112,1719
913,137,109,3856
913,137,110,11148
913,137,111,20842
913,137,112,30
913,138,110,1652
913,138,111,19443
913,138,112,50398
913,138,113,1
913,139,111,2159
913,139,112,2552
914,137,109,1971
914,137,110,11470
914,137,111,21669
914,137,112,231
914,138,110,1394
914,138,111,15405
914,138,112,54995
914,138,113,13
914,139,111,1296
914,139,112,3374
915,137,109,873
915,137,110,11299
915,137,111,21119
915,137,112,1493
915,138,110,1105
915,138,111,13704
915,138,112,57089
915,138,113,145
915,139,111,530
915,139,112,4207
915,139,113,3
916,137,109,252
916,137,110,10712
916,137,111,17993
916,137,112,5391
916,138,110,730
916,138,111,11892
916,138,112,57776
916,138,113,1655
916,139,111,161
916,139,112,4760
916,139,113,35
917,137,109,44
917,137,110,9968
917,137,111,15524
917,137,112,8579
917,138,110,408
917,138,111,6791
917,138,112,48918
917,138,113,15746
917,139,111,27
917,139,112,4988
917,139,113,172
918,137,109,2
918,137,110,9029
918,137,111,13920
918,137,112,10979
918,138,110,146
918,138,111,4419
918,138,112,37044
918,138,113,30116
918,139,111,5
918,139,112,4755
918,139,113,581
919,137,110,7514
919,137,111,12081
919,137,112,14039
919,138,110,31
919,138,111,3379
919,138,112,36638
919,138,113,31870
919,139,112,3995
919,139,113,1320
920,137,110,5518
920,137,111,11615
920,137,112,16096
920,137,113,3
920,138,110,3
920,138,111,3042
920,138,112,33658
920,138,113,35644
920,139,112,3043
920,139,113,2046
921,137,110,3631
921,137,111,12137
921,137,112,17087
921,137,113,48
921,138,111,2694
921,138,112,28109
921,138,113,41833
921,139,112,2116
921,139,113,2828
922,137,110,2075
922,137,111,12535
922,137,112,17491
922,137,113,409
922,138,111,2238
922,138,112,22838
922,138,113,47880
922,138,114,4
922,139,112,1469
922,139,113,3379
922,139,114,1
923,137,110,1122
923,137,111,11701
923,137,112,16809
923,137,113,2238
923,138,111,1795
923,138,112,18824
923,138,113,52603
923,138,114,122
923,139,112,782
923,139,113,4096
923,139,114,3
924,137,110,479
924,137,111,10793
924,137,112,14967
924,137,113,4985
924,138,111,1363
924,138,112,14260
924,138,113,55943
924,138,114,2090
924,139,112,282
924,139,113,4654
924,139,114,13
925,137,110,171
925,137,111,10140
925,137,112,14809
925,137,113,5707
925,138,111,1015
925,138,112,9852
925,138,113,42013
925,138,114,20862
925,139,112,76
925,139,113,4902
925,139,114,62
926,137,110,59
926,137,111,9215
926,137,112,14735
926,137,113,6445
926,138,111,588
926,138,112,7464
926,138,113,39371
926,138,114,26425
926,139,112,7
926,139,113,4978
926,139,114,189
927,137,110,5
927,137,111,7590
927,137,112,13954
927,137,113,8572
927,138,111,146
927,138,112,5780
927,138,113,40055
927,138,114,28022
927,139,112,1
927,139,113,4584
927,139,114,610
928,137,111,5226
928,137,112,12906
928,137,113,11646
928,137,114,1
928,138,111,14
928,138,112,4704
928,138,113,37268
928,138,114,32316
928,139,113,3612
928,139,114,1475
929,137,111,3179
929,137,112,13186
929,137,113,13041
929,137,114,19
929,138,112,3917
929,138,113,30329
929,138,114,40362
929,139,113,2395
929,139,114,2602
930,137,111,1899
930,137,112,12940
930,137,113,14124
930,137,114,114
930,138,112,3159
930,138,113,26519
930,138,114,45143
930,138,115,4
930,139,113,1447
930,139,114,3529
931,137,111,1065
931,137,112,11933
931,137,113,15072
931,137,114,421
931,138,112,2444
931,138,113,23945
931,138,114,48676
931,138,115,120
931,139,113,815
931,139,114,4199
932,137,111,458
932,137,112,11142
932,137,113,15071
932,137,114,1237
932,138,112,1804
932,138,113,14823
932,138,114,56788
932,138,115,2018
932,139,113,454
932,139,114,4679
933,137,111,119
933,137,112,10559
933,137,113,14712
933,137,114,2116
933,138,112,899
933,138,113,9013
933,138,114,48235
933,138,115,17255
933,139,113,231
933,139,114,5119
933,139,115,3
934,137,111,13
934,137,112,9619
934,137,113,14900
934,137,114,2649
934,138,112,209
934,138,113,7015
934,138,114,46515
934,138,115,21765
934,139,113,98
934,139,114,5248
934,139,115,25
935,137,112,7384
935,137,113,15498
935,137,114,4006
935,138,112,9
935,138,113,6366
935,138,114,46204
935,138,115,23277
935,139,113,22
935,139,114,5024
935,139,115,134
936,137,112,4597
936,137,113,14165
936,137,114,7751
936,138,113,5881
936,138,114,45160
936,138,115,25213
936,139,113,2
936,139,114,4417
936,139,115,583
937,137,112,2916
937,137,113,12773
937,137,114,10374
937,137,115,1
937,138,113,5083
937,138,114,37169
937,138,115,34328
937,139,114,3036
937,139,115,1913
938,137,112,1744
938,137,113,12062
938,137,114,11689
938,137,115,5
938,138,113,3479
938,138,114,31084
938,138,115,42328
938,139,114,1634
938,139,115,3409
939,137,112,722
939,137,113,11802
939,137,114,12278
939,137,115,15
939,138,113,2272
939,138,114,21593
939,138,115,53293
939,138,116,3
939,139,114,857
939,139,115,4375
940,137,112,163
940,137,113,11727
940,137,114,12419
940,137,115,64
940,138,113,1418
940,138,114,10455
940,138,115,65101
940,138,116,80
940,139,114,494
940,139,115,5048
940,139,116,2
941,137,112,24
941,137,113,11366
941,137,114,12532
941,137,115,282
941,138,113,717
941,138,114,8120
941,138,115,66868
941,138,116,1034
941,139,114,267
941,139,115,5506
941,139,116,5
942,137,113,9913
942,137,114,12894
942,137,115,1072
942,138,113,205
942,138,114,7488
942,138,115,60283
942,138,116,8754
942,139,114,112
942,139,115,5752
942,139,116,36
943,137,113,7353
943,137,114,12864
943,137,115,3178
943,138,113,28
943,138,114,7079
943,138,115,53113
943,138,116,17047
943,139,114,43
943,139,115,5393
943,139,116,218
944,137,113,5137
944,137,114,13134
944,137,115,4625
944,138,114,6630
944,138,115,46679
944,138,116,24589
944,139,114,9
944,139,115,4462
944,139,116,880
945,137,113,2862
945,137,114,14242
945,137,115,5349
945,138,114,5615
945,138,115,33054
945,138,116,39730
945,139,114,4
945,139,115,2757
945,139,116,2335
946,137,113,1265
946,137,114,14605
946,137,115,6159
946,138,114,4325
946,138,115,20044
946,138,116,54398
946,139,115,1344
946,139,116,3641
947,137,113,286
947,137,114,14035
947,137,115,7349
947,137,116,1
947,138,114,3106
947,138,115,11871
947,138,116,63936
947,138,117,2
947,139,115,799
947,139,116,4190
948,137,113,34
948,137,114,13144
948,137,115,8472
948,137,116,13
948,138,114,2134
948,138,115,10177
948,138,116,66158
948,138,117,84
948,139,115,514
948,139,116,4665
949,137,113,1
949,137,114,12300
949,137,115,9269
949,137,116,39
949,138,114,1335
949,138,115,9820
949,138,116,65459
949,138,117,1479
949,139,115,279
949,139,116,5209
949,139,117,5
950,137,114,11558
950,137,115,9767
950,137,116,106
950,138,114,590
950,138,115,9506
950,138,116,53247
950,138,117,14390
950,139,115,116
950,139,116,5661
950,139,117,52
951,137,114,10042
951,137,115,10713
951,137,116,223
951,138,114,165
951,138,115,8518
951,138,116,39926
951,138,117,29269
951,139,115,43
951,139,116,5562
951,139,117,366
952,137,114,6380
952,137,115,13398
952,137,116,429
952,138,114,22
952,138,115,6940
952,138,116,34231
952,138,117,37473
952,139,115,18
952,139,116,4348
952,139,117,1419
953,137,114,2853
953,137,115,15777
953,137,116,803
953,138,115,5569
953,138,116,33234
953,138,117,40597
953,139,115,4
953,139,116,2562
953,139,117,3058
954,137,114,1098
954,137,115,16161
954,137,116,1548
954,138,115,4132
954,138,116,26038
954,138,117,49693
954,138,118,2
954,139,116,1468
954,139,117,4098
955,137,114,333
955,137,115,15627
955,137,116,2460
955,138,115,3027
955,138,116,16676
955,138,117,60210
955,138,118,66
955,139,116,678
955,139,117,4959
955,139,118,2
956,137,114,99
956,137,115,14767
956,137,116,3396
956,138,115,2260
956,138,116,13619
956,138,117,62776
956,138,118,1077
956,139,116,370
956,139,117,5456
956,139,118,10
957,137,114,8
957,137,115,13762
957,137,116,4290
957,138,115,1383
957,138,116,11082
957,138,117,55181
957,138,118,11641
957,139,116,170
957,139,117,6056
957,139,118,59
958,137,114,1
958,137,115,12610
958,137,116,5121
958,138,115,510
958,138,116,9972
958,138,117,33402
958,138,118,35127
958,139,116,78
958,139,117,6410
958,139,118,241
959,137,115,10416
959,137,116,6815
959,137,117,3
959,138,115,89
959,138,116,8653
959,138,117,34001
959,138,118,36634
959,139,116,41
959,139,117,5805
959,139,118,833
960,137,115,6372
960,137,116,10164
960,137,117,16
960,138,115,6
960,138,116,6635
960,138,117,35335
960,138,118,38190
960,139,116,11
960,139,117,4139
960,139,118,2227
961,137,115,3446
961,137,116,12456
961,137,117,41
961,138,116,4989
961,138,117,34296
961,138,118,41463
961,138,119,1
961,139,116,2
961,139,117,1912
961,139,118,4285
962,137,115,1554
962,137,116,13774
962,137,117,99
962,138,116,4132
962,138,117,27556
962,138,118,49415
962,138,119,39
962,139,116,1
962,139,117,907
962,139,118,5210
963,137,115,435
963,137,116,14255
963,137,117,180
963,138,116,3607
963,138,117,18087
963,138,118,59103
963,138,119,710
963,139,117,389
963,139,118,5703
964,137,115,56
964,137,116,14388
964,137,117,267
964,138,116,2949
964,138,117,13661
964,138,118,56812
964,138,119,7888
964,139,117,147
964,139,118,6139
964,139,119,2
965,137,115,3
965,137,116,14127
965,137,117,573
965,138,116,2086
965,138,117,12437
965,138,118,42902
965,138,119,23340
965,139,117,32
965,139,118,6623
965,139,119,19
966,137,115,1
966,137,116,13210
966,137,117,1313
966,138,116,1107
966,138,117,11039
966,138,118,36950
966,138,119,31150
966,139,117,9
966,139,118,6997
966,139,119,183
967,137,116,10806
967,137,117,3314
967,138,116,334
967,138,117,8605
967,138,118,36364
967,138,119,34749
967,139,117,1
967,139,118,6292
967,139,119,1293
968,137,116,6949
968,137,117,6427
968,138,116,48
968,138,117,6375
968,138,118,37724
968,138,119,36638
968,139,117,1
968,139,118,3461
968,139,119,3911
969,137,116,3478
969,137,117,8701
969,138,116,1
969,138,117,5136
969,138,118,37646
969,138,119,39400
969,138,120,1
969,139,118,1827
969,139,119,5122
970,137,116,1029
970,137,117,9892
970,137,118,1
970,138,117,4589
970,138,118,32677
970,138,119,46109
970,138,120,30
970,139,118,976
970,139,119,5686
971,137,116,73
971,137,117,10533
971,137,118,7
971,138,117,3972
971,138,118,18790
971,138,119,60259
971,138,120,447
971,139,118,451
971,139,119,6189
971,139,120,9
972,137,116,2
972,137,117,10750
972,137,118,33
972,138,117,3229
972,138,118,15602
972,138,119,60362
972,138,120,3685
972,139,118,159
972,139,119,6554
972,139,120,117
973,137,116,1
973,137,117,10749
973,137,118,118
973,138,117,2040
973,138,118,14682
973,138,119,51349
973,138,120,14133
973,139,118,33
973,139,119,6375
973,139,120,788
974,137,117,10497
974,137,118,327
974,138,117,645
974,138,118,13216
974,138,119,44900
974,138,120,23121
974,139,118,6
974,139,119,4473
974,139,120,2876
975,137,117,9823
975,137,118,793
975,138,117,52
975,138,118,11178
975,138,119,42710
975,138,120,28172
975,139,118,1
975,139,119,2951
975,139,120,4088
976,137,117,8291
976,137,118,1898
976,138,117,4
976,138,118,8913
976,138,119,41195
976,138,120,32400
976,139,119,2162
976,139,120,4648
977,137,117,5802
977,137,118,3654
977,138,118,6954
977,138,119,40803
977,138,120,35303
977,139,119,1560
977,139,120,5174
978,137,117,3102
978,137,118,5117
978,138,118,5466
978,138,119,38752
978,138,120,39749
978,138,121,5
978,139,119,1028
978,139,120,5725
978,139,121,3
979,137,117,986
979,137,118,6185
979,137,119,3
979,138,118,3669
979,138,119,31577
979,138,120,49252
979,138,121,90
979,139,119,517
979,139,120,6279
979,139,121,65
980,137,117,133
980,137,118,6934
980,137,119,2
980,138,118,1197
980,138,119,23703
980,138,120,58487
980,138,121,846
980,139,119,211
980,139,120,6290
980,139,121,511
981,137,117,5
981,137,118,7225
981,137,119,5
981,138,118,254
981,138,119,19038
981,138,120,60016
981,138,121,4432
981,139,119,63
981,139,120,5020
981,139,121,2021
982,137,118,7263
982,137,119,23
982,138,118,30
982,138,119,16426
982,138,120,56260
982,138,121,10871
982,139,119,6
982,139,120,3451
982,139,121,3478
983,137,118,6943
983,137,119,77
983,138,119,14098
983,138,120,51265
983,138,121,18342
983,139,120,2628
983,139,121,4149
984,137,118,6353
984,137,119,204
984,138,119,10903
984,138,120,48692
984,138,121,24218
984,139,120,2141
984,139,121,4705
985,137,118,5244
985,137,119,570
985,138,119,7319
985,138,120,44153
985,138,121,32551
985,139,120,1789
985,139,121,5289
986,137,118,3367
986,137,119,1390
986,138,119,4403
986,138,120,44076
986,138,121,35898
986,138,122,2
986,139,120,1336
986,139,121,6156
987,137,118,1204
987,137,119,2451
987,138,119,2053
987,138,120,43622
987,138,121,39057
987,138,122,43
987,139,120,897
987,139,121,6972
987,139,122,14
988,137,118,166
988,137,119,3089
988,137,120,1
988,138,119,574
988,138,120,39904
988,138,121,44017
988,138,122,229
988,139,120,367
988,139,121,7374
988,139,122,203
989,137,118,12
989,137,119,3245
989,137,120,2
989,138,119,97
989,138,120,28677
989,138,121,54724
989,138,122,1039
989,139,120,121
989,139,121,6448
989,139,122,1226
990,137,119,3117
990,137,120,3
990,138,119,14
990,138,120,22204
990,138,121,58423
990,138,122,3943
990,139,120,29
990,139,121,4336
990,139,122,3308
991,137,119,2815
991,137,120,9
991,138,120,18475
991,138,121,57415
991,138,122,8694
991,139,120,6
991,139,121,3059
991,139,122,4664
992,137,119,2220
992,137,120,16
992,138,120,13229
992,138,121,56132
992,138,122,15251
992,139,121,2398
992,139,122,5446
993,137,119,1318
993,137,120,25
993,138,120,8596
993,138,121,52375
993,138,122,23408
993,139,121,1969
993,139,122,6131
994,137,119,448
994,137,120,35
994,138,120,4824
994,138,121,45616
994,138,122,33359
994,138,123,1
994,139,121,1430
994,139,122,6956
995,137,119,113
995,137,120,27
995,138,120,2355
995,138,121,43350
995,138,122,37397
995,138,123,7
995,139,121,843
995,139,122,7855
995,139,123,1
996,137,119,9
996,137,120,11
996,138,120,1028
996,138,121,39282
996,138,122,42249
996,138,123,25
996,139,121,353
996,139,122,8541
996,139,123,13
997,137,120,4
997,138,120,288
997,138,121,23631
997,138,122,58099
997,138,123,105
997,139,121,114
997,139,122,8907
997,139,123,100
998,137,120,3
998,138,120,46
998,138,121,20361
998,138,122,61020
998,138,123,501
998,139,121,25
998,139,122,8548
998,139,123,525
999,137,120,6
999,138,120,4
999,138,121,16521
999,138,122,62314
999,138,123,2934
999,139,121,3
999,139,122,7131
999,139,123,1927
1000,137,120,3
1000,138,121,12269
1000,138,122,60344
1000,138,123,8944
1000,139,122,4771
1000,139,123,4268
1001,137,120,1
1001,138,121,8515
1001,138,122,58456
1001,138,123,14263
1001,139,122,2962
1001,139,123,6142
1002,138,121,6241
1002,138,122,55870
1002,138,123,18682
1002,139,122,1854
1002,139,123,7362
1003,138,121,3964
1003,138,122,49510
1003,138,123,26645
1003,139,122,976
1003,139,123,8588
1003,139,124,2
1004,138,121,1834
1004,138,122,35901
1004,138,123,41551
1004,139,122,345
1004,139,123,9765
1004,139,124,22
1005,138,121,529
1005,138,122,26839
1005,138,123,51230
1005,138,124,3
1005,139,122,86
1005,139,123,10300
1005,139,124,153
1006,138,121,95
1006,138,122,19439
1006,138,123,58761
1006,138,124,58
1006,139,122,20
1006,139,123,9909
1006,139,124,666
1007,138,121,6
1007,138,122,14525
1007,138,123,63228
1007,138,124,525
1007,139,122,1
1007,139,123,8258
1007,139,124,2229
1008,138,122,11081
1008,138,123,63611
1008,138,124,3453
1008,139,123,5854
1008,139,124,4527
1009,138,122,8938
1009,138,123,57419
1009,138,124,11597
1009,139,123,3684
1009,139,124,6599
1010,138,122,6817
1010,138,123,55187
1010,138,124,15644
1010,139,123,2261
1010,139,124,8034
1010,139,125,1
1011,138,122,5193
1011,138,123,49395
1011,138,124,22693
1011,139,123,1133
1011,139,124,9151
1011,139,125,8
1012,138,122,3835
1012,138,123,37028
1012,138,124,35991
1012,139,123,532
1012,139,124,9803
1012,139,125,32
1013,138,122,2796
1013,138,123,31140
1013,138,124,42445
1013,138,125,3
1013,139,123,165
1013,139,124,10266
1013,139,125,101
1014,138,122,1883
1014,138,123,22420
1014,138,124,51489
1014,138,125,45
1014,139,123,35
1014,139,124,10422
1014,139,125,370
1015,138,122,969
1015,138,123,15272
1015,138,124,58565
1015,138,125,310
1015,139,123,3
1015,139,124,9925
1015,139,125,1387
1016,138,122,315
1016,138,123,12403
1016,138,124,59971
1016,138,125,1755
1016,139,124,7542
1016,139,125,4191
1017,138,122,43
1017,138,123,7801
1017,138,124,56773
1017,138,125,9517
1017,139,124,4192
1017,139,125,7555
1018,138,123,4828
1018,138,124,40235
1018,138,125,28920
1018,139,124,2361
1018,139,125,9171
1018,139,126,1
1019,138,123,3935
1019,138,124,37929
1019,138,125,31929
1019,139,124,1362
1019,139,125,9957
1019,139,126,5
1020,138,123,3367
1020,138,124,36416
1020,138,125,33746
1020,139,124,489
1020,139,125,10608
1020,139,126,19
1021,138,123,2973
1021,138,124,34580
1021,138,125,35702
1021,138,126,1
1021,139,124,135
1021,139,125,10814
1021,139,126,45
1022,138,123,2464
1022,138,124,28105
1022,138,125,42170
1022,138,126,28
1022,139,124,21
1022,139,125,10965
1022,139,126,215
1023,138,123,1882
1023,138,124,18552
1023,138,125,51449
1023,138,126,307
1023,139,124,2
1023,139,125,10289
1023,139,126,1212
1024,138,123,1160
1024,138,124,11817
1024,138,125,56129
1024,138,126,2492
1024,139,125,6901
1024,139,126,4823
1025,138,123,454
1025,138,124,6608
1025,138,125,51833
1025,138,126,12182
1025,139,125,3706
1025,139,126,8125
1026,138,123,93
1026,138,124,4624
1026,138,125,43209
1026,138,126,22946
1026,139,125,2024
1026,139,126,9600
1027,138,123,4
1027,138,124,3356
1027,138,125,41730
1027,138,126,25616
1027,139,125,843
1027,139,126,10481
1028,138,124,2585
1028,138,125,40681
1028,138,126,27134
1028,138,127,1
1028,139,125,234
1028,139,126,11091
1028,139,127,8
1029,138,124,2204
1029,138,125,38827
1029,138,126,29077
1029,138,127,13
1029,139,125,61
1029,139,126,11151
1029,139,127,118
1030,138,124,1959
1030,138,125,29619
1030,138,126,38180
1030,138,127,52
1030,139,125,14
1030,139,126,10569
1030,139,127,731
1031,138,124,1791
1031,138,125,14972
1031,138,126,52517
1031,138,127,181
1031,139,125,1
1031,139,126,8099
1031,139,127,3173
1032,138,124,1619
1032,138,125,9994
1032,138,126,56682
1032,138,127,799
1032,139,126,4596
1032,139,127,6616
1033,138,124,1306
1033,138,125,7208
1033,138,126,56222
1033,138,127,3835
1033,139,126,2316
1033,139,127,8932
1034,138,124,812
1034,138,125,4090
1034,138,126,49091
1034,138,127,13957
1034,139,126,965
1034,139,127,10430
1035,138,124,298
1035,138,125,2696
1035,138,126,44064
1035,138,127,20440
1035,139,126,356
1035,139,127,11061
1036,138,124,45
1036,138,125,2211
1036,138,126,41160
1036,138,127,23861
1036,139,126,109
1036,139,127,11182
1036,139,128,5
1037,138,124,4
1037,138,125,2121
1037,138,126,36793
1037,138,127,28251
1037,139,126,49
1037,139,127,10982
1037,139,128,73
1038,138,125,2035
1038,138,126,18225
1038,138,127,46736
1038,138,128,4
1038,139,126,17
1038,139,127,10440
1038,139,128,558
1039,138,125,1954
1039,138,126,13452
1039,138,127,51308
1039,138,128,50
1039,139,126,3
1039,139,127,8423
1039,139,128,2597
1040,138,125,1872
1040,138,126,11108
1040,138,127,53114
1040,138,128,353
1040,139,127,5048
1040,139,128,6027
1041,138,125,1787
1041,138,126,8902
1041,138,127,53398
1041,138,128,1950
1041,139,127,3083
1041,139,128,8135
1042,138,125,1367
1042,138,126,6259
1042,138,127,50318
1042,138,128,7543
1042,139,127,1822
1042,139,128,9617
1043,138,125,784
1043,138,126,4243
1043,138,127,48279
1043,138,128,11615
1043,139,127,1022
1043,139,128,10600
1044,138,125,245
1044,138,126,3397
1044,138,127,44838
1044,138,128,16055
1044,139,127,481
1044,139,128,11144
1044,139,129,4
1045,138,125,50
1045,138,126,2996
1045,138,127,34214
1045,138,128,27126
1045,138,129,1
1045,139,127,140
1045,139,128,11206
1045,139,129,67
1046,138,125,1
1046,138,126,2722
1046,138,127,14671
1046,138,128,46838
1046,138,129,11
1046,139,127,26
1046,139,128,10832
1046,139,129,482
1047,138,126,2490
1047,138,127,12017
1047,138,128,49521
1047,138,129,25
1047,139,127,3
1047,139,128,9375
1047,139,129,2017
1048,138,126,2252
1048,138,127,10348
1048,138,128,51055
1048,138,129,53
1048,139,128,6195
1048,139,129,5343
1049,138,126,1895
1049,138,127,8555
1049,138,128,52678
1049,138,129,97
1049,139,128,4081
1049,139,129,7750
1050,138,126,1475
1050,138,127,6405
1050,138,128,54653
1050,138,129,145
1050,139,128,2839
1050,139,129,9242
1051,138,126,854
1051,138,127,5014
1051,138,128,55930
1051,138,129,355
1051,139,128,1898
1051,139,129,10325
1051,139,130,3
1052,138,126,290
1052,138,127,4182
1052,138,128,54401
1052,138,129,2848
1052,139,128,990
1052,139,129,11179
1052,139,130,35
1053,138,126,46
1053,138,127,3497
1053,138,128,36428
1053,138,129,21616
1053,139,128,361
1053,139,129,11396
1053,139,130,252
1054,138,126,3
1054,138,127,2891
1054,138,128,18753
1054,138,129,39793
1054,139,128,104
1054,139,129,10553
1054,139,130,1264
1055,138,127,2568
1055,138,128,14396
1055,138,129,44357
1055,139,128,16
1055,139,129,7576
1055,139,130,4193
1056,138,127,2273
1056,138,128,12211
1056,138,129,46597
1056,139,128,1
1056,139,129,4915
1056,139,130,6834
1057,138,127,1970
1057,138,128,10275
1057,138,129,48468
1057,139,129,3458
1057,139,130,8366
1058,138,127,1673
1058,138,128,8677
1058,138,129,49869
1058,138,130,5
1058,139,129,2528
1058,139,130,9422
1059,138,127,1145
1059,138,128,6887
1059,138,129,51401
1059,138,130,137
1059,139,129,1834
1059,139,130,10342
1059,139,131,2
1060,138,127,556
1060,138,128,4792
1060,138,129,51636
1060,138,130,1902
1060,139,129,1010
1060,139,130,11340
1060,139,131,26
1061,138,127,101
1061,138,128,3471
1061,138,129,37773
1061,138,130,17060
1061,139,129,308
1061,139,130,12004
1061,139,131,194
1062,138,127,18
1062,138,128,2882
1062,138,129,30764
1062,138,130,24518
1062,139,129,60
1062,139,130,11326
1062,139,131,1093
1063,138,127,1
1063,138,128,2430
1063,138,129,22217
1063,138,130,33324
1063,139,129,11
1063,139,130,7907
1063,139,131,4556
1064,138,128,1943
1064,138,129,16914
1064,138,130,38798
1064,139,130,4269
1064,139,131,8274
1065,138,128,1523
1065,138,129,12607
1065,138,130,43141
1065,139,130,2812
1065,139,131,9839
1066,138,128,1138
1066,138,129,10343
1066,138,130,45333
1066,139,130,2070
1066,139,131,10743
1067,138,128,780
1067,138,129,6876
1067,138,130,48663
1067,138,131,9
1067,139,130,1480
1067,139,131,11547
1067,139,132,1
1068,138,128,420
1068,138,129,4259
1068,138,130,50829
1068,138,131,229
1068,139,130,976
1068,139,131,12352
1068,139,132,19
1069,138,128,210
1069,138,129,3058
1069,138,130,49152
1069,138,131,2699
1069,139,130,486
1069,139,131,12989
1069,139,132,139
1070,138,128,88
1070,138,129,2121
1070,138,130,36151
1070,138,131,16261
1070,139,130,193
1070,139,131,12505
1070,139,132,1086
1071,138,128,31
1071,138,129,1410
1071,138,130,29792
1071,138,131,22984
1071,139,130,47
1071,139,131,8663
1071,139,132,5211
1072,138,128,2
1072,138,129,993
1072,138,130,25634
1072,138,131,27278
1072,139,130,9
1072,139,131,5180
1072,139,132,8844
1073,138,129,696
1073,138,130,16734
1073,138,131,36135
1073,139,131,3424
1073,139,132,10720
1074,138,129,430
1074,138,130,9973
1074,138,131,42697
1074,138,132,7
1074,139,131,2300
1074,139,132,12037
1075,138,129,242
1075,138,130,6556
1075,138,131,45696
1075,138,132,179
1075,139,131,1588
1075,139,132,12951
1076,138,129,79
1076,138,130,4835
1076,138,131,45394
1076,138,132,1841
1076,139,131,1044
1076,139,132,13740
1076,139,133,9
1077,138,129,35
1077,138,130,3438
1077,138,131,36607
1077,138,132,11562
1077,139,131,556
1077,139,132,14255
1077,139,133,146
1078,138,129,7
1078,138,130,2200
1078,138,131,32851
1078,138,132,16022
1078,139,131,232
1078,139,132,13860
1078,139,133,1142
1079,138,129,1
1079,138,130,1126
1079,138,131,30750
1079,138,132,18576
1079,139,131,54
1079,139,132,9955
1079,139,133,5655
1080,138,130,462
1080,138,131,22176
1080,138,132,27419
1080,138,133,2
1080,139,131,14
1080,139,132,5753
1080,139,133,10089
1081,138,130,178
1081,138,131,13325
1081,138,132,36335
1081,138,133,19
1081,139,131,2
1081,139,132,3535
1081,139,133,12313
1082,138,130,56
1082,138,131,9459
1082,138,132,40061
1082,138,133,117
1082,139,132,2268
1082,139,133,13499
1083,138,130,13
1083,138,131,7374
1083,138,132,41535
1083,138,133,518
1083,139,132,1418
1083,139,133,14371
1083,139,134,1
1084,138,130,7
1084,138,131,6151
1084,138,132,40732
1084,138,133,2220
1084,139,132,807
1084,139,133,14958
1084,139,134,47
1085,138,131,4846
1085,138,132,37461
1085,138,133,6419
1085,139,132,419
1085,139,133,15042
1085,139,134,463
1086,138,131,3468
1086,138,132,34446
1086,138,133,10325
1086,139,132,141
1086,139,133,13270
1086,139,134,2724
1087,138,131,2035
1087,138,132,29020
1087,138,133,16566
1087,139,132,55
1087,139,133,8990
1087,139,134,7489
1088,138,131,883
1088,138,132,18608
1088,138,133,27367
1088,138,134,1
1088,139,132,12
1088,139,133,5766
1088,139,134,11292
1089,138,131,260
1089,138,132,14019
1089,138,133,32075
1089,138,134,9
1089,139,132,1
1089,139,133,3745
1089,139,134,13551
1090,138,131,43
1090,138,132,11167
1090,138,133,34756
1090,138,134,62
1090,139,133,2225
1090,139,134,15113
1091,138,131,4
1091,138,132,8414
1091,138,133,37054
1091,138,134,277
1091,139,133,1276
1091,139,134,16051
1092,138,132,6717
1092,138,133,37666
1092,138,134,989
1092,139,133,658
1092,139,134,16691
1092,139,135,16
1093,138,132,5376
1093,138,133,35869
1093,138,134,3540
1093,139,133,321
1093,139,134,16950
1093,139,135,207
1094,138,132,4060
1094,138,133,30805
1094,138,134,9212
1094,139,133,118
1094,139,134,15944
1094,139,135,1294
1095,138,132,2524
1095,138,133,23777
1095,138,134,16943
1095,139,133,23
1095,139,134,12032
1095,139,135,5138
1096,138,132,1239
1096,138,133,21396
1096,138,134,19834
1096,139,133,4
1096,139,134,7975
1096,139,135,9035
1097,138,132,313
1097,138,133,19140
1097,138,134,22415
1097,139,133,1
1097,139,134,4564
1097,139,135,12187
1098,138,132,31
1098,138,133,14417
1098,138,134,27126
1098,138,135,2
1098,139,134,2063
1098,139,135,14411
1099,138,132,2
1099,138,133,10429
1099,138,134,30832
1099,138,135,14
1099,139,134,1048
1099,139,135,15119
1099,139,136,1
1100,138,133,8329
1100,138,134,32416
1100,138,135,89
1100,139,134,558
1100,139,135,15247
1100,139,136,6
1101,138,133,6020
1101,138,134,33807
1101,138,135,404
1101,139,134,331
1101,139,135,15089
1101,139,136,52
1102,138,133,4292
1102,138,134,33658
1102,138,135,1556
1102,139,134,123
1102,139,135,14706
1102,139,136,278
1103,138,133,2608
1103,138,134,30864
1103,138,135,5074
1103,139,134,24
1103,139,135,13689
1103,139,136,1073
1104,138,133,1105
1104,138,134,25968
1104,138,135,10386
1104,139,134,3
1104,139,135,10945
1104,139,136,3563
1105,138,133,263
1105,138,134,21445
1105,138,135,14884
1105,139,135,6508
1105,139,136,7685
1106,138,133,22
1106,138,134,15891
1106,138,135,20226
1106,139,135,3124
1106,139,136,10690
1107,138,134,11999
1107,138,135,23750
1107,139,135,1554
1107,139,136,11830
1108,138,134,9625
1108,138,135,25702
1108,138,136,1
1108,139,135,842
1108,139,136,12156
1108,139,137,1
1109,138,134,7471
1109,138,135,27347
1109,138,136,7
1109,139,135,451
1109,139,136,12210
1109,139,137,3
1110,138,134,4930
1110,138,135,28972
1110,138,136,39
1110,139,135,232
1110,139,136,12009
1110,139,137,20
1111,138,134,2703
1111,138,135,29741
1111,138,136,190
1111,139,135,78
1111,139,136,11717
1111,139,137,97
1112,138,134,951
1112,138,135,29312
1112,138,136,880
1112,139,135,7
1112,139,136,11169
1112,139,137,400
1113,138,134,147
1113,138,135,26705
1113,138,136,3393
1113,139,136,9620
1113,139,137,1603
1114,138,134,10
1114,138,135,19681
1114,138,136,10149
1114,139,136,6054
1114,139,137,4819
1115,138,135,14004
1115,138,136,15473
1115,139,136,2953
1115,139,137,7459
1116,138,135,9613
1116,138,136,19047
1116,139,136,1148
1116,139,137,8806
1117,138,135,6120
1117,138,136,21238
1117,139,136,323
1117,139,137,9201
1118,138,135,3488
1118,138,136,22112
1118,138,137,2
1118,139,136,91
1118,139,137,9087
1119,138,135,1241
1119,138,136,22433
1119,138,137,26
1119,139,136,16
1119,139,137,8846
1119,139,138,2
1120,138,135,200
1120,138,136,22349
1120,138,137,157
1120,139,136,2
1120,139,137,8488
1120,139,138,23
1121,138,135,21
1121,138,136,21654
1121,138,137,544
1121,139,137,7826
1121,139,138,201
1122,138,135,2
1122,138,136,20226
1122,138,137,1341
1122,139,137,6601
1122,139,138,875
1123,138,136,17848
1123,138,137,2641
1123,139,137,4181
1123,139,138,2665
1124,138,136,13412
1124,138,137,4718
1124,139,137,1551
1124,139,138,4651
1125,138,136,6499
1125,138,137,7411
1125,139,137,418
1125,139,138,5186
1126,138,136,1180
1126,138,137,9668
1126,138,138,1
1126,139,137,69
1126,139,138,4898
1127,138,136,46
1127,138,137,10787
1127,138,138,5
1127,139,137,7
1127,139,138,4373
1128,138,137,10811
1128,138,138,9
1128,139,137,1
1128,139,138,3705
1128,139,139,1
1129,138,137,10085
1129,138,138,20
1129,139,138,2943
1129,139,139,9
1130,138,137,8051
1130,138,138,33
1130,139,138,2008
1130,139,139,62
1131,138,137,2984
1131,138,138,96
1131,139,138,910
1131,139,139,183
1132,138,137,303
1132,138,138,112
1132,139,138,251
1132,139,139,228
1133,138,137,3
1133,138,138,73
1133,139,138,33
1133,139,139,147
1134,138,138,42
1134,139,139,70
1135,138,138,17
1135,139,139,20
1136,138,138,5
1136,139,139,6
1137,138,138,1
1137,139,139,1
1138,139,139,1
