rank,expanded,generated,sent,kept,received,dominated_before_closed,dominated_after_closed,first_expanded_timestamp,last_expanded_timestamp,first_received_timestamp,last_received_timestamp
0,365311,299907,886550,57807,896991,48011,119532,0.01148461,4.89994393,0.010161244,4.899942085
1,381382,300635,910157,62613,899058,35861,132571,0.006205296,4.903819219,0.005722667,4.9038226179999995
2,367606,299347,886076,58359,897987,45340,123134,0.01203659,4.8988875929999995,0.010770412,4.898885652
3,374343,299597,893970,61136,901811,40098,129002,0.009387206,4.899823968,0.008914952,4.899836009
4,374230,300749,902461,60526,897014,42833,124830,0.008851061,4.899110433,0.008444994,4.899229117
5,381618,299421,909119,62619,895948,35224,132449,0.012706761,4.898925276,0.011872572,4.898980654
6,380132,301056,907020,62733,897107,36662,130823,0.007114696,4.897625186,0.006721326,4.897623406
7,382206,301399,917249,63036,901591,36637,132435,0.011757947,4.899766992,0.011270987,4.899853519
8,371789,300622,896082,59007,897327,45176,123204,0.00774887,4.8985952170000004,0.007338848,4.898593198
9,382927,300104,914735,62813,897278,35260,133286,0.012475878,4.8990834,0.011961888,4.899081385
10,378071,299951,906975,61540,896373,37016,130747,0.011264802,4.89716387,0.010745597,4.897162058
11,372707,300590,890535,60177,900464,41204,127284,0.009604344,4.898549682,0.009158611,4.899318504
12,372093,300888,895091,59639,898268,43727,124297,0.012064735,4.904012593,0.011103895,4.904010208
13,381469,300414,912134,63058,894542,35009,132307,0.01244724,4.899002459,0.011467571,4.89900042
14,379059,299658,906296,62470,897469,36846,131692,0.009994507,4.903876466,0.009556421,4.903887727
15,381109,300856,910853,63046,898234,35884,132448,0.008339034,4.888906307,0.007933627,4.899642172
16,371210,301042,900326,59344,898157,46085,122494,0.007845761,4.89904468,0.007400623,4.899065564
17,382349,301191,916353,62785,897959,35565,132049,0.011394707,4.897397144,0.010939082,4.899115829
18,381514,300932,913759,63015,895734,35110,133076,0.008961809,4.904087153,0.008554707,4.904085664
19,371028,299381,885041,59477,898688,41266,127457,0.010739267,4.899044058,0.010297504,4.899042368
20,370344,300770,890126,59099,898394,45982,122570,0.010129549,4.890660183,0.009694093,4.898405605
21,378066,300543,901238,61725,896362,37610,130227,0.012247376,4.899792613,0.011399683,4.899790662
22,378941,300760,907029,61540,892442,36878,129678,0.012816481,4.899060003,0.012306922,4.899058017
23,378387,300137,908767,62348,894279,37369,129952,0.011789265,4.898985863,0.011297867,4.899118121
24,373235,299914,903405,60247,895973,43115,124692,0.014620362,4.897277807,0.014167101,4.89952559
25,373301,299893,889590,60347,899492,40035,127962,0.010157206,4.899681243,0.009673835,4.899697195
26,377880,299309,891538,61767,899925,36407,132198,0.009891449,4.888756235,0.009445439,4.899236447
27,366918,298117,878577,57978,896292,43566,124059,0.011689365,4.896181832,0.011172551,4.897537148
28,360646,300205,873684,56724,903513,51807,117425,0.009941421,4.899054618,0.009006368,4.899077537
29,383822,300045,914180,63570,895294,33703,133594,0.010037422,4.898960002,0.009619495,4.898973967
30,384196,300441,916037,63623,895147,32422,134741,0.011989723,4.898976777,0.011513435,4.898975664
31,376534,300351,899038,61392,897585,37944,129301,0.011187119,4.899062481,0.01057432,4.89965194
32,371286,300489,903305,58884,895467,45605,122215,0.010765541,4.899209653,0.009839204,4.899206603
33,384432,301543,920172,62984,897346,34175,134049,0.012016424,4.899078483,0.011522365,4.8991003939999995
34,371927,299541,890153,60164,896264,39790,127730,0.010735753,4.897604046,0.010250068,4.89960102
35,381731,300906,911114,63198,897785,35399,132530,0.011836616,4.897486735,0.011343091,4.899155063
36,364427,300549,878119,56889,899037,49036,119574,0.007928046,4.899057072,0.007494053,4.903945098
37,379270,300374,910791,61969,898437,38044,130344,0.010667259,4.898967707,0.010221464,4.898978205
38,361607,298856,869022,56554,899343,47286,121418,0.01104555,4.899135581,0.010566633,4.899750607
39,381055,300702,913960,62807,897511,36067,131832,0.01092627,4.899007718,0.010503929,4.899006945
40,373967,300097,903936,60234,895933,42007,125328,0.011101833,4.888986918,0.010595188,4.899750216
41,374058,299763,895556,60490,898107,39813,128486,0.009393385,4.897249634,0.008693873,4.897388148
42,374965,299682,895093,60680,899950,39691,129422,0.007608936,4.899127021,0.007149832,4.899125325
43,378154,299939,908034,61880,892841,37491,129568,0.010214341,4.897453424,0.009796989,4.899176752
44,369343,300336,894727,58963,902974,47454,121589,0.010004839,4.89945196,0.009526345,4.899451026
45,378377,300278,905638,61281,897768,37874,130674,0.006698008,4.899272766,0.00627635,4.89927085
46,379433,300467,904621,62527,897128,35237,132541,0.008045595,4.8973946779999995,0.007408743,4.899031183
47,377848,299922,906147,61763,894183,37228,130367,0.008819351,4.896084691,0.00841407,4.898987093
48,366182,298964,884445,57540,897032,46975,121492,0.009155378,4.899127511,0.008715708,4.899138453
49,375657,300741,899438,60905,903412,40607,130011,0.008861788,4.8991051389999996,0.008391195,4.899120057
50,370451,299535,887572,59463,901026,42128,127180,0.012992636,4.904108167,0.0122876,4.904112883
51,368128,298356,876713,58921,896497,41832,125906,0.011386571,4.897495433,0.010902215,4.897494062
52,372773,301166,900696,59971,903928,45530,123060,0.011276166,4.899206644,0.010505206,4.899205367
53,362865,300150,877397,57099,901285,48709,119763,0.008238811,4.899306911,0.007819814,4.899315769
54,381919,299230,913992,63139,890550,33073,133632,0.009090165,4.899208693,0.008690221,4.899212347
55,370252,300123,883380,58822,903354,42641,126351,0.009901032,4.899027948,0.009456308,4.899026898
56,364870,299991,878150,58173,900740,47779,120739,0.009574527,4.899256157,0.009123305,4.904129975
57,378679,300547,906027,61371,899925,38256,130291,0.009981242,4.899061252,0.009557198,4.899155387
58,380342,300779,907414,62475,897926,35592,132454,0.00936474,4.889386019,0.008920848,4.899728109
59,373912,299481,890754,60325,894172,38782,128179,0.00980369,4.8990382839999995,0.009355522,4.899034769
60,368273,299534,892025,58780,892791,45483,122255,0.010775252,4.889305651,0.010276431,4.904079719
61,382735,301063,914730,63265,901501,35626,133162,0.008386755,4.899164107,0.007928629,4.903853058
62,381336,299954,908965,62103,890977,33976,132892,0.010753803,4.898965316,0.01030754,4.899232488
63,379554,300202,906961,61076,896908,37447,130665,0.019412172,4.898928533,0.015377625,4.898940172
64,372055,301433,899957,59624,903597,45298,123243,0.010154889,4.899251348,0.009715905,4.899263279
65,384198,301324,920133,63723,897990,34339,133995,0.009066319,4.898938322,0.008640854,4.898936647
66,375877,299711,899851,61241,899956,39141,129426,0.010066822,4.889065048,0.009379922,4.89087222
67,369729,298919,881468,59746,897203,40694,127167,0.007022043,4.897440908,0.006591694,4.897460594
68,374132,300988,907638,60099,899495,44456,124645,0.006882711,4.897540578,0.006480218,4.899035541
69,382853,300634,918526,63357,893194,34767,132583,0.011343311,4.897383907,0.010880376,4.8994343350000005
70,382062,300946,916794,62928,896982,35301,132942,0.006879452,4.9040719,0.006488374,4.904069835
71,375890,299547,902509,61319,897008,37794,130186,0.013386056,4.899819095,0.012321272,4.899822599
72,373813,301594,901598,59686,901371,44482,124328,0.010690776,4.897520296,0.010186092,4.897518913
73,383241,300550,918788,63296,892581,33776,133777,0.008672409,4.8988803359999995,0.008261903,4.899040671
74,374427,299346,892675,61035,898704,38598,129756,0.010645151,4.897421277,0.009963055,4.899762856
75,375176,299624,898566,60881,897465,38386,129203,0.012960206,4.898996409,0.012424648,4.899569224
76,370107,299805,891314,58970,894129,43994,123408,0.010662221,4.888969205,0.010176122,4.899407354
77,379019,300849,905882,61895,898409,37327,130654,0.011310802,4.899075912,0.010731287,4.89907379
78,379107,300141,909223,62243,895395,36527,131382,0.011398659,4.899172973,0.010912534,4.899171128
79,380742,300942,910877,62631,902127,37512,132149,0.012393853,4.897432798,0.011432661,4.898115002
80,363829,299059,877806,57497,892703,46826,119767,0.009932542,4.889832938,0.009446315,4.897471259
81,380661,300449,913734,62111,892807,36000,130992,0.012330628,4.899145332,0.011340113,4.899143986
82,382412,300348,917499,63331,899877,35387,133548,0.009375091,4.904080832,0.008938611,4.904079772
83,380326,300769,906958,61563,898648,36923,131567,0.009614259,4.8990835409999995,0.009176545,4.899081336
84,364298,299818,878683,58346,901633,47884,120934,0.007759455,4.898461943,0.007321233,4.899793705
85,376942,301464,902256,61237,898256,39048,128967,0.008987692,4.897289415,0.008543696,4.899691926
86,383784,302470,918980,63491,902728,35605,133551,0.011603117,4.897389671,0.011105328,4.897540973
87,380365,300157,910202,62695,894269,36257,131154,0.011895177,4.899284142,0.011398476,4.899282269
88,372825,300568,899611,59911,898494,43888,124626,0.013589105,4.899105392,0.013139833,4.899883249
89,379926,300535,910918,62412,892775,35996,130987,0.011114832,4.898923893,0.010646921,4.898921706
90,378639,300907,911409,61537,896959,37071,130914,0.010836986,4.898983135,0.010397717,4.899036274
91,381129,300106,910556,62323,894381,35779,131871,0.007818033,4.897340628,0.007413397,4.897442176
92,368973,300581,888522,58650,901603,45959,122644,0.011055118,4.889000099,0.010321446,4.899994553
93,381591,301066,917397,62720,896598,35361,132143,0.010900876,4.898951652,0.010446973,4.898955022
94,381274,300842,911886,62509,897044,36219,131564,0.01066994,4.89920905,0.01022917,4.8992062579999995
95,361153,298992,865518,56426,899295,47375,120375,0.011454221,4.898907337,0.010839534,4.89890529
96,373304,300431,899959,59982,897737,42355,125341,0.010988625,4.899730703,0.010448879,4.89972853
97,366040,299694,879624,57642,899721,47545,120757,0.012873171,4.898934458,0.012208193,4.899347447
98,377311,301025,908664,61322,901759,39714,129529,0.010827839,4.899166951,0.010353464,4.899412079
99,377590,299974,908902,61351,897606,39356,129285,0.011077721,4.896237385,0.010629925,4.896236503
100,374053,299928,900577,60119,893437,40787,126266,0.009434572,4.897629268,0.009013071,4.903824809
101,364915,299833,879653,57651,899082,46806,121596,0.00715437,4.899775812,0.006702377,4.899787591
102,378150,300326,908846,62093,898331,39454,128803,0.011978691,4.899050126,0.011541986,4.899699303
103,373512,300015,894585,60777,899802,40473,128329,0.010238181,4.899115174,0.009535835,4.899135321
104,376004,300198,900650,60571,894612,40051,127628,0.00926594,4.899387708,0.008845369,4.899386451
105,372511,299858,901210,60263,898144,43079,125299,0.011848838,4.897641655,0.011363448,4.89903823
106,379218,300632,910597,62367,895726,37254,130491,0.011945688,4.904102686,0.011489775,4.904115078
107,375212,300567,903397,60442,896106,40152,127704,0.014039492,4.896213027,0.013555425,4.898329065
108,370557,299390,890537,59366,899450,43475,125340,0.012040067,4.897422111,0.011392378,4.897426042
109,373587,300446,899032,60192,898966,43515,124579,0.010149615,4.899142004,0.009729718,4.899140357
110,378179,300852,904831,61404,900395,38432,130040,0.009555606,4.897325869,0.009113393,4.897318255
111,377840,300778,905829,61268,898297,38844,129189,0.010914233,4.897486912,0.010460838,4.899463396
112,375188,300666,905208,60408,897462,40992,126617,0.011455225,4.889241243,0.010933668,4.895821906
113,366936,299297,884180,57676,893569,45700,121697,0.009257739,4.898967016,0.008818819,4.899501663
114,378717,301134,909098,61746,900094,38880,129761,0.007961462,4.897475053,0.007550192,4.898988967
115,377635,300851,904691,60894,895809,39487,128478,0.012507023,4.899738587,0.01201008,4.899753098
116,375873,299874,902662,60323,893469,40214,127811,0.010413339,4.896088464,0.009928012,4.897465227
117,371018,300212,896431,59253,898944,44762,123307,0.01134668,4.903953346,0.010881204,4.903951388
118,370180,299652,881724,59491,898975,41890,126688,0.008885269,4.899898513,0.008442206,4.899897705
119,374231,300282,897862,60283,899092,41237,127138,0.009375943,4.899086983,0.008925606,4.899091687
120,374139,300510,897340,60808,897934,40709,127316,0.010965204,4.8990699079999995,0.009566643,4.899068737
121,370082,300394,891510,58546,895385,44744,123524,0.013825314,4.904001986,0.012779107,4.90401523
122,375857,301961,906953,61308,902589,41669,127170,0.010280535,4.898957618,0.009846637,4.8989559400000005
123,375845,299787,898380,60965,898200,39638,127978,0.009151988,4.899050894,0.00870451,4.899047893
124,366869,298373,879175,58650,893494,43375,124142,0.012752832,4.89909799,0.01094312,4.899096073
125,371536,300450,898247,59764,902339,45849,123326,0.01189123,4.899138306,0.011364543,4.899549812
126,371820,301178,893042,60671,905784,42305,126546,0.011495469,4.886671294,0.010768522,4.899295647
127,376194,301432,905776,60917,901657,41646,127240,0.011953736,4.899178609,0.011511334,4.899176518
128,377698,301006,908391,61194,894466,38940,128174,0.009856644,4.896236553,0.009401803,4.899216487
129,367141,300755,885052,57847,899121,48373,119754,0.008023396,4.899038332,0.00762443,4.899047545
130,373756,300079,893736,60324,898187,39925,128364,0.007916616,4.8998017780000005,0.007500827,4.899800498
131,372439,299668,896765,60264,896190,41902,125728,0.012797579,4.897408512,0.011995337,4.898144384
132,371004,299608,889187,59033,895694,42552,125388,0.009262791,4.898431746,0.008800584,4.899291685
133,371731,299811,893000,59707,896351,43074,124323,0.010188104,4.898894515,0.009721218,4.899299075
134,378678,299714,913436,61897,893951,37717,129434,0.01080535,4.8991296989999995,0.010331308,4.8991277
135,368892,300640,885729,58910,901360,44965,124029,0.010359951,4.899804362,0.009914155,4.899802043
136,376517,301218,905682,60896,897998,41271,127232,0.010459982,4.897552656,0.009992012,4.899317298
137,360271,299097,872470,56905,897156,49273,118936,0.010320823,4.898829707,0.009848871,4.898827512
138,369580,298249,882799,58985,892918,40819,126340,0.010810263,4.899116917,0.010292901,4.8991206080000005
139,376671,300459,907157,61147,897861,39538,128800,0.008669649,4.899048308,0.008254207,4.899052884
140,369456,300051,890433,58666,897861,44180,123846,0.01045536,4.899133,0.00975371,4.899139342
141,368875,299221,886894,59137,895003,43431,123184,0.011244539,4.897178738,0.010752183,4.897176926
142,378588,300556,910459,62334,895745,38274,129412,0.012598919,4.898982266,0.012131537,4.899240191
143,365359,298182,875991,58022,894571,42650,124743,0.016860272,4.899830022,0.01150187,4.899828945
144,371200,299515,890124,58827,897993,43470,124885,0.011296691,4.8998690400000005,0.010708478,4.89986792
145,375822,300557,908391,60926,896172,42229,125903,0.010027427,4.89742205,0.009609974,4.897563455
146,378220,300550,904967,62188,898568,37659,130010,0.010059024,4.898962281,0.00963593,4.898960933
147,368261,299316,886308,58908,897076,44025,124440,0.010814084,4.898934295,0.010342394,4.898952021
148,375500,300743,906878,60848,895537,40991,127113,0.010073621,4.898918049,0.00961433,4.898916139
149,367473,300651,891076,58452,899850,47355,120827,0.0138742,4.898901117,0.010078286,4.899726559
150,378471,300606,909488,62110,896161,37377,130552,0.013575024,4.899662617,0.013105376,4.899667132
151,369117,299250,885191,58742,896560,43891,123989,0.008176657,4.899032049,0.007773687,4.899656848
152,370097,300649,896538,59081,898896,44416,123932,0.010509558,4.899056219,0.009771561,4.899053627
153,369615,300419,894362,59552,897232,44962,122724,0.010591307,4.899458794,0.010135739,4.899455852
154,360313,299270,866366,56072,896822,48514,120000,0.010275414,4.898975212,0.009685509,4.898991755
155,379414,300495,908834,61920,893703,36660,130688,0.011253456,4.895512714,0.010814382,4.898110159
156,368841,300021,887996,58398,897768,44340,123753,0.007075196,4.897728499,0.006587178,4.897732235
157,376446,301559,910330,61027,903768,43289,126661,0.012465312,4.899094133,0.011946316,4.899688833
158,373670,300261,898488,60414,897166,40925,126663,0.006900069,4.898956428,0.006499456,4.899247654
159,372573,299359,890253,60024,895054,40224,127440,0.008652537,4.897383245,0.008206596,4.897451065
160,374806,301076,904155,60857,900937,43198,125599,0.008125445,4.899194431,0.007710208,4.899192375
161,373164,300695,898732,60148,900536,44250,124558,0.011004903,4.899773272,0.01057587,4.899769965
162,370833,300443,891217,60031,899536,42142,126525,0.010886476,4.899215621,0.010174554,4.899248041
163,370625,299884,888658,59343,897854,42927,125070,0.013965791,4.89972632,0.013414769,4.8997238119999995
164,360904,299518,868087,56339,900310,50230,118808,0.010526726,4.898990974,0.009705141,4.899006965
165,367060,300235,883356,58373,898648,46311,121552,0.012390655,4.897382622,0.010802449,4.903921044
166,379940,300738,914057,61786,896729,37368,130579,0.009041864,4.888976704,0.008629302,4.899370592
167,374160,300515,904626,60281,902157,42126,126629,0.012406335,4.899602699,0.011928672,4.899598232
168,371150,300908,888401,59428,900060,43202,125133,0.010727686,4.899633411,0.010151245,4.899643228
169,370685,300251,898238,59625,899823,45394,123781,0.008844191,4.899041004,0.008440992,4.899801387
170,369947,298277,889905,58705,890437,40490,126692,0.009579817,4.889193442,0.009095984,4.897987547
171,371978,299938,889381,59861,897649,41456,126406,0.013467579,4.889125572,0.011334387,4.88912474
172,371250,299345,887676,58726,894279,41286,126726,0.009966639,4.89915065,0.009499214,4.899804577
173,366275,299634,885677,58371,897930,46839,121530,0.019302275,4.897549358,0.010204723,4.898973814
174,372232,299652,886550,59719,895478,40357,127505,0.009961157,4.898884571,0.009281487,4.898882337
175,367204,298337,873673,59020,894517,41020,126560,0.010908344,4.9039262279999996,0.010415587,4.903935325
176,376433,299983,907408,61435,893777,39274,128309,0.010491796,4.89746035,0.010001352,4.897446936
177,368892,299963,893519,58516,898699,46587,121827,0.011794437,4.898949128,0.01132695,4.899307888
178,373663,299880,892930,59936,900453,41945,127213,0.011007957,4.899123401,0.010482535,4.899121512
179,370000,299582,887918,58971,897120,42497,126087,0.010029668,4.899620928,0.00956359,4.899619166
180,375197,301581,904859,60804,902189,42415,126639,0.011052044,4.900076379,0.010521489,4.900074505
181,365254,300123,880007,57371,898752,47771,120591,0.006973121,4.89916913,0.006565019,4.899168034
182,369075,300150,885928,59195,901953,43309,125532,0.011548293,4.897698325,0.011046665,4.89769744
183,378789,300560,911962,61568,894132,38212,129201,0.013262143,4.898945324,0.012761523,4.898943374
184,376872,300424,907612,61281,896504,39808,128225,0.008189075,4.90002004,0.007791844,4.90004734
185,374742,300562,906921,60749,894429,41856,125704,0.00888843,4.899073537,0.008483959,4.899088802
186,368303,300014,887097,58500,898889,45852,122497,0.010370319,4.899227005,0.009927265,4.899238541
187,365990,300006,877262,58341,900685,44647,123837,0.009377947,4.899888546,0.008497234,4.899885688
188,376445,300559,905626,60906,898584,40513,127828,0.009252146,4.899188798,0.008841418,4.899536096
189,373734,301193,901130,59958,902353,44402,125023,0.014893976,4.889200279,0.013797758,4.8997386800000005
190,378167,300940,905157,61827,898613,38908,129079,0.010856912,4.903773527,0.010393843,4.903771295
191,368888,299587,883734,59471,896712,42350,124954,0.009130845,4.904051203,0.008689225,4.904062931
192,373660,300067,900101,60743,899859,42670,125647,0.011396642,4.89925171,0.010910203,4.899269411
193,373331,300590,903230,60180,899296,44216,124457,0.011652328,4.897361422,0.01112826,4.897381685
194,373029,299855,896937,59605,896601,42486,125719,0.012329661,4.896144606,0.011068527,4.899848298
195,376727,300321,910098,61118,896275,39837,128232,0.00895416,4.897357097,0.008541242,4.897377495
196,376561,300260,905491,60258,896576,40596,127787,0.009918382,4.899523444,0.009461757,4.899521837
197,372165,299697,893299,59748,898358,43174,124873,0.011954515,4.899053545,0.010915889,4.899076701
198,377154,301494,913238,60913,902615,43349,126518,0.008435248,4.899172562,0.008021028,4.90391598
199,377766,300969,907417,61344,899404,39598,129097,0.009181983,4.897422935,0.008731539,4.897422134
200,372822,300148,896496,60248,899959,42446,126393,0.011649197,4.899193743,0.011150462,4.899204132
201,375815,300645,906363,60717,895903,41693,126708,0.010212126,4.888753113,0.009765321,4.903680685
202,371264,300097,896340,59346,893739,43505,123563,0.010267856,4.899028712,0.00981926,4.899027875
203,373382,299972,889800,60378,900659,40784,127924,0.009808304,4.899768853,0.009106438,4.899767828
204,371692,300402,892121,59846,899643,42671,125678,0.011676227,4.89895797,0.01119721,4.899525955
205,367460,299477,889562,58381,895634,46009,122319,0.014822069,4.896078574,0.013308059,4.897371803
206,369972,298989,888877,59171,893852,42473,124317,0.009697935,4.899174081,0.009239999,4.8996855440000004
207,380122,300566,911559,61721,894642,37148,130711,0.010509333,4.899018964,0.010028301,4.899532783
208,377823,300335,907891,61512,897934,39273,128701,0.010949095,4.897450693,0.01049974,4.899582333
209,369901,301132,891587,58478,901543,45408,123492,0.011797792,4.899642672,0.011115972,4.899734588
210,372992,301251,902628,59772,902522,44705,124369,0.01069591,4.88889456,0.010243387,4.899652435
211,369241,299283,879865,59086,896430,40405,127731,0.007729362,4.898976997,0.007299589,4.899623049
212,377958,299804,905868,61625,898976,39943,128731,0.010410809,4.898969499,0.009975779,4.898967122
213,368928,299952,888040,58628,897919,45623,123021,0.00762697,4.8989545119999995,0.007200921,4.898952214
214,373687,299676,902783,60133,897295,42734,125505,0.008964401,4.8974168129999995,0.008525728,4.897544536
215,370479,301342,897656,58917,899907,46915,121546,0.014338669,4.895935141,0.013836101,4.897698651
216,373768,300378,897565,60433,899633,41331,126763,0.014358458,4.899460199,0.013542441,4.899458033
217,377199,300229,906684,61267,897482,40655,127597,0.00976144,4.9039233509999995,0.00933789,4.903932902
218,374977,300811,903846,60070,899673,42883,125968,0.012096623,4.899697587,0.011635447,4.899695654
219,369064,299778,889247,58366,895533,42972,124569,0.009445873,4.89896487,0.008864869,4.903815146
220,378372,300182,905673,62267,895349,37517,130207,0.010268055,4.899827256,0.009817628,4.899826387
221,377584,301264,910814,61045,898689,41705,126697,0.00903963,4.896803609,0.00861255,4.8973071489999995
222,374840,300423,903599,60461,895678,41009,126637,0.010995853,4.899468555,0.010083401,4.899466491
223,376491,299327,901409,61027,892104,38051,128358,0.008924551,4.897279418,0.008510256,4.899191181
224,364819,298894,875566,57512,895312,45039,122903,0.010300772,4.888866524,0.009350547,4.896205178
225,373242,301008,899382,59331,898810,43969,124619,0.010651821,4.898960396,0.01016989,4.898975499
226,372969,300689,902592,59503,898825,44440,123783,0.012497003,4.899162519,0.012069295,4.899173847
227,377010,301006,906225,61555,898378,39556,128365,0.009034723,4.899233625,0.008619062,4.900002163
228,371184,300403,893500,59815,904057,44233,125015,0.008999869,4.898799406,0.008348278,4.8987976920000005
229,369644,299666,884556,58883,898342,44138,124553,0.009896065,4.899219098,0.00942078,4.899217604
230,373365,299277,899450,60204,895016,42366,125356,0.009843302,4.897498145,0.009410749,4.897495386
231,378043,300411,907799,61347,896029,38737,129241,0.009112121,4.898623636,0.008695428,4.899961588
232,377314,300802,907888,61554,898805,39536,128137,0.009287584,4.897421537,0.008855286,4.899748828
233,373420,300319,893291,60207,897927,41734,125866,0.00990096,4.897411536,0.009436883,4.8974392810000005
234,373683,300088,900677,60090,895089,41667,125553,0.011315468,4.899401931,0.010839639,4.89940017
235,375188,300520,901992,60809,898358,40696,127425,0.012502521,4.899145588,0.011564318,4.899749048
236,371306,299850,889770,59812,896598,43361,124573,0.009909559,4.897869432,0.009462642,4.8995879559999995
237,363758,300241,873281,57413,902247,48336,120279,0.009244901,4.899087682,0.00858304,4.899093329
238,371940,300687,901300,59702,899404,44757,123327,0.01125069,4.897490601,0.010794557,4.898772875
239,367998,299519,883431,59251,899408,42561,125840,0.009832561,4.899030609,0.009363508,4.899046388
240,368692,299458,888748,58945,896107,44332,123387,0.007733719,4.89904942,0.007298429,4.899100623
241,376902,301418,906602,60896,897938,41048,127600,0.01068164,4.89885923,0.010207469,4.8990361270000005
242,366359,300134,887977,58650,895838,46787,120744,0.009209991,4.897599009,0.008778372,4.89795051
243,377734,301003,906449,61087,897107,39792,128617,0.009286329,4.899572349,0.008837469,4.89962285
244,376640,300610,905430,61043,902437,42186,127137,0.010483924,4.8975181469999995,0.010032355,4.899591555
245,358957,299298,866727,56013,900088,51116,117674,0.011577506,4.889165227,0.010482518,4.898995571
246,373641,300514,900891,59892,897724,43005,124451,0.007344399,4.899060652,0.006890444,4.899485691
247,379103,300305,910757,62609,899795,38536,129979,0.011445833,4.903871832,0.010549138,4.903876146
248,376322,300804,907852,61249,894985,39772,128085,0.010900817,4.899100567,0.010422886,4.899104794
249,366884,299184,884349,57935,892263,43740,123107,0.009580354,4.897361612,0.009114872,4.899762314
250,370747,299828,892689,59364,895749,44305,123374,0.010799264,4.899503191,0.010327441,4.899501611
251,375362,300915,898986,61214,905448,40861,128495,0.009458812,4.8974289540000004,0.008947188,4.903718442
252,368667,298799,883756,58490,897596,43491,124737,0.012074105,4.899840398,0.01155207,4.89983848
253,367462,299542,886345,58507,898714,46827,121773,0.010127539,4.897287803,0.009639959,4.899593856
254,373744,299959,902309,60678,895598,42011,125708,0.009641554,4.903918277,0.009221409,4.90392579
255,370061,299153,891056,58558,895640,42980,125328,0.009234705,4.899884955,0.008771499,4.899901413
256,365636,299875,880331,58297,904300,47296,121978,0.011734816,4.897588619,0.011028218,4.899517382
257,373249,301261,899577,60689,898709,43273,124930,0.012021749,4.897232273,0.011501371,4.899577616
258,372567,300843,902223,60342,899805,44539,123945,0.010580849,4.89971278,0.010129714,4.899710325
259,376147,300800,903064,61357,897797,41260,126888,0.010141298,4.899001785,0.009681645,4.89974295
260,378565,300835,910696,62034,899088,39251,129318,0.009163366,4.899267459,0.008727637,4.8992666830000005
261,377589,299504,910982,61764,892743,38539,128069,0.013192654,4.886875695,0.012733391,4.899282929
262,372590,299361,895928,59279,894698,43091,125392,0.008767015,4.899063476,0.008336539,4.899061695
263,377065,299797,904351,61640,895485,38920,128279,0.007632744,4.897231889,0.007232697,4.898431824
264,377666,300868,908884,61610,899201,39249,128995,0.01204714,4.897479409,0.011542039,4.899920281
265,375613,299912,905822,61282,900112,41620,127636,0.014332284,4.899415789,0.010661871,4.8994741269999995
266,370060,299783,891280,58644,895836,44325,123565,0.011432621,4.898971248,0.010925006,4.899129368
267,371694,299768,891053,59643,895425,40981,126488,0.010261309,4.897530425,0.009761729,4.899525856
268,372338,298302,894103,59602,892099,40925,126628,0.00886837,4.893591533,0.008247499,4.893608079
269,373139,301048,901654,60288,900905,44156,124401,0.011047975,4.897271573,0.010563102,4.8975573610000005
270,372492,300107,895480,59472,902036,44052,125389,0.009982714,4.898901407,0.009501148,4.8988990900000005
271,375063,301518,901815,61053,902580,42360,126268,0.011436227,4.897292833,0.010997371,4.899610042
272,373878,299784,899470,60147,895495,41605,126046,0.011964571,4.899126368,0.011468542,4.899846736
273,372888,300860,904772,60178,900442,45429,123910,0.010367304,4.893534717,0.009912358,4.899743423
274,371953,300153,894414,59557,899176,44152,124503,0.010135027,4.897232511,0.009092206,4.899518034
275,375350,299456,897041,60977,894373,38877,127929,0.01040052,4.898974297,0.009942311,4.898989341
276,378992,301115,908241,62284,899697,39741,129033,0.007290629,4.898844137,0.006871979,4.898996506
277,371059,300202,891599,58837,898692,44515,124085,0.008550777,4.898972646,0.008124822,4.899781344
278,373016,299677,896724,58958,896084,42705,125557,0.011645904,4.897514004,0.011148891,4.899879067
279,367093,300232,883913,57842,898965,45496,123042,0.010318027,4.899693425,0.009853047,4.899692209
280,360810,298884,867507,55988,895600,48808,119326,0.011525238,4.898777871,0.010773701,4.898776507
281,375579,302247,909520,60500,900385,42514,125462,0.010549338,4.899013008,0.010081718,4.8994544399999995
282,377291,300877,906085,61658,899146,40861,127772,0.011495274,4.888711334,0.010156714,4.899373037
283,369941,299978,885506,59270,898183,42634,124782,0.01002853,4.897365675,0.009339584,4.899717714
284,375979,300903,907189,60650,895770,40376,127423,0.012578955,4.899724008,0.012126573,4.9038877880000005
285,370688,299489,891649,58762,897714,44273,124106,0.00999973,4.898882168,0.009501225,4.89917677
286,375354,300773,899077,61090,902337,41395,127295,0.014042485,4.899013297,0.012876487,4.89980289
287,373265,299893,902683,59878,895423,41600,126342,0.0118733,4.897252569,0.011384552,4.899367395
288,377054,301519,907653,61075,896572,39532,127840,0.010509657,4.897580478,0.010064802,4.899191102
289,381529,300985,914213,62504,898291,35385,132486,0.011733677,4.8997343749999995,0.011262203,4.899732887
290,376130,301456,906007,60446,900918,42058,127162,0.009170457,4.899971927,0.008751119,4.899985445
291,375082,299773,894889,60309,897307,38284,129788,0.007935942,4.899561044,0.007491124,4.899559354
292,378399,301293,915257,61717,897788,40471,128184,0.01089892,4.899370911,0.010442154,4.899374211
293,383709,300245,919218,62984,894269,33434,134094,0.010886398,4.898935871,0.010416944,4.89893472
294,374455,300246,904773,60731,895913,41704,126150,0.011503586,4.899007786,0.010573901,4.899005309
295,378992,300150,904773,62403,901178,37576,131389,0.008711935,4.899316973,0.008246347,4.899707947
296,377844,301052,906478,61296,901509,40618,128050,0.007827421,4.895980355,0.007357378,4.898176229
297,379567,299336,908737,61576,889906,34923,131984,0.012905469,4.898902155,0.01238269,4.898901039
298,370021,300298,895863,58401,901327,45542,123458,0.012869062,4.896119893,0.012151811,4.897572814
299,378183,300932,906753,61758,902402,38676,130440,0.011936649,4.897326816,0.011473485,4.89734219
300,376680,301978,907703,61258,903061,41410,127367,0.012500497,4.88897215,0.012039383,4.899590529
301,360825,299120,867033,57389,902708,48827,120642,0.009211552,4.89921412,0.008746455,4.899261491
302,374769,300395,903458,60129,894661,41413,126687,0.008222324,4.8989728249999995,0.007820767,4.899814256
303,364475,298969,872668,58033,899376,45112,123779,0.010769291,4.899299795,0.009798263,4.8992971789999995
304,374239,300660,901401,60672,898503,41007,127117,0.008898157,4.899120907,0.00825692,4.8996858979999995
305,377368,299772,899274,61372,898761,36683,131711,0.008253083,4.898834424,0.007802607,4.898832712
306,368048,300251,886391,58295,897841,45395,123079,0.012519576,4.895835604,0.011773622,4.899442608
307,373352,298166,890882,60572,893937,39234,128684,0.009372245,4.903963975,0.008917734,4.903962804
308,377761,300785,907330,61701,899179,39122,129078,0.008249302,4.899927244,0.007842947,4.9000320760000005
309,386667,301499,919004,64791,903907,32796,136279,0.008002884,4.899026032,0.007603697,4.899024141
310,373565,301508,904619,60327,902225,44373,124861,0.011332462,4.899257318,0.010843433,4.899343303
311,382619,300714,912866,62355,896725,34803,133404,0.010930863,4.899090777,0.010452481,4.899097021
312,378944,300986,909027,61859,896636,37861,129988,0.009191061,4.899974383,0.008771516,4.899981243
313,383873,299629,919723,63409,894392,33094,134630,0.010120761,4.896094721,0.009689265,4.897702474
314,371771,300122,892874,59087,895941,43071,125536,0.011683762,4.899194586,0.011185983,4.904067858
315,379337,300418,903710,61963,898825,36790,131479,0.010388093,4.903960344,0.009846756,4.903972539
316,374325,299600,899249,60459,896174,40027,127333,0.009207409,4.8991394360000005,0.008515824,4.899137146
317,379707,299894,903739,62727,894989,35813,131538,0.010048114,4.897396093,0.009598189,4.897394162
318,375487,300107,903116,60309,898731,41998,126887,0.008928948,4.899225255,0.008500152,4.903835706
319,380314,300838,911741,62242,897856,36777,131822,0.009337238,4.904019762,0.008902433,4.904033115
320,372974,300196,897202,59826,899526,43148,125784,0.010492238,4.899169032,0.010027916,4.899213066
321,383077,300342,920042,63969,896046,33823,133615,0.009328743,4.899062006,0.008889566,4.899059483
322,375732,300178,903123,60896,894760,40029,127208,0.009288866,4.899120246,0.008850193,4.899118164
323,376719,300234,898719,61025,897747,38399,130232,0.010004728,4.903878239,0.009347279,4.903876222
324,376882,301000,904322,60806,897883,39472,128410,0.012019856,4.899532841,0.011547482,4.899796291
325,384813,301512,920158,63793,897021,33062,134649,0.012521059,4.898859416,0.012008032,4.899202435
326,371596,298995,892609,59755,895617,42451,125498,0.009061586,4.897517432,0.008589359,4.898898876
327,374662,299200,893025,60704,896362,36804,130623,0.011227975,4.897455542,0.00993798,4.899807577
328,375088,300438,902333,61341,899433,40990,127284,0.009312752,4.899218736,0.008885571,4.899214646
329,386040,301309,914124,64275,899425,32477,136088,0.010656737,4.897343513,0.010131441,4.8973686690000005
330,370216,300717,893475,59436,898367,44150,123527,0.01070667,4.899011943,0.009308675,4.904022193
331,376661,299441,895870,61082,895186,36165,131119,0.013310977,4.899809156,0.010604481,4.899806107
332,362110,299111,873500,56534,894533,47627,119891,0.011376412,4.899495526,0.010637909,4.89949234
333,385572,301203,921279,63738,899136,33517,134429,0.011610433,4.897074997,0.011144866,4.899589415
334,369784,300497,887783,59232,899702,44753,123904,0.010762595,4.893747031,0.010262682,4.893743696
335,374744,299614,893798,60988,902378,39905,128869,0.010207946,4.898998162,0.009741795,4.899014769
336,360306,298757,864972,56109,898420,49184,118578,0.010132225,4.897363285,0.009445398,4.89914931
337,359806,298725,868054,56499,896369,48914,118966,0.010016609,4.903808856,0.009122108,4.903822512
338,374992,300548,900230,60484,898932,41426,126577,0.011080404,4.8889295189999995,0.010595205,4.897189683
339,379605,299752,910799,62163,893487,35679,131162,0.011219658,4.897289463,0.010767701,4.897288535
340,374131,299942,899900,60223,899228,42360,127043,0.011266998,4.899831546,0.010819365,4.899837296
341,384025,300471,918726,63310,895396,33067,133923,0.012670846,4.898980247,0.012134586,4.89963376
342,375273,301139,908980,59879,897604,42126,126215,0.009650146,4.897472677,0.009196331,4.8974882730000004
343,381305,300713,915660,62796,897150,35740,132202,0.008864851,4.898961221,0.008437558,4.898976192
344,376454,301495,909130,61322,899513,40648,127863,0.008918365,4.897518184,0.008490119,4.898293109
345,384923,301137,921890,64621,897174,33287,134976,0.008779263,4.899690085,0.008359876,4.899689104
346,378753,301258,911853,61155,900102,40841,128204,0.01261325,4.897387136,0.012126613,4.903819239
347,373954,300179,887154,60726,899146,38140,130020,0.009712714,4.888729487,0.009145256,4.898600508
348,378545,301274,912762,62040,896401,39827,128223,0.009221173,4.899528102,0.008794478,4.899525859
349,384162,300447,919763,63243,898401,34498,134562,0.010829466,4.897260385,0.009911255,4.899287676
350,369218,300136,890877,58705,899363,44582,123673,0.009119055,4.897439812,0.008653888,4.897480593
351,369515,298671,881786,59497,896909,40573,127300,0.010129795,4.898837889,0.00946444,4.899170365
352,370629,299195,883968,59525,897789,41161,127222,0.014158508,4.889185487,0.013684347,4.8995202970000005
353,379869,300806,912495,61890,894521,37124,130007,0.009711172,4.899756454,0.009249737,4.899755388
354,351544,298072,849397,53684,893294,53372,114147,0.014495113,4.897492318,0.011981878,4.897938592
355,373657,299594,888554,60720,897665,38354,129584,0.009774536,4.898914587,0.00929817,4.898926421
356,376596,301682,905957,60836,901968,41003,127704,0.009739403,4.888892704,0.009289886,4.897260759
357,385035,301557,920302,63631,897281,33794,134373,0.009391746,4.860348442,0.008955121,4.883829747
358,376963,300664,906402,61164,897374,40279,127734,0.010586013,4.897298704,0.009661566,4.897353934
359,378787,299850,906284,62305,893784,36123,131414,0.011021134,4.899102357,0.010524775,4.899100319
360,378001,300658,909745,61436,894774,38884,128678,0.012948324,4.897367281,0.01249277,4.899443745
361,383134,301119,913478,62928,899003,35064,133822,0.0079892,4.89767964,0.007586397,4.89994288
362,368531,298528,882509,57876,894769,44317,124081,0.009450348,4.898983022,0.008887149,4.898980453
363,376254,299816,895911,61336,903573,38621,130540,0.012588839,4.8991838229999995,0.012093277,4.899182784
364,364201,298639,870027,57677,897980,44390,123460,0.010288649,4.899058227,0.009825262,4.899549359
365,378430,299898,905230,61662,893293,35731,131759,0.012249039,4.899853601,0.011471441,4.899866369
366,376578,301269,904679,60696,901915,41616,127300,0.010090666,4.898971979,0.009659404,4.899534815
367,372781,299225,891357,60609,896607,39821,127670,0.010189941,4.903712061,0.008795178,4.903709871
368,379162,300660,908985,61876,899782,39596,129967,0.010763593,4.897397808,0.010315402,4.897423373
369,376952,299984,898566,61140,899109,38222,129786,0.009079622,4.899002849,0.008633635,4.899001129
370,371290,300254,894768,59528,898004,43756,125114,0.010103963,4.899148444,0.009645451,4.899164653
371,382448,300265,915644,63283,893526,33810,133780,0.008223499,4.897293056,0.007823393,4.903857656
372,370202,300027,886154,58365,896612,43124,125211,0.009463554,4.888782015,0.008914911,4.897343118
373,386704,301461,921422,64492,897892,31733,136050,0.012760422,4.898887687,0.011316026,4.899261527
374,367346,300026,884732,58414,897420,44517,123414,0.008442674,4.897245936,0.007973867,4.898789595
375,371722,299505,886834,60580,900956,40803,128046,0.010875878,4.898997862,0.010362432,4.8996246
376,374447,300557,899776,60687,897803,40467,127595,0.012040397,4.8972687409999995,0.011605095,4.899060826
377,380791,300278,912350,62107,893852,34664,132520,0.010150962,4.89734635,0.009699291,4.899051889
378,375016,301807,903658,60759,902526,42657,125747,0.007775159,4.898911314,0.00730528,4.899225971
379,383575,300986,916973,63651,900022,34853,133588,0.009111927,4.898985178,0.008686269,4.903916962
380,376046,300433,903447,61102,899558,40552,127868,0.010038989,4.897469652,0.009589658,4.897537571
381,378173,298699,897107,62721,895609,34606,132895,0.011992693,4.8997144,0.011494302,4.899711172
382,373660,300298,903608,60849,898764,43041,125755,0.010824277,4.903900824,0.009910643,4.903898596
383,372095,299576,891790,60166,895843,40662,127400,0.009629927,4.899073575,0.009090559,4.89907153
384,383613,300689,917727,63402,898989,34337,133838,0.009044768,4.889383037,0.008610363,4.8977231020000005
385,373844,298826,896869,60417,893778,39127,127998,0.010893305,4.899053969,0.010216485,4.899052308
386,375148,300804,905060,60559,899734,41994,126430,0.012416153,4.8990471289999995,0.011949139,4.899052504
387,369779,300287,882278,59042,901193,44517,124588,0.009834302,4.899055015,0.009366229,4.899051828
388,382535,300342,912832,62424,895396,35210,132819,0.010675797,4.89945207,0.009711381,4.899758982
389,378988,300891,908233,61710,895267,38219,129308,0.010318394,4.88849481,0.009861327,4.898775734
390,376817,301928,907803,61458,901418,41964,127040,0.008535463,4.9038269,0.008105561,4.903824923
391,378697,300379,909551,61865,896327,38042,128926,0.010920632,4.897160014,0.009964607,4.897564965
392,380105,300574,909413,62013,895560,35868,131861,0.008220432,4.899122941,0.007782276,4.899471983
393,375358,300862,895640,60800,898907,39885,128863,0.01144797,4.8988078680000005,0.010824189,4.898805834
394,369025,299101,887891,58819,896791,43594,124865,0.010271823,4.893647112,0.009646271,4.893653802
395,374727,300146,899750,60274,897176,41123,126884,0.009660991,4.899087265,0.009209243,4.899106066
396,384569,300819,915876,63961,895899,33457,134704,0.014310758,4.8989573360000005,0.013791963,4.898965692
397,383112,301067,919194,63147,899897,36384,133164,0.011528523,4.8916857480000004,0.011020063,4.89756697
398,376112,300072,901840,61328,899396,41559,126951,0.012547911,4.899021312,0.01204607,4.899019041
399,370472,300048,889794,59984,901260,43525,124787,0.010068369,4.898924426,0.009576359,4.898923044
400,374173,300512,900938,59907,896715,40790,127347,0.009970207,4.898856097,0.009520711,4.898979361
401,359167,298646,861482,56107,896324,49015,118634,0.009088107,4.898930187,0.008650535,4.899526042
402,366869,300062,884066,58263,901006,46085,122523,0.010470024,4.9038535450000005,0.009772749,4.903851492
403,370355,299363,883833,59217,896834,42514,125351,0.014914747,4.899812692,0.009888448,4.899823855
404,382266,301295,913929,63109,898217,35303,132036,0.00670126,4.89888748,0.006222191,4.898916541
405,373125,300876,901017,59748,899733,44000,124293,0.010806565,4.89967078,0.010316262,4.899668314
406,374677,300997,901330,60591,903630,43422,125784,0.011095235,4.90409605,0.010636435,4.904099638
407,378141,300330,907131,61798,895831,38173,129457,0.00774232,4.897216641,0.007336695,4.897214558
408,376154,299737,903456,61798,897027,39153,129003,0.009108665,4.899670213,0.008671713,4.899693631
409,370134,299867,884260,58991,898180,41196,126243,0.011029743,4.89882514,0.009689008,4.898844675
410,376929,300003,909978,61031,896913,41497,127210,0.006787913,4.898902172,0.006338237,4.899203025
411,376384,301116,901132,61145,902594,39956,128854,0.009570658,4.898870237,0.009053368,4.903819674
412,383740,301579,915159,63317,898799,34460,133416,0.010823707,4.899612547,0.009817465,4.899610463
413,375565,299930,898112,60898,896645,38673,129220,0.011155904,4.898962788,0.010612336,4.8989755299999995
414,376547,300937,909359,60988,898705,40934,127440,0.009152396,4.898774009,0.008741976,4.898772318
415,380464,301363,914167,62098,899362,37985,130198,0.00787298,4.897393472,0.007460234,4.899543716
416,381285,299849,911295,62634,894605,34959,132794,0.013297141,4.899236478,0.012780848,4.899724912
417,372806,299468,895831,60012,896953,41222,126797,0.01046342,4.898893421,0.009689754,4.898925931
418,373909,300518,905267,60370,897018,42119,125933,0.009273117,4.8973235200000005,0.008862625,4.899427849
419,378686,301383,908323,62004,900779,39504,128807,0.006697487,4.898872216,0.006267188,4.898881694
420,377944,300410,903707,61658,899407,38227,130686,0.009414368,4.898928426,0.008267556,4.899679105
421,384612,300534,921160,64104,899421,34976,133757,0.008093736,4.897413477,0.00768308,4.897412699
422,377747,301638,907519,61390,905450,41980,127879,0.009962236,4.897393901,0.009513681,4.897569934
423,380100,300583,913221,62753,901055,38781,130067,0.009209675,4.899383282,0.008794667,4.899381714
424,379895,299541,905668,62622,894429,35762,132611,0.008778975,4.898834041,0.008286099,4.898832974
425,371010,299624,889596,59147,895612,40854,126849,0.014848965,4.897371521,0.011511859,4.897368777
426,370528,300140,893626,58894,897601,44560,123938,0.010338277,4.889282206,0.009857491,4.898900049
427,376204,300212,904566,61243,900982,41312,127653,0.009819827,4.899472902,0.00938033,4.899472065
428,382985,300336,917626,63662,894769,33692,133636,0.013204984,4.897552201,0.01224553,4.8996855230000005
429,381806,300932,918272,63096,896965,36537,131485,0.007598272,4.897323924,0.007181849,4.897329242
430,371498,301074,898971,59574,903081,45507,124039,0.010644511,4.897345682,0.010198403,4.897353475
431,369490,298900,886364,59155,892671,41247,126101,0.012699627,4.904060244,0.011963057,4.904072999
432,379611,301239,908445,62678,901367,37100,131715,0.009391313,4.897488905,0.008962317,4.899220962
433,378995,300939,903838,61931,898986,37987,129930,0.011442962,4.898714257,0.010877033,4.899182458
434,372508,300501,896102,59304,900741,43651,125899,0.010837016,4.889296144,0.009826664,4.889314781
435,375830,300764,901876,60673,897220,40323,127985,0.010405254,4.897433088,0.009052832,4.897447234
436,374241,300462,897492,60831,898644,42107,126521,0.01058907,4.8992678739999995,0.010109498,4.899280629
437,370110,299304,885186,58924,899903,42616,126592,0.01071412,4.903769338,0.009926635,4.9037865499999995
438,378157,300733,911544,61668,895072,40155,127772,0.010461408,4.897661982,0.010016705,4.8976220040000005
439,373089,301369,897887,60261,903967,43039,126472,0.011024932,4.898867532,0.010514025,4.8990159989999995
440,382288,301312,914644,63842,900193,34784,134045,0.010983916,4.897663152,0.010500439,4.897673378
441,380257,300285,907480,62558,895380,37215,130317,0.009329046,4.903971993,0.008916988,4.903970857
442,367690,299688,883828,58148,898165,45429,122404,0.01349421,4.898905073,0.012902253,4.898902476
443,374536,300366,898604,60858,895614,40560,127463,0.010498582,4.899169162,0.009746763,4.899167233
444,382717,300534,910393,62226,898102,34530,134140,0.006986471,4.89755532,0.006454106,4.89757896
445,375811,299912,901164,60536,898985,40499,128207,0.011400749,4.89903414,0.009825454,4.899054286
446,368681,299566,886951,58353,898598,45685,123056,0.008140826,4.903810592,0.007714503,4.903823302
447,371266,300893,891620,59985,902953,44243,124843,0.010417138,4.904076346,0.009686438,4.904088833
448,382163,301741,912162,63049,902350,35594,132349,0.012442267,4.896267072,0.011067467,4.900119185
449,379410,301223,907049,61319,900968,39298,129592,0.010314562,4.897337532,0.009870208,4.8984291859999995
450,358891,298649,865861,55331,897299,50704,116986,0.011414963,4.897369434,0.010958044,4.899359548
451,362001,300311,874934,57103,902758,50441,118906,0.00808598,4.899434139,0.007681373,4.899432228
452,369050,299515,879897,59442,898250,40588,127691,0.008410683,4.899085232,0.007955173,4.899735502
453,378775,300583,910563,62147,895981,37400,130326,0.009638623,4.9037885679999995,0.009200521,4.903792016
454,377578,301365,907968,61263,900122,40783,127440,0.012910501,4.897549149,0.012394711,4.897547643
455,370035,298981,883065,59309,894593,40632,127236,0.010033755,4.898719829,0.009099357,4.899500488
456,375183,299946,897089,61156,900059,39400,129815,0.010390854,4.897377783,0.009919541,4.897543861
457,380440,302323,917226,62570,902654,38662,130978,0.007719679,4.8973320860000005,0.007310879,4.899407792
458,376547,300495,906066,60881,898932,40911,127625,0.013743552,4.897994765,0.012761298,4.899429389
459,378045,300767,907161,61559,895147,38590,129144,0.008003444,4.899636504,0.007602491,4.90388707
460,383296,300701,917442,63653,897427,33723,134444,0.009345748,4.8995254169999995,0.008914249,4.899524691
461,382554,299946,914774,63350,891578,34346,133045,0.009037258,4.898819256,0.008622549,4.898817903
462,377540,301133,908932,61221,898336,40958,127228,0.009974725,4.89752182,0.009528156,4.897520902
463,368563,299945,885222,58650,900552,43757,125206,0.014507764,4.898914012,0.010559999,4.898934912
464,378520,299848,904891,61991,895534,36014,131155,0.009687343,4.899125678,0.008950299,4.899351858
465,380800,300079,911201,62138,895693,36637,131269,0.010345367,4.899134425,0.009882814,4.8992805
466,372822,301036,900219,60131,898977,43816,124031,0.013764353,4.897579765,0.013283426,4.899464716
467,370182,299463,886880,58916,897597,44103,124466,0.009774101,4.89613791,0.009047621,4.897447087
468,383519,299890,914670,63851,895580,33497,133894,0.009953777,4.899431118,0.009503802,4.89942958
469,378354,299194,900275,62169,893106,35227,131273,0.006761462,4.898930881,0.006291913,4.899690919
470,373690,300280,897268,60567,899601,42731,125900,0.01229335,4.899072745,0.011819253,4.899811867
471,373446,300426,894656,60527,898875,41177,126732,0.008658825,4.886860596,0.008198708,4.895980986
472,380919,300516,911847,61957,892561,35828,131502,0.010152347,4.899962165,0.009694823,4.899959282
473,379659,300025,906428,61785,892454,35834,131250,0.010685706,4.898786386,0.010188591,4.898785274
474,376371,301106,907292,61014,900389,42492,126430,0.00969001,4.89882216,0.009239982,4.898848403
475,378797,300373,908015,62229,895976,37871,129782,0.010192323,4.899026444,0.009723948,4.8990340549999996
476,375335,299253,894811,60906,896505,36335,131466,0.009487324,4.899206264,0.00902764,4.899205446
477,379007,300251,910146,61952,897091,37570,130747,0.012308354,4.899569888,0.011538915,4.899576189
478,372963,299924,893426,59393,899397,42283,126120,0.007307474,4.8975042779999995,0.006887986,4.899424273
479,375540,299351,899229,61205,896640,39116,128391,0.008616937,4.897222075,0.008133446,4.897236775
480,371299,300797,901636,59635,899658,45989,122585,0.013388656,4.899038944,0.012893718,4.89903697
481,380302,300281,911636,61635,896474,38253,130918,0.011834157,4.899108083,0.011285007,4.899671429
482,356273,298558,855795,55156,896954,52226,116408,0.009897616,4.897507138,0.009414098,4.90409446
483,378045,301273,911234,61441,897668,39618,128085,0.008979238,4.899251322,0.008561695,4.899260444
484,363984,299613,875242,57265,900641,49057,119492,0.011091718,4.89909865,0.010588222,4.899112213
485,370628,298919,885641,59943,899209,40366,128151,0.010221815,4.897476399,0.009546469,4.899999056
486,371629,300219,895650,59083,895403,43604,124299,0.009247034,4.900015144,0.008809824,4.900013517
487,360791,299324,871113,56633,895980,47565,120321,0.009741703,4.898863367,0.009268098,4.899235418
488,371482,300513,900906,59210,899329,46430,122418,0.009295723,4.8957708,0.008881702,4.897505286
489,376155,300019,901212,61285,897848,38960,129171,0.005904018,4.899122125,0.005474094,4.8991362160000005
490,372440,300117,899851,60009,895014,44075,124174,0.009129263,4.897594085,0.00870824,4.899059219
491,370149,299390,889945,59314,891489,41356,125862,0.010719715,4.898981613,0.009983727,4.899749413
492,372133,300964,897824,59823,899187,44662,123684,0.013541184,4.9041029510000005,0.013079635,4.904113307
493,376884,300163,898824,61376,897492,38970,129257,0.013557644,4.899076738,0.010547709,4.899495845
494,368825,300499,895334,58310,899570,46200,122261,0.009571664,4.898977805,0.009100927,4.898995233
495,375609,300153,900981,60668,895421,41047,126972,0.013424799,4.899894613,0.012905025,4.899892665
496,370124,300263,890903,59066,894382,44725,122796,0.014773697,4.898550904,0.01118793,4.898549589
497,380958,300759,917962,63402,898247,37063,131207,0.009215911,4.89736033,0.008800192,4.899087182
498,374607,300758,906107,60268,894862,41586,125498,0.006918245,4.899167507,0.006513152,4.899930706
499,380637,301777,916955,61479,899796,39564,129066,0.009426612,4.899856634,0.008619694,4.90385437
500,369650,299320,890177,58976,892978,43256,123029,0.010768196,4.899127549,0.010068509,4.899878895
501,383282,301104,917903,63085,897822,36008,132205,0.011219156,4.89974384,0.01072613,4.899872258
502,370474,300835,895625,59704,897603,45690,122571,0.007729673,4.8972088110000005,0.007313896,4.899000238
503,377949,300578,908790,61655,894718,38834,128284,0.012445984,4.899153518,0.012010261,4.899151334
504,371408,301346,898219,59390,899788,45934,122254,0.011571435,4.899027098,0.011064718,4.899054913
505,371958,300709,898044,60181,899942,43847,124208,0.008986099,4.903809579,0.008568836,4.903891847
506,371204,300386,902010,59405,895836,44255,123416,0.008371741,4.897597228,0.007953854,4.897601045
507,368903,300474,888466,58760,900270,44684,124065,0.01243768,4.897379251,0.010643822,4.898547637
508,374077,301116,906417,60282,901907,44252,124422,0.007807178,4.897565173,0.007392828,4.899148031
509,370177,297805,888423,60299,892673,39642,127708,0.011446807,4.899093702,0.010658716,4.89911087
510,366741,299123,881433,58079,899463,46281,121915,0.010668288,4.88881387,0.01018218,4.899679421
511,376179,301119,904588,60612,899223,41299,126832,0.009898066,4.897494958,0.009450399,4.899132185
512,373758,300165,906647,60014,895654,42474,124937,0.013140322,4.899754836,0.01265076,4.904046345
513,373286,299565,897443,60058,897858,41161,127483,0.011482484,4.899071279,0.010368214,4.899096785
514,372758,299813,897174,59705,893056,42673,124490,0.008294873,4.898944029,0.007856135,4.898987396
515,377091,302022,909926,60968,905617,42420,127271,0.010325335,4.899011652,0.00984576,4.899027062
516,365237,299605,880453,57351,897389,47035,121350,0.008265189,4.897283681,0.007814381,4.898960212
517,377530,299769,902550,61552,896100,36961,130580,0.009168945,4.899159595,0.008713259,4.899157721
518,367181,299437,883568,57931,900580,46287,122136,0.011063847,4.888886708,0.010531954,4.897396101
519,371732,300382,897912,59811,896072,43351,124547,0.006674389,4.888419726,0.006275916,4.898855418
520,367775,299866,883599,58467,897958,45172,123725,0.008394562,4.895963062,0.007950255,4.899108503
521,378764,299866,908457,61464,896162,38025,130147,0.011017924,4.897229768,0.010176939,4.898947226
522,370224,300253,890745,59580,900320,44566,123110,0.008162666,4.897272434,0.007718507,4.897270243
523,367851,298688,877963,58772,897876,43176,125291,0.018052298,4.899628047,0.012141306,4.899860647
524,373369,300756,899263,59919,902987,45087,124245,0.008201308,4.899611185,0.007788555,4.90384383
525,374922,299777,897748,60416,898484,40341,128026,0.00976629,4.897289426,0.009280167,4.8973228540000004
526,365762,300646,881540,57914,899611,46749,120985,0.010058967,4.888692477,0.009356152,4.903747576
527,374302,299899,896557,60364,893975,40552,126936,0.014140549,4.899029062,0.01176601,4.899040126
528,370413,300199,896704,59274,898301,46203,122586,0.009354878,4.899086965,0.008430363,4.899102124
529,380790,300846,914679,62783,899142,38497,130188,0.012465181,4.8973301540000005,0.011392905,4.899075594
530,375228,300398,906330,60549,893832,41814,125345,0.009775182,4.89746374,0.009317424,4.899925446
531,377348,300695,907187,61849,895729,39393,128069,0.009796519,4.898786729,0.009340399,4.899334454
532,362988,299498,873532,57456,898040,47865,120178,0.009047932,4.898901604,0.008600691,4.898994733
533,381936,300998,913373,63544,899232,37062,132194,0.010168686,4.903821593,0.009713371,4.903819416
534,372153,301641,898926,59944,903388,45674,124051,0.010261929,4.890734649,0.00981411,4.899192472
535,377402,299940,910659,62006,894281,39082,128599,0.01044871,4.897398887,0.009998277,4.8973964290000005
536,372039,300342,897032,59357,898632,44818,124059,0.010348719,4.888557902,0.009878985,4.8989939289999995
537,380653,301073,910747,63003,900375,37540,130705,0.009803943,4.898800413,0.009346168,4.898798502
538,366159,299531,879811,57718,897239,46697,121966,0.007613344,4.898917227,0.007159672,4.898948942
539,366561,299123,879118,58481,896863,44038,123711,0.011084178,4.888844515,0.010334478,4.899627118
540,369534,299529,890654,58298,898643,45912,122908,0.009818995,4.903893791,0.00933362,4.903891496
541,380030,301631,906977,62505,901284,38262,130843,0.011006909,4.898949235,0.010233409,4.898946964
542,372251,300050,895945,59483,899061,44322,124299,0.011187104,4.898401549,0.010697064,4.899310678
543,376389,301702,906945,61197,900120,40960,128037,0.010179203,4.899430696,0.009722373,4.899428473
544,368255,300833,891570,58490,897761,47564,120666,0.008083079,4.899295281,0.007664414,4.899305348
545,376174,301225,906885,61367,901775,40887,127604,0.013237853,4.897332411,0.010336636,4.897346154
546,370646,300698,890606,59274,899587,44707,123826,0.010172345,4.899082046,0.009472902,4.899079884
547,367537,299673,885804,58275,897793,45506,123147,0.010673228,4.898900795,0.01017052,4.8989236179999995
548,371687,301558,898813,59173,898225,45080,123009,0.009757563,4.899357518,0.009315597,4.899356093
549,375727,299474,899373,60970,896376,37725,129670,0.010611104,4.898923125,0.010062792,4.898938232
550,369669,300528,891759,58590,901867,46423,122406,0.01250349,4.899749344,0.011791517,4.8997633
551,375301,300589,901044,60416,897376,40487,127152,0.012165497,4.899041292,0.011369391,4.899743204
552,366556,299113,885745,58140,897162,46953,121314,0.01040563,4.8989511100000005,0.009694883,4.899512287
553,379924,300333,909237,61863,894029,35439,131341,0.009769686,4.903945701,0.009306079,4.903943587
554,373178,300898,900162,60009,897324,43399,124502,0.007961084,4.899716469,0.007547409,4.899734949
555,364309,298558,873461,57327,895207,44667,123044,0.010172153,4.89900759,0.009674692,4.899029658
556,368756,300328,892522,58412,896367,46596,121034,0.010368895,4.8974854709999995,0.009914968,4.898895364
557,362722,299354,876475,57130,897987,47201,120835,0.009720892,4.897283149,0.009236028,4.899741174
558,370232,299942,892519,59371,894620,43180,124038,0.009258632,4.8989229309999995,0.008797815,4.899546255
559,363141,300020,876556,57084,898315,48009,119961,0.008239619,4.899218258,0.007838638,4.899215641
560,369582,300335,889860,58753,900950,46645,122522,0.011348884,4.898938834,0.009328934,4.903848019
561,378280,300444,902080,61786,896780,37972,129876,0.010859312,4.888746346,0.010163021,4.897352694
562,369502,300604,882695,59490,904569,45552,123753,0.011312935,4.889250884,0.010805177,4.899260935
563,376127,300301,907408,60642,896538,41331,126618,0.004765178,4.896130628,0.004322097,4.899782032
564,373785,300714,900131,59863,895618,43008,124963,0.009248784,4.88909582,0.008832527,4.89568031
565,376933,299967,904739,61440,891750,37466,129561,0.012587305,4.89889933,0.010932072,4.8988983059999995
566,370820,300210,892797,59483,899455,45234,123242,0.010535851,4.899166054,0.010081954,4.899171913
567,370374,300593,889886,59082,900866,44527,124291,0.011911857,4.889086507,0.011367975,4.893818432
568,362401,299694,879470,57158,901098,48936,119939,0.013228843,4.899696531,0.01194987,4.899799475
569,372831,299725,886546,60595,897821,37419,130147,0.009121388,4.8989670180000005,0.008684095,4.898978609
570,370788,300847,895855,59369,901189,45986,123575,0.01150748,4.8975697700000005,0.01102749,4.897584168
571,367635,299756,884435,58604,899485,44634,124029,0.010458225,4.898988492,0.009288962,4.898986337
572,364420,299851,878875,57422,900695,48821,120045,0.010543915,4.897482409,0.010033987,4.899356468
573,381067,301477,914851,62926,903413,37878,131110,0.009880348,4.899147462,0.009426414,4.899145821
574,373019,301635,905486,59836,903039,45603,123660,0.009010856,4.898966385,0.008589795,4.89896423
575,378443,300883,908609,61907,899532,40094,128636,0.00974583,4.903936264,0.009296487,4.903950832
576,375060,299921,904104,61063,897841,41008,127587,0.011103323,4.89997626,0.010624576,4.899973524
577,372965,300977,907817,60445,898926,44206,124235,0.010732743,4.899112416,0.010276721,4.899109833
578,368296,299900,882681,58458,899738,44337,124630,0.013683959,4.899138381,0.010778365,4.899142577
579,368074,299615,880219,58738,896327,43629,124341,0.010881728,4.898968505,0.010399364,4.898966663
580,371513,299984,890231,59686,898682,42822,125654,0.010975319,4.899027492,0.010470892,4.8999803669999995
581,376102,300281,907829,61097,894598,40707,127057,0.009098786,4.895943684,0.008675639,4.895941748
582,371281,299131,887150,59776,895521,41423,125887,0.006982481,4.897450481,0.006540829,4.899012828
583,376495,299729,904617,61671,898547,39425,129414,0.010054378,4.897214811,0.009578918,4.897240983
584,370771,300342,888669,59920,895697,42565,124929,0.007486148,4.899152672,0.006627349,4.899782783
585,368730,299590,889678,58601,896675,45448,122311,0.011597321,4.898865888,0.011114299,4.898887391
586,378787,301033,914342,62142,898289,38527,129265,0.009302425,4.899069143,0.008869495,4.899819695
587,376204,300664,904528,60838,894045,40027,127423,0.011843202,4.903847766,0.011282087,4.903846093
588,365343,299707,875610,57170,897884,45597,123160,0.010578439,4.899163049,0.010129165,4.899826826
589,376196,301321,908989,60890,894686,41209,126452,0.010356398,4.898969224,0.009923431,4.898958018
590,376791,300879,905080,60869,901325,40474,128296,0.008905663,4.899747165,0.008475425,4.899743953
591,376148,301555,903356,60650,902001,40625,127830,0.008034537,4.888717919,0.007628181,4.89892615
592,371405,300806,893460,59401,901091,45658,122879,0.013960226,4.899868538,0.013128997,4.899866458
593,368732,299302,892648,58474,893765,45346,122228,0.010650195,4.888967217,0.010166235,4.898910598
594,366515,298954,877970,58978,896630,42450,125093,0.010865088,4.898987009,0.010372856,4.899334846
595,367264,300708,883609,58544,900541,46576,122343,0.006766148,4.899489479,0.006322863,4.899691075
596,375576,300519,906809,60782,897079,41159,127166,0.008092587,4.897296892,0.007684897,4.897388002
597,367934,300246,887462,58377,899745,47116,121673,0.008884935,4.897180803,0.008185776,4.898297083
598,382359,300321,916239,62745,897792,36317,132671,0.01192003,4.899180453,0.011447821,4.903857418
599,373315,299596,896040,59924,897588,42144,126011,0.010250532,4.899615628,0.009188593,4.899625064
600,375753,300498,907211,60859,894892,40766,127003,0.008858891,4.897444517,0.008432224,4.899906886
601,366852,299721,885109,58133,901225,46556,122279,0.011419771,4.903816185,0.010885039,4.903826942
602,379349,300824,913123,62335,900348,39491,129390,0.010156821,4.899019999,0.009708997,4.899018524
603,378834,300381,907167,62066,896328,37745,130300,0.010339797,4.899029581,0.009916358,4.8990252640000005
604,375887,301206,904240,60349,898816,41527,126697,0.010677151,4.904096618,0.010241458,4.904094521
605,373203,300929,896025,59933,897267,42123,125715,0.011082657,4.899160472,0.010547338,4.899191507
606,372803,299793,893915,60674,900782,41365,127455,0.014046801,4.899322957,0.01215466,4.899330264
607,375646,301009,897227,60795,900934,39828,128791,0.008996351,4.898856786,0.008436174,4.899533501
608,376532,300634,907173,61112,894771,40011,127622,0.009784744,4.894766301,0.009355268,4.903865199
609,372643,300020,893404,59948,897452,43152,124823,0.006783737,4.898984987,0.006321326,4.8989912570000005
610,377612,300719,909436,61185,898346,39416,129113,0.009819104,4.897552407,0.009359338,4.8992883769999995
611,367503,300263,880635,58378,901852,45354,123311,0.009399655,4.897596681,0.008948676,4.897595331
612,369284,299493,889482,59324,895491,43304,124061,0.01336713,4.899635664,0.011796941,4.899633212
613,366364,300115,882325,58418,899918,46483,122382,0.01309699,4.898981575,0.011394967,4.898994296
614,374623,299912,900810,61252,895106,39311,127669,0.009347054,4.899141579,0.008908215,4.899147761
615,375846,301127,902877,61440,901850,40477,128441,0.007871078,4.897510922,0.007466968,4.904056563
616,369626,300560,889499,58485,901785,45047,123928,0.015586168,4.899175158,0.011713464,4.899161308
617,371381,300688,893309,59716,902437,44814,124083,0.007272465,4.898936052,0.006849361,4.898981879
618,367821,298402,879249,58574,895052,43524,124160,0.009944321,4.897449399,0.009461052,4.897471148
619,367564,300257,881050,58890,900587,45566,123207,0.012239283,4.897494257,0.011665566,4.89751236
620,376754,300646,908355,60428,898411,40853,128139,0.010614477,4.899192577,0.010185024,4.899204001
621,367875,299289,884191,58080,892629,44484,122980,0.011274889,4.897381023,0.010241065,4.903852554
622,379014,300806,908713,61931,898153,38648,129602,0.010065332,4.888803248,0.009606714,4.892416169
623,371018,300145,891197,59823,897998,42195,125424,0.009350523,4.899078104,0.008883772,4.903871787
624,369360,300228,887136,58384,899427,43900,124726,0.01327848,4.899167657,0.012758935,4.899165727
625,376226,300577,905459,61217,897003,40980,126837,0.011088056,4.8990769180000004,0.010623052,4.89913894
626,368122,298752,881777,58774,894367,42202,124736,0.008972875,4.903914681,0.008374149,4.903926359
627,373022,300938,892589,59910,900894,42772,125784,0.009284403,4.897397336,0.008863847,4.899636725
628,371812,299525,896154,59897,897187,42433,125516,0.010779132,4.8890527630000005,0.010293647,4.899756551
629,370469,299778,891609,59204,894700,43488,123615,0.016047225,4.889019084,0.013705618,4.897853119
630,379533,299965,913085,62338,893080,37357,130383,0.007328759,4.898499355,0.006928687,4.904033633
631,368946,299434,888260,57662,897756,45058,123665,0.009572994,4.897576765,0.008898847,4.899794915
632,363576,298488,875945,57533,900200,47396,121371,0.013165803,4.899088309,0.012655688,4.899086528
633,373250,300142,902433,59804,898566,44099,124612,0.007900452,4.897471245,0.007478388,4.899747219
634,375628,300582,905571,60893,897943,40220,127918,0.012628321,4.89890562,0.012122491,4.898918605
635,378096,300956,911410,61299,898970,38990,129022,0.00760962,4.898988674,0.007184395,4.8989876169999995
636,372920,301534,897001,59447,903137,44173,125010,0.008426785,4.899075474,0.007898604,4.899072378
637,365801,299290,881723,57493,893881,46136,121001,0.009699428,4.899010707,0.009216311,4.899009685
638,374538,301096,897556,60921,901579,40927,127706,0.008950948,4.8990418909999995,0.008488452,4.899045785
639,373216,299761,891351,59535,897922,41157,126862,0.010959947,4.904048006,0.01027614,4.904045604
640,372903,299891,897012,59685,898524,44030,125058,0.007934761,4.899295033,0.007521028,4.904120172
641,363021,299314,873724,56886,897447,48047,120374,0.007559121,4.897283059,0.007110316,4.898764507
642,368420,300524,886152,58894,899480,44817,123077,0.009190028,4.89724486,0.008762079,4.8981176810000004
643,361484,298802,868579,56638,896684,47624,119761,0.010147804,4.899079232,0.00970486,4.899077111
644,366089,299842,885073,58094,896876,46470,121644,0.013836667,4.897238191,0.013018064,4.898732978
645,375493,300355,908886,60332,896896,42551,125740,0.010535506,4.903798785,0.010096629,4.903795451
646,374087,299363,895452,60781,894745,38565,128672,0.010942461,4.899219735,0.010020061,4.899806261
647,376386,301005,907682,61344,899156,40313,127894,0.010177535,4.899638007,0.009752379,4.899636315
648,371227,299569,893971,58861,896528,42787,124809,0.008271224,4.888883782,0.007840158,4.897473607
649,370588,300262,895584,59948,897766,44200,123871,0.009769902,4.899656461,0.009101262,4.8996546930000004
650,372720,299719,893743,60142,899958,42177,127161,0.009165499,4.897284825,0.008482231,4.89844287
651,378666,301807,910214,62005,901188,40210,128637,0.01205934,4.899114712,0.011486709,4.90398641
652,372845,300894,902572,60464,899382,42907,125542,0.00962688,4.899933065,0.009220081,4.8999848969999995
653,375222,300463,901133,60462,899235,41261,126984,0.008556931,4.897212082,0.00811313,4.8993081499999995
654,362094,298057,865921,57374,895699,44593,123678,0.010347051,4.897083199,0.009599802,4.897349507
655,376976,300677,903322,61830,899676,40218,128734,0.015021751,4.899007367,0.014530291,4.899005591
656,375888,300426,907027,61258,901502,42127,127253,0.011123224,4.897608042,0.010629877,4.897605582
657,345903,297570,839161,52680,897562,58167,109987,0.004507283,4.90376714,0.003998011,4.90379881
658,381972,301138,912515,62709,898610,36912,131587,0.008947412,4.897241291,0.008534618,4.897724499
659,372924,299820,896531,59839,897512,42759,125908,0.009059514,4.897404512,0.008190148,4.897402615
660,362470,299225,869491,56746,898309,47210,121135,0.011927348,4.898913022,0.010413056,4.898910602
661,366635,299695,880640,57931,897404,47078,120861,0.00912102,4.89900494,0.008649768,4.899014709
662,378062,301697,907335,61133,898957,39336,128975,0.010485097,4.897466345,0.010058235,4.898588974
663,378917,301740,910926,61785,901027,39290,129254,0.012093674,4.899045739,0.011085179,4.899044654
664,368965,299884,887302,59136,897905,44886,123428,0.010498375,4.898961168,0.010020953,4.898959196
665,374528,300746,906786,60721,898040,43239,125244,0.013522642,4.899643682,0.013009346,4.899642474
666,366987,299983,879694,58474,900172,45843,122814,0.011643622,4.8961145649999995,0.01113544,4.897406429
667,367518,299022,884136,58465,898305,45119,123535,0.013480109,4.899385383,0.012668235,4.899400181
668,370522,300431,895476,59088,898984,45155,123330,0.011428624,4.899449348,0.010906719,4.899447182
669,366642,299940,882995,57389,898343,46695,121041,0.006848856,4.897243738,0.006412067,4.89759928
670,366976,299335,876915,58801,899283,42823,125618,0.007811925,4.897334188,0.007376579,4.897333307
671,378773,301213,905928,61406,901804,40074,129030,0.012878915,4.898891523,0.011306722,4.903670542
672,373219,300409,894243,60202,900838,41135,127668,0.012062599,4.899212664,0.011563384,4.8992319779999995
673,368928,299097,887845,58552,895330,43047,125085,0.009533374,4.897283078,0.008916008,4.898411868
674,374245,301696,900630,60424,904971,43296,125916,0.012528398,4.888356587,0.011861048,4.899346829
675,377862,301145,906442,61403,898486,39999,127994,0.010800601,4.89733021,0.010369062,4.898621122
676,372180,298561,890798,60341,895330,39799,128117,0.012944239,4.898987448,0.012456529,4.898992154
677,383248,301779,917116,62900,901318,36227,132004,0.011846627,4.899664427,0.011352961,4.899663335
678,366071,299973,884399,58108,897876,46835,121382,0.010681011,4.899169032,0.010224436,4.899167079
679,380999,301437,915665,62492,898967,38357,129750,0.006960576,4.896164474,0.006575987,4.897221198
680,375528,301822,908220,60834,902545,42357,126920,0.01176821,4.898908813,0.011311012,4.898906592
681,373112,299583,890471,60232,899865,39791,129239,0.010293054,4.8990563940000005,0.009588178,4.899067877
682,380315,301127,911947,62810,900054,38879,129957,0.010385749,4.897607631,0.009952187,4.8992208569999995
683,377933,300884,910401,61931,897628,38974,129266,0.009409268,4.8974119609999995,0.008972072,4.899271874
684,376004,300540,901545,60589,896089,39537,128080,0.010117815,4.888944584,0.009508657,4.896298897
685,375475,299126,900654,61078,894829,38326,129207,0.008787718,4.89742868,0.008336531,4.898803628
686,372781,299972,890012,59762,900710,42688,126100,0.009282522,4.898925898,0.008803193,4.899566302
687,374217,300531,903586,60511,896546,41361,126402,0.00873316,4.899162984,0.008301135,4.903995867
688,380472,299976,914451,62426,894066,36950,130377,0.010033595,4.89765769,0.009581868,4.89765648
689,379542,302173,913288,61841,901796,40492,129161,0.008052306,4.897448653,0.007655517,4.899526138
690,372222,300480,896650,59028,899584,44356,124838,0.010349483,4.8999414869999995,0.008361063,4.899935735
691,377427,301423,906886,61373,900940,40460,127828,0.011546688,4.899043184,0.011057987,4.903931184
692,376538,301111,906838,61394,898336,40373,127631,0.005849447,4.897576167,0.005417185,4.89953362
693,373135,300630,900552,60247,900011,42882,125341,0.011685918,4.897380427,0.011232461,4.8994456
694,373475,300429,895281,61071,900388,42155,125884,0.011497095,4.897818635,0.011000911,4.899981322
695,377825,301265,911794,61973,898863,39994,128019,0.010747354,4.898908154,0.010317403,4.899689682
696,377748,300809,907719,61307,896860,38675,129308,0.008231048,4.899600795,0.00783757,4.899698983
697,378999,301153,910207,62403,901331,39116,129753,0.011781058,4.897400366,0.011315957,4.899425923
698,377346,300858,910660,61688,897232,40125,128323,0.008380112,4.897557825,0.007994164,4.899221715
699,357084,299190,862676,55249,896804,52155,116184,0.008881282,4.899882305,0.008460221,4.899880284
700,374833,300463,899830,60663,900059,40554,128267,0.00898694,4.899205452,0.008538767,4.899204199
701,366183,299426,877011,58232,899498,44408,124460,0.009125451,4.898837193,0.008676103,4.899323704
702,380372,300389,917101,61633,894553,39045,129362,0.009431474,4.8973652,0.00898368,4.8995007699999995
703,375101,301489,904446,61441,901058,42004,126565,0.007997465,4.89748118,0.007601635,4.89957444
704,371417,299121,892960,59749,895643,41194,126576,0.010482704,4.896293324,0.010019658,4.898202965
705,382217,301402,915996,63069,903523,37213,132332,0.01035983,4.899067304,0.009913672,4.899162106
706,375740,300076,902909,60902,898435,40965,127273,0.009161588,4.898915993,0.008729401,4.898913169
707,372851,299203,898828,59136,890922,41540,125399,0.014671887,4.898951808,0.009711622,4.898950642
708,378944,300067,910444,62190,891737,36907,129937,0.009408274,4.897378982,0.008963617,4.897499914
709,380906,300588,914826,62558,898532,37552,130167,0.01144586,4.889081569,0.010986025,4.898502835
710,376559,300781,906412,61097,896073,40835,127682,0.009704399,4.899954065,0.009251106,4.899959148
711,379044,301522,912686,61969,899486,39226,129323,0.011598967,4.8921130250000004,0.011113615,4.899859002
712,367671,300737,883407,58341,902692,47191,122059,0.008807405,4.899195239,0.008371096,4.899209837
713,372655,300214,896645,60058,898301,42776,126261,0.009396314,4.898889533,0.008952553,4.903812684
714,369291,299319,885308,59093,895942,43136,124499,0.010283969,4.89902192,0.009810995,4.899666081
715,368347,300024,882844,58330,900468,44986,124039,0.006643129,4.896001493,0.006221513,4.899743213
716,377570,301297,912109,61124,896863,39616,127627,0.01209,4.8995528109999995,0.0116098,4.899550746
717,373752,300140,897598,60503,898510,41089,126962,0.012175928,4.8989317020000005,0.011425776,4.899539183
718,378939,301086,910612,61796,895607,38919,128724,0.005860459,4.899936497,0.005464725,4.899935426
719,375817,300938,910332,60556,899938,41538,126947,0.010744676,4.899027916,0.010238138,4.89904333
720,381420,301756,911841,63050,901641,37487,131389,0.009117633,4.899853815,0.008702221,4.899940052
721,383238,301487,920046,63585,894202,35142,131961,0.009723967,4.897256294,0.009297949,4.899854442
722,371582,300286,889253,59311,904149,45391,124592,0.009605276,4.899160452,0.009055753,4.899166684
723,370135,299385,888278,59365,896380,42294,125828,0.008789367,4.897541853,0.008354081,4.898990329
724,379828,300483,911089,62290,896687,37688,130852,0.009911351,4.898881487,0.009491025,4.89954187
725,381199,300456,915738,62647,898244,37029,131504,0.009112087,4.8972412389999995,0.008688244,4.898856368
726,375051,300917,903660,60209,899835,42527,125935,0.009269029,4.899128392,0.008848613,4.89932535
727,375169,299791,900262,60194,895046,39908,127853,0.009734745,4.8973388799999995,0.009290197,4.899685354
728,380793,301038,911952,62100,898531,37594,131154,0.008771207,4.897500538,0.008343393,4.90001132
729,379092,300455,915034,61905,897052,38469,129954,0.010530487,4.898969978,0.010072231,4.898979849
730,377780,300660,905960,61498,896965,39023,128745,0.012094526,4.897500022,0.01162845,4.899046472
731,374083,299838,897686,60565,896677,41187,126453,0.009189685,4.903847698,0.008740415,4.903845718
732,381819,302227,912709,62875,902370,37523,131514,0.0089626,4.899073102,0.008530061,4.899081449
733,380048,301042,912047,62261,900038,38556,130127,0.010253659,4.898978544,0.009808538,4.899336623
734,372833,299755,892726,60435,899316,41462,126902,0.013040111,4.89947605,0.012538059,4.899819415
735,369472,299018,885971,59489,894416,42743,124510,0.010714631,4.895562622,0.010177871,4.895996118
736,362220,299297,869834,56360,903272,49776,120086,0.012408833,4.897475088,0.010433376,4.897486617
737,376222,300104,902615,61262,895769,39354,128045,0.011105257,4.898956043,0.010639115,4.898968871
738,378735,300692,912166,61814,895811,39132,128916,0.010962064,4.899837153,0.010495576,4.899835144
739,369102,299900,885603,58925,897706,43618,124074,0.012149521,4.89906394,0.011361397,4.899061257
740,374701,299399,894180,61012,895916,39543,128965,0.008815224,4.897375167,0.008350845,4.897393094
741,380474,301574,913522,62271,902135,37598,130927,0.010252425,4.89942634,0.009798569,4.899423094
742,370031,299747,886189,59366,896679,43396,124869,0.010039744,4.899700294,0.00933968,4.899942381
743,370848,299837,890538,59404,898690,43640,125057,0.012174955,4.897491395,0.011391871,4.899285353
744,379172,300516,909289,62423,897412,37998,129828,0.013078237,4.899513039,0.012622335,4.903906897
745,374174,299958,897909,60434,896918,40013,127854,0.014711761,4.899154219,0.012159331,4.903956924
746,369580,299851,889949,58720,898486,44692,123830,0.010531608,4.897570673,0.009837157,4.89756926
747,375900,300375,904082,60785,897956,41127,127526,0.008975707,4.899911308,0.008560345,4.899922758
748,377343,301088,900174,61915,900187,38412,129831,0.011145295,4.896246376,0.010462026,4.899087057
749,381621,300992,916475,62520,898070,37276,131004,0.007227795,4.899724885,0.006832553,4.903831387
750,375369,301292,906011,60997,901598,42691,126275,0.011252478,4.897472868,0.0107715,4.897471029
751,366542,299948,881691,58222,898359,46593,121805,0.009963488,4.899114734,0.009247996,4.899131814
752,377744,301165,908284,61369,897244,39177,128635,0.012175061,4.897262529,0.010818745,4.897318541
753,379529,300839,913945,61778,895512,37910,129707,0.012242727,4.899076043,0.011743576,4.90383305
754,377556,300341,910289,61671,896613,39471,128853,0.009720576,4.888919942,0.009258796,4.899947482
755,373058,300793,895799,60377,902816,43070,125802,0.007966111,4.899735523,0.007543943,4.899741789
756,371351,300067,894487,59971,900344,42776,125650,0.005709172,4.899785885,0.005210377,4.899790336
757,369277,299474,882734,59599,899248,42653,125983,0.008782068,4.898839665,0.008348876,4.899707229
758,375954,299861,907553,61268,893658,40026,127280,0.010992023,4.888701683,0.010525155,4.899686236
759,377209,300565,906649,61693,895608,39478,128130,0.017848955,4.89739606,0.010494298,4.897395152
760,377565,299842,910248,61686,893716,39002,128403,0.005649327,4.898971284,0.005224098,4.898983951
761,383221,301425,917329,63765,899941,36329,132164,0.012135839,4.8974035879999995,0.011638474,4.897444273
762,367996,299961,885768,58151,899668,45687,122794,0.006119983,4.898967867,0.005690973,4.898980171
763,370736,300029,891223,59184,898696,44657,124432,0.009817915,4.899053792,0.009342668,4.899051909
764,375117,300065,899327,60597,898337,40866,127746,0.010341916,4.897533729,0.009651119,4.899164547
765,377455,301246,909213,61713,895618,39152,128608,0.011786208,4.899043189,0.011306934,4.899064827
766,379061,300420,910438,62361,901715,39766,129754,0.011174167,4.897359976,0.010706491,4.899665099
767,370044,299148,886789,59132,896328,42614,125039,0.011969942,4.899197993,0.011364206,4.899216519
768,380400,301603,913850,62603,899983,38243,130732,0.010399077,4.899163907,0.009944024,4.899188927
769,369310,300673,890273,58905,900029,45428,123125,0.010217048,4.899003078,0.008552818,4.899007806
770,371427,298950,888987,59937,897270,41296,127395,0.005562087,4.897301575,0.005098995,4.899073802
771,384118,302295,916007,64040,904545,35832,133784,0.007741519,4.899040428,0.007335572,4.899056749
772,376547,299903,900955,61532,898019,39097,129913,0.013125596,4.899817618,0.012511039,4.8998158499999995
773,368401,300016,888820,58385,894860,44711,122601,0.010765236,4.898833898,0.010261637,4.903820852
774,376683,301492,906372,61372,900300,40964,127909,0.009922678,4.89908141,0.009486611,4.899127314
775,374754,299415,899621,60904,902139,40323,128991,0.010226389,4.8983029049999995,0.009751599,4.903623982
776,374856,299586,893325,60804,899125,38829,129563,0.007065904,4.897350235,0.00637179,4.899079659
777,373055,300133,897310,60606,897897,42418,125639,0.0097441,4.899125941,0.00884733,4.899123749
778,372794,298968,890298,60542,895069,39202,128288,0.012178072,4.898979011,0.011481993,4.898977912
779,365252,299045,871684,58267,897379,43521,124992,0.012343615,4.899104972,0.009929703,4.899111239
780,380454,300878,910345,62860,896332,35123,132568,0.009002946,4.889158025,0.008582199,4.899107492
781,366951,299750,884220,58495,897515,46121,121797,0.010147094,4.897365795,0.009396118,4.897364849
782,379980,301786,916801,62847,901030,39362,129033,0.007463076,4.897498989,0.007071464,4.897497651
783,383021,302268,917333,63376,901101,36027,132400,0.011332018,4.899141543,0.010875643,4.899140267
784,378748,300960,910151,62460,900214,39151,129442,0.013453659,4.897463853,0.012515299,4.897478523
785,364454,299837,881339,57053,896587,47932,119588,0.009884465,4.898882809,0.008758953,4.899519951
786,367025,299395,876361,58617,900969,42997,125553,0.013246272,4.896193963,0.00985005,4.8983093140000005
787,375147,300245,896642,60416,899195,39452,128711,0.009915209,4.889227272,0.009420464,4.896727577
788,373669,299456,892045,60736,896490,38223,130137,0.010659003,4.898985703,0.010146423,4.898983715
789,367172,298754,881317,58273,895606,44239,123426,0.009948484,4.899129276,0.009456947,4.899127736
790,378573,300508,910476,62129,897894,39054,128918,0.010881181,4.897618169,0.010436086,4.8991411209999995
791,382152,301897,916340,62406,902852,37014,131539,0.004513496,4.899049042,0.004118323,4.899046564
792,370283,300484,886280,59638,903842,43681,126110,0.007764383,4.89600262,0.007294952,4.897551525
793,367411,300556,883843,57674,901674,47012,121751,0.00695036,4.899710695,0.006514153,4.899720856
794,379702,300395,913585,62433,896279,38460,129945,0.01097375,4.898813576,0.010536179,4.89881057
795,380039,301209,914784,63100,898219,36858,130984,0.015073441,4.899107253,0.012004653,4.899104255
796,372480,299924,888601,60353,898991,39739,128525,0.008222891,4.899005411,0.007773066,4.899003194
797,369669,298929,887665,58792,895005,43902,124067,0.012142582,4.8989794490000005,0.011453279,4.898977208
798,373244,299095,893818,60339,897356,40405,127634,0.012830233,4.903778868,0.011239191,4.90379159
799,380300,301720,914681,62109,900038,37326,131366,0.010677361,4.889170407,0.010219279,4.893861939
800,376762,300060,904925,61474,897852,39414,129369,0.009343515,4.897596911,0.008908525,4.897653014
801,372945,300072,896408,59880,897441,43189,125156,0.012892956,4.898771394,0.012383691,4.8997463119999995
802,368023,298562,882276,58650,894938,43814,124586,0.008804454,4.899155745,0.008364212,4.899154908
803,381408,301304,913947,62874,900952,36416,132584,0.010448009,4.897511844,0.009988697,4.899848654
804,379943,300077,911186,62410,895189,36346,131379,0.009911656,4.897421992,0.009479649,4.899860462
805,373490,300209,903893,60143,897399,44047,124524,0.011256493,4.891507189,0.01080457,4.899757177
806,380534,300812,919173,62690,899590,38092,130215,0.008950122,4.899213469,0.008532471,4.899211478
807,377586,300160,900208,61365,898123,38022,130638,0.007758348,4.898824541,0.007322155,4.898830266
808,373823,298832,889309,59690,892923,38187,129420,0.004409213,4.898869671,0.003935963,4.8994829079999995
809,376004,300823,904523,61302,893792,39953,126768,0.012080634,4.899726459,0.010677728,4.899730319
810,371207,299707,893221,59468,900825,44092,124939,0.009408748,4.899125756,0.00896512,4.899132603
811,376272,299834,898569,61561,897235,37950,129915,0.009795981,4.893301843,0.009369707,4.899021279
812,370164,299546,888856,59561,900258,41846,126741,0.009237546,4.899200421,0.00875986,4.904066891
813,374843,300161,904473,60740,899039,42613,126607,0.009100783,4.903867057,0.0086711,4.903879202
814,367143,299738,879881,58249,895036,45089,122195,0.012032759,4.895918012,0.011496101,4.898712398
815,372668,300077,885732,59404,902213,40399,129000,0.010353848,4.899068129,0.009735936,4.899132357
816,372534,299451,889886,60455,897386,40294,128203,0.010134845,4.888872758,0.009661668,4.897410749
817,370696,299083,892407,58288,892466,42350,125198,0.007758113,4.897376186,0.007323033,4.899430326
818,375479,300734,897858,61172,899231,40210,127915,0.010465877,4.899129402,0.009791349,4.899993005
819,383193,300864,915781,63239,894535,33669,133735,0.012572186,4.897445676,0.011155062,4.897472827
820,370887,299723,881233,59380,902816,41356,127540,0.009429182,4.899872584,0.008982441,4.899870719
821,362908,299798,874078,57328,898035,48665,118882,0.009144,4.89901473,0.008678569,4.899010819
822,368540,299369,883874,58610,896607,44000,124380,0.010505965,4.897482396,0.010055682,4.904011409
823,379205,300779,910634,62551,896774,36386,131518,0.010431766,4.89912735,0.009974177,4.899172054
824,384031,301474,915488,63073,898372,34199,133705,0.010519053,4.899288863,0.010085777,4.903962222
825,365253,299207,876308,57876,901666,47544,121594,0.008284267,4.889190842,0.007836213,4.89731648
826,366041,300377,884369,57996,902563,47990,121198,0.010980064,4.8993722250000005,0.010535321,4.904019305
827,376504,300268,897749,61431,898138,38065,129967,0.013718029,4.899090701,0.013188342,4.899473486
828,379427,300337,909119,62198,898400,37866,131052,0.010647608,4.899231568,0.010207031,4.904076691
829,374360,299958,899670,60020,895973,43589,125692,0.009329137,4.8973836219999995,0.00889191,4.897509133
830,367732,300019,883125,59176,899624,44582,124060,0.009832767,4.898958686,0.009365989,4.898972513
831,383920,300906,916236,64080,900085,34338,134097,0.010257517,4.899123788,0.009821086,4.899133968
832,367543,298537,883963,58198,888690,42237,123821,0.009388136,4.897609094,0.008942654,4.90417872
833,373681,300670,901903,60667,901618,43724,124675,0.009270884,4.898460513,0.008831269,4.899754751
834,374530,301379,902677,60377,898138,41939,126816,0.015382741,4.898856629,0.014872224,4.898854132
835,376680,300583,900271,61852,903580,38436,130860,0.005660685,4.899460405,0.005180423,4.899455964
836,365474,298653,874136,57543,895083,43498,124096,0.007124703,4.899172837,0.006440191,4.899214052
837,365134,299438,881502,57114,896364,47337,120942,0.011955775,4.898948481,0.010646839,4.898941984
838,378259,300892,911731,61598,896878,38780,128737,0.009358305,4.899207159,0.008941683,4.899204883
839,366358,300440,883635,58231,900697,45323,122923,0.006827733,4.897487544,0.00641818,4.898597465
840,371097,299629,888872,59468,900793,41649,127212,0.010195138,4.897425749,0.009721927,4.89742391
841,371198,300418,896389,59614,897067,44819,123756,0.012444274,4.899156431,0.011934403,4.899154538
842,367939,299704,888265,58148,894761,46573,121498,0.011267361,4.897517809,0.010829154,4.899010703
843,376137,300361,896081,61048,899478,37375,130703,0.008794818,4.899166926,0.008339114,4.899177691
844,368192,299028,881448,59286,896580,42188,125272,0.011287403,4.904048916,0.010553324,4.904063653
845,374030,300708,907629,60219,894999,42196,125065,0.011440518,4.898903901,0.010546672,4.898911414
846,372255,300193,893338,60054,900842,42478,126266,0.009895505,4.897475833,0.009375311,4.899867818
847,382275,301149,918429,62494,899077,36094,132752,0.011777665,4.898875633,0.01130849,4.898874501
848,384584,301277,917109,63897,900909,34531,134194,0.01229886,4.899180589,0.011860364,4.899195294
849,367589,299986,886417,57888,899441,47369,120864,0.010417381,4.899212317,0.009857228,4.899211277
850,368093,297932,875329,58946,895547,41861,126234,0.007699759,4.899558736,0.007254873,4.899566114
851,361796,298827,866761,56605,895695,46973,120945,0.011685833,4.89888983,0.011170198,4.898888773
852,371092,298628,884365,59565,892594,39361,128262,0.010925818,4.898790254,0.010414974,4.898793998
853,370823,301018,895609,59659,898094,45152,123345,0.011904168,4.888691048,0.011407902,4.898881242
854,356236,298624,860474,55392,901290,51847,116928,0.009463937,4.897458833,0.00898797,4.899090566
855,378759,300445,910746,62021,892135,35961,131284,0.006845679,4.8973688939999995,0.006441348,4.89736696
856,371480,299567,886675,60251,894192,40123,127276,0.011551231,4.896111793,0.011067523,4.896129644
857,370021,301355,893379,58467,897627,46111,122131,0.009239367,4.888978608,0.00874587,4.899109577
858,376769,301360,906197,61632,897589,40487,127642,0.013253369,4.895848932,0.011838118,4.895856458
859,375882,299630,889656,60934,897194,38097,129404,0.008559852,4.8996152760000005,0.007881236,4.899614455
860,364006,298714,876310,56951,894317,46349,121115,0.011358578,4.899056838,0.00945604,4.899076999
861,371803,299954,901116,59791,893653,43528,123939,0.009517678,4.899573686,0.009076244,4.899571881
862,371553,298942,888071,60344,899143,40627,127586,0.012367785,4.89909938,0.011825379,4.899110913
863,369141,298369,883771,59558,894209,41997,126250,0.011565751,4.899229943,0.01103445,4.899224946
864,366543,299817,887393,58283,898167,46922,120982,0.01124731,4.897509952,0.010752521,4.899669498
865,379544,301395,916559,62200,898631,39507,128970,0.011589764,4.898843696,0.011146604,4.9038612740000005
866,378897,300722,911372,61932,895886,39039,129107,0.009238536,4.8992105519999996,0.008798115,4.899213575
867,378781,300489,908998,62088,897665,36794,131361,0.008827792,4.898903088,0.008396278,4.898900914
868,369339,300608,895255,59172,901765,46926,121960,0.008709058,4.898968598,0.008295238,4.899354956
869,363080,299128,874582,57636,895660,45708,121482,0.011752544,4.898916276,0.01126812,4.898928622
870,370180,298684,883080,58876,893342,41080,125939,0.011103967,4.8885912860000005,0.010593485,4.897395705
871,380383,300202,908913,63302,898356,35366,133054,0.0095183,4.904117914,0.009015168,4.904127969
872,368996,301032,893026,58731,897630,46512,121205,0.008172314,4.897325012,0.007755742,4.899702712
873,369992,299521,889439,58615,894362,43294,124462,0.007444661,4.89909922,0.007007472,4.899105213
874,376488,300438,907098,61035,900516,40810,128567,0.010246985,4.899707381,0.009791119,4.903726232
875,377752,300562,904825,61682,898413,37943,130520,0.009361744,4.898993709,0.008906788,4.899333753
876,366766,299706,883777,58703,898324,46551,121375,0.006870129,4.89918306,0.006391919,4.899180917
877,376928,301199,903607,60703,899139,41591,126760,0.010205274,4.899023756,0.009760422,4.899896384
878,371681,299367,894039,60727,895888,41297,126562,0.010221206,4.897255086,0.009725242,4.898909177
879,381207,301340,909907,62519,898171,36353,132134,0.010324677,4.898826818,0.009886187,4.898860589
880,368422,300694,891149,58782,898944,47562,120854,0.011361578,4.898878036,0.010899663,4.89890357
881,371556,299780,892158,59456,898084,43254,125450,0.009429838,4.90375737,0.008723587,4.90375539
882,379099,300688,913182,61785,892808,37721,129182,0.007945838,4.897495263,0.007550015,4.899330706
883,382109,300242,911611,63365,897828,34867,133206,0.009741679,4.903791251,0.009092666,4.903789262
884,373321,301403,902057,60228,903239,45406,124695,0.007569463,4.903782923,0.007173692,4.903795751
885,371611,300082,890987,59118,897071,42440,126134,0.010205346,4.888925582,0.009693235,4.899466389
886,375490,300284,902868,61146,897765,40882,127535,0.009005258,4.899121255,0.008156107,4.899119601
887,372063,299573,888070,59795,897737,39995,127915,0.007681789,4.898876043,0.007258417,4.903681007
888,363430,299775,875307,57287,898751,48796,119750,0.010149496,4.888951165,0.00968263,4.897276441
889,356492,298665,861897,55156,899013,51316,117062,0.003197037,4.898818282,0.012343689,4.899367143
890,355978,298305,857172,55043,893525,51325,115335,0.011194383,4.898898057,0.010395997,4.903817864
891,380662,300386,910645,62896,898029,35876,132313,0.012061545,4.898957057,0.01106645,4.899011708
892,357766,299178,865111,56115,898525,50094,118543,0.011832907,4.899134744,0.011325393,4.899945622
893,376991,300752,904118,61098,892602,39050,127584,0.011021221,4.899155887,0.010075772,4.89917546
894,373213,299505,893228,59837,896539,41045,127126,0.01134361,4.898744153,0.010834487,4.898762331
895,382129,300857,913963,63221,899128,35134,133589,0.010759183,4.899162153,0.010303401,4.899378103
896,361684,300446,872422,57053,902927,49909,118886,0.011765384,4.904163674,0.01125008,4.9041673679999995
897,369908,300026,885087,58399,897334,43866,124528,0.00872297,4.903732305,0.008266361,4.903740945
898,376436,300483,905839,61553,898415,40504,128002,0.008678751,4.903856165,0.008249862,4.903875236
899,380938,300772,913470,63106,899035,35634,132847,0.010769672,4.899410259,0.010279107,4.899590923
900,369974,300465,895906,59254,897274,45304,122073,0.011936529,4.899041134,0.011435578,4.899816311
901,378693,300957,914315,62146,897344,39415,128718,0.012145459,4.898954934,0.011659571,4.899456649
902,380029,301864,912277,61876,903785,39178,130300,0.010184089,4.898999462,0.009739042,4.899176756
903,384943,300640,918112,63789,894842,33155,134762,0.009214758,4.8991868,0.008771494,4.899184375
904,367660,300060,888434,57700,897533,47393,121144,0.010559046,4.899195604,0.010111896,4.899841927
905,374650,301154,905212,60265,899020,42626,126080,0.009026446,4.898952557,0.008579377,4.8989859639999995
906,375655,299992,908530,60926,898143,40917,127724,0.008571425,4.898854446,0.008151647,4.898874532
907,381119,301187,910333,62173,898587,36361,132626,0.00923099,4.897538117,0.008784796,4.898381666
908,371780,300864,899821,59219,896741,45249,122905,0.011811503,4.899045735,0.01132763,4.899127075
909,375465,300782,901041,60566,898130,41712,126983,0.007908074,4.895997376,0.007450365,4.897288078
910,379462,300882,912049,61849,898445,38220,130112,0.012055169,4.899799369,0.011539581,4.899805574
911,381874,300793,909623,63323,900955,35224,133641,0.010193067,4.898815323,0.009646889,4.898839963
912,369042,300391,896145,59386,896389,45137,122914,0.010318695,4.899209807,0.00986687,4.8997560700000005
913,372796,301007,902204,60353,899589,44045,124565,0.009193576,4.899304784,0.008734267,4.899319944
914,372484,299453,894227,59585,895014,40671,127089,0.010288322,4.899061769,0.009797059,4.899756274
915,384087,301091,918962,64087,896820,32873,134874,0.013335199,4.899803596,0.012353369,4.8998017879999995
916,357483,298722,858541,55274,896667,50677,117377,0.014711477,4.896019712,0.012131222,4.896028969
917,370104,299827,891468,59556,894711,42161,125122,0.012165081,4.898819976,0.011542971,4.899369202
918,378590,300289,915718,61813,897329,40204,128556,0.00916855,4.899550335,0.008728697,4.899548592
919,383039,300204,915053,63385,893091,33638,133737,0.008196906,4.899605918,0.007799132,4.899616515
920,364977,300022,881407,56678,898945,49153,119059,0.012021973,4.89899175,0.011481916,4.8989895919999995
921,373742,300521,893573,59948,898391,42071,126514,0.008650887,4.899736256,0.008210893,4.899740345
922,357488,296853,853918,56088,890122,45108,121388,0.008250959,4.899549435,0.007792237,4.89954807
923,374962,300157,893858,61579,898965,37713,130276,0.009754927,4.8989879389999995,0.009289829,4.898986027
924,367751,298987,886366,58756,895824,45283,122367,0.013580925,4.899108592,0.012229927,4.899127253
925,376400,299948,904691,61439,894693,39537,127637,0.013225859,4.889131969,0.012774247,4.896101336
926,370968,300383,892677,59977,900668,43125,125639,0.011649986,4.898967234,0.010871859,4.898978835
927,383194,301243,914697,62569,901300,35461,134148,0.012559602,4.888908297,0.010709997,4.898891301
928,369275,300133,894871,58738,894069,45585,121528,0.010024373,4.899225639,0.009601894,4.8999512769999995
929,378554,301018,912094,61955,897743,38014,129638,0.009509564,4.898935087,0.009067829,4.898933383
930,358479,298931,864388,55840,894826,50113,117216,0.011150911,4.89923203,0.010601127,4.899240742
931,371422,299077,888011,59421,892690,39147,127373,0.007819665,4.899159403,0.007392805,4.899675027
932,369526,300277,891068,59058,900745,46380,122362,0.010156103,4.8909762279999995,0.009709979,4.899820734
933,377194,301216,911014,61672,899970,40870,127690,0.010596902,4.89959229,0.010129513,4.899590546
934,376187,300095,904357,61115,897634,39883,128080,0.011563641,4.897404826,0.010619561,4.900031042
935,382034,300767,909828,62900,900058,34954,133447,0.009384656,4.897398808,0.008922486,4.903946816
936,369081,301016,890268,58804,896971,45427,122534,0.009104305,4.903802849,0.008630229,4.903812992
937,356159,298189,861497,56047,895284,51188,116535,0.009819707,4.90383591,0.00935621,4.903849212
938,377954,301074,910134,62001,897275,39518,128538,0.009514965,4.89757889,0.009049483,4.899669155
939,375688,299418,893539,60760,896163,37632,130257,0.008934777,4.899139628,0.008449099,4.899662675
940,367008,301302,891934,58516,905852,49671,120186,0.010305231,4.899205697,0.009686632,4.899212196
941,370911,299618,896028,59191,896143,43437,124525,0.011690057,4.88900424,0.010764789,4.897733556
942,371468,300322,897307,59809,900589,44082,125547,0.008556802,4.898859354,0.008113536,4.898875658
943,374192,299532,896785,60731,896522,37740,130249,0.012155113,4.897164145,0.011579475,4.903918666
944,372175,300183,896540,59577,900489,44817,123799,0.006820732,4.897420007,0.006425815,4.899295553
945,374703,299877,904340,60751,893010,40123,126801,0.008840765,4.898945591,0.008404501,4.899766034
946,370242,299205,888102,59507,894909,42531,125698,0.00708799,4.899961455,0.006643106,4.8999602289999995
947,381465,301715,913246,62782,899862,35863,132547,0.009779952,4.8988887519999995,0.009327936,4.898911649
948,366627,299368,884515,57948,893542,45782,121144,0.009697994,4.899206063,0.008807012,4.899211761
949,378514,300353,912828,61639,893591,38378,129267,0.010477946,4.903827714,0.010004099,4.903820887
950,366604,299042,882776,58566,897310,45449,123170,0.010167635,4.899106221,0.009711183,4.89911974
951,380298,300044,909762,62591,897900,35694,132712,0.006762084,4.897444561,0.006342543,4.897456424
952,367660,300290,893218,57686,900486,48945,120524,0.011222589,4.899239785,0.010787298,4.899702839
953,367253,299181,887842,58939,896438,46109,121587,0.009035462,4.897524581,0.008596,4.897522931
954,376477,299622,904482,60960,894352,39091,128408,0.010629673,4.8994815769999995,0.010193618,4.899497252
955,383350,301269,918521,63044,897405,34393,134103,0.009596006,4.897671772,0.009150586,4.897682698
956,353431,298528,854795,54354,895449,52904,114116,0.010629793,4.899129102,0.010016895,4.899698058
957,369575,300235,891217,58804,900761,46688,122400,0.010455654,4.899098396,0.009927781,4.8999536280000004
958,358964,299076,864188,56919,900636,46620,121419,0.01079888,4.8955380569999996,0.01010235,4.899670166
959,366358,298541,878968,58938,898654,44275,124100,0.011486203,4.8991275309999995,0.011041446,4.89914096
960,372748,300064,887624,60007,896170,39185,128178,0.011858427,4.88712863,0.011356398,4.899647377
961,375565,301601,907435,60442,900599,42319,125915,0.010136675,4.898928134,0.009688458,4.89978554
962,374836,300733,904369,60326,899775,43313,125600,0.008283947,4.89991784,0.0078894,4.899914561
963,378023,298815,903726,62126,893729,36939,131330,0.009917726,4.899058069,0.009481826,4.89906475
964,372481,299343,888124,60507,898360,39317,128284,0.005640264,4.899063466,0.005206096,4.899073309
965,366990,299368,884648,58121,900521,46925,121791,0.010214943,4.899386346,0.009456965,4.899624696
966,375388,299966,903623,60323,894362,41505,126206,0.012897252,4.899474198,0.012451027,4.899487666
967,382484,301790,917488,63113,898417,34642,133307,0.011160831,4.89746275,0.010641296,4.899637241
968,377628,300098,904526,61461,894813,37710,129861,0.015691324,4.8991905639999995,0.013071854,4.899298203
969,375816,300580,905676,60991,894787,41077,126485,0.011803103,4.898889906,0.011336688,4.899317261
970,375100,300826,906179,60381,898240,43643,125272,0.009142225,4.898919877,0.008733795,4.89891872
971,357679,299456,860434,55694,899618,49873,119088,0.010592739,4.897426573,0.009524983,4.897425419
972,371078,298830,886667,59620,896822,41237,126973,0.009278572,4.897522458,0.008595061,4.899765232
973,374375,300822,904469,60286,899076,43240,124764,0.009320536,4.89889214,0.008893578,4.9037618
974,366778,299122,880690,58175,894105,44144,123312,0.00931652,4.904024687,0.008882147,4.9040335299999995
975,374090,299555,886163,59924,897336,37285,130497,0.01008089,4.898844089,0.00961568,4.899191514
976,381354,299648,911164,62446,894965,34264,132730,0.006933717,4.899116548,0.006520821,4.899263715
977,379344,301402,916691,62028,895721,39436,127988,0.010056254,4.898882369,0.009607306,4.898881516
978,375561,299669,905127,60840,890439,40196,126482,0.009190886,4.8991116,0.00878311,4.899109365
979,371842,299524,883422,60034,895697,38731,129053,0.011098611,4.895947198,0.010321504,4.8971463029999995
980,376148,300316,897263,61744,898961,37113,130443,0.008995928,4.899703084,0.008524396,4.89970135
981,373682,300963,902584,59782,896818,43775,124375,0.008095528,4.895998594,0.007698199,4.899111867
982,370421,299977,890264,58905,898589,44521,124535,0.011833644,4.899159625,0.011346019,4.899157405
983,378226,299817,896389,61727,895277,35087,132288,0.011423816,4.89713593,0.010607738,4.898904536
984,364783,297568,872995,58223,891953,42512,124323,0.009173115,4.898858013,0.008727961,4.899655935
985,371071,299856,897809,59295,893759,44019,124186,0.012270767,4.8992366,0.010908627,4.899235648
986,375886,300925,907907,60557,898840,41832,126345,0.010896133,4.895993142,0.010407907,4.899706408
987,379979,300533,904895,62472,898894,35424,133162,0.012566844,4.903883585,0.009858497,4.903891634
988,369855,298209,878662,59290,894493,39594,127279,0.010492802,4.899821519,0.010032058,4.89982072
989,372601,300973,902210,59766,896111,43713,123965,0.009315844,4.899003186,0.008889894,4.899795075
990,367432,300216,886818,57729,897096,46062,122624,0.009662127,4.899865877,0.00918487,4.899864701
991,381951,301545,912579,62744,900653,35914,132342,0.011285863,4.897237673,0.010737332,4.89723576
992,379991,301231,908205,62662,895445,36539,130835,0.009640001,4.897611285,0.009211522,4.903922777
993,374415,300826,902975,60301,899294,43985,124994,0.010013844,4.898944736,0.009122531,4.898942545
994,367279,300275,883112,57507,899960,46908,121926,0.010990347,4.889200873,0.009457781,4.903868374
995,368232,300882,890559,58133,901463,47297,122472,0.010389217,4.899159846,0.009952939,4.899158556
996,382236,300546,915868,63137,897693,35880,132545,0.009216502,4.899994676,0.008787476,4.89999376
997,372709,299273,898341,59993,895675,42783,125470,0.010310476,4.899382035,0.00987248,4.899379932
998,371641,300784,898133,59556,901478,44674,124022,0.009848177,4.889244474,0.009400425,4.897426874
999,376732,300045,900022,61033,894665,36877,131108,0.011174414,4.899873212,0.010391118,4.89992275
1000,375372,300541,895773,60748,896904,38769,129071,0.009314179,4.898955858,0.008854395,4.89945367
1001,367046,299319,883341,58372,897094,46195,121534,0.01079169,4.899823094,0.010047567,4.899820924
1002,367722,300110,886779,58273,896244,46031,121610,0.010340376,4.899438087,0.009831971,4.899442088
1003,377769,299738,905140,62468,896132,36519,130847,0.01101407,4.899193881,0.010502752,4.899798264
1004,374670,299424,891934,60639,889824,37685,128836,0.011424451,4.899068572,0.010692494,4.899067683
1005,368340,300071,886864,58498,895435,46114,121535,0.011685271,4.897387612,0.010899675,4.899658339
1006,372982,300461,899499,59744,899220,43942,124962,0.005805514,4.899858605,0.005390508,4.899855309
1007,381081,300959,912332,62422,895537,35116,132607,0.009888914,4.8962461919999996,0.009457462,4.899455188
1008,368503,299185,883459,58767,898218,42050,126007,0.014096151,4.896107527,0.011730035,4.896105953
1009,355818,299238,860900,55322,898091,52476,115321,0.004589588,4.898957482,0.004093564,4.898989087
1010,375117,300738,903439,61545,899259,41725,126318,0.010450113,4.899118973,0.009963732,4.899136606
1011,382958,301319,917694,63314,905082,36864,133179,0.011652337,4.897179418,0.01110994,4.89720721
1012,379550,301046,909853,62446,895248,36188,131112,0.012482375,4.899080201,0.011601109,4.8991126430000005
1013,372955,300619,894695,59945,898109,43435,124985,0.01038161,4.898540896,0.009620785,4.898538906
1014,376462,300579,907716,61455,901015,41985,127222,0.010425264,4.898999437,0.009950148,4.898997112
1015,378062,300209,900421,61721,897257,35897,131929,0.007711518,4.899042878,0.007285613,4.899042056
1016,372688,300189,896020,60748,902465,40912,128223,0.008261791,4.903946226,0.007834988,4.903942705
1017,366760,300024,885825,58637,899235,47225,121407,0.010306174,4.897234989,0.00967631,4.8972913909999995
1018,373905,300774,903207,61042,899527,42896,125521,0.008754836,4.903927545,0.008331729,4.903923799
1019,380457,300705,908927,62635,897249,36383,132209,0.010297654,4.899021993,0.009405249,4.903834113
1020,372636,298431,885882,60458,894577,38484,129279,0.009469089,4.897294616,0.008997321,4.897562488
1021,364587,299879,876029,56723,899524,47539,121095,0.00926781,4.898980217,0.008793841,4.903795758
1022,374497,301094,904723,60109,899003,43206,125183,0.009799469,4.899863143,0.009344625,4.899871263
1023,380608,300853,909526,63202,901352,36515,132018,0.01399958,4.899884574,0.013443278,4.899881609
1024,368828,299672,881338,59639,902237,43193,125866,0.010446514,4.8991629759999995,0.00981749,4.899972585
1025,371595,300258,895975,59217,898258,44139,124198,0.010876015,4.898916629,0.010386364,4.899582662
1026,366403,299832,883906,58331,901108,46512,122621,0.01003743,4.899545483,0.009337966,4.899542905
1027,376618,300279,899172,61549,898822,37500,130561,0.007917208,4.898556796,0.007502166,4.899257784
1028,382107,300536,915183,63624,900454,35545,133532,0.008434014,4.897356466,0.008021363,4.897353896
1029,372918,301583,901919,59932,902129,45212,123821,0.006676289,4.889043779,0.006268864,4.89559663
1030,374361,299864,907068,60788,893819,42117,125445,0.010171279,4.89746211,0.009705725,4.897473643
1031,375527,299055,894311,61026,898734,37974,131032,0.010939852,4.898807463,0.010270338,4.89880579
1032,379443,300962,912286,62549,896148,36936,130763,0.010333566,4.899322409,0.009907336,4.899713057
1033,372205,300793,902162,59359,897823,44603,123957,0.013004016,4.903855854,0.012495411,4.903853818
1034,361440,299738,872513,56136,897405,50857,117677,0.012984078,4.903784058,0.012534327,4.903794793
1035,380064,300697,910407,62867,896878,35893,132010,0.012326219,4.897464288,0.011313164,4.899436956
1036,371251,299803,883992,59145,898979,41289,126977,0.011316941,4.897257089,0.010698249,4.899710014
1037,367495,298519,883621,58510,893285,43874,124145,0.011744675,4.899770026,0.009762818,4.899769052
1038,370329,301342,892371,58788,901996,44986,123827,0.009812031,4.897322625,0.009156514,4.898967992
1039,376141,299986,898922,61276,895656,37535,130444,0.012258916,4.899098553,0.010335944,4.89979514
1040,382091,300932,910158,63435,897163,34460,133526,0.01109529,4.899093647,0.010650395,4.899684869
1041,372700,300502,902910,59179,896207,44574,123546,0.011212804,4.899657256,0.010265333,4.903733276
1042,373147,301462,900862,59645,901131,45037,123343,0.010869449,4.89917864,0.010372826,4.89917585
1043,382454,300753,909388,63016,898454,34857,133255,0.01096778,4.899580786,0.010448103,4.899672464
1044,375129,300671,896270,60052,898525,38446,129850,0.016519075,4.903757082,0.010761917,4.903769069
1045,365742,299185,877995,57445,894106,45697,121960,0.008976619,4.897217101,0.008534965,4.897215218
1046,375861,300725,904057,60848,898883,41999,127305,0.006997071,4.899820781,0.006601443,4.899837414
1047,380367,300756,913330,62018,893688,36080,131900,0.011333845,4.899191613,0.010794512,4.899190211
1048,375718,300275,896377,61324,896193,38215,129422,0.010975421,4.898901319,0.010286938,4.898899273
1049,373376,300419,897725,59674,893108,42361,124678,0.008894035,4.903800567,0.008485481,4.903811482
1050,377031,300960,906474,61744,900404,41763,126993,0.011573156,4.898821612,0.011084999,4.898839633
1051,383127,300676,915690,62829,899461,34897,133930,0.012047323,4.891537527,0.011566146,4.899120595
1052,367599,299135,877914,58364,891967,42446,124283,0.012298977,4.899065509,0.011814616,4.89939506
1053,367326,298997,884918,58609,894335,44677,122301,0.012713601,4.898118482,0.01216222,4.9038314530000005
1054,366413,299857,883333,57984,897836,46413,122082,0.010868094,4.898916048,0.010364224,4.898928895
1055,381281,300013,907727,63628,897226,33931,134095,0.01084982,4.898926673,0.010343738,4.898924428
1056,369447,300447,891627,58924,899481,45895,122313,0.012114032,4.899693809,0.011662979,4.899689719
1057,379600,301590,916235,62848,902495,39258,129585,0.011147269,4.898968105,0.010632083,4.898974071
1058,373971,300251,900551,60324,895540,41639,125773,0.011991282,4.899271592,0.01153831,4.899592962
1059,378847,301168,908663,62021,899408,39070,129353,0.010253518,4.899016141,0.00980961,4.899015212
1060,374455,299479,906865,60590,897599,42045,126311,0.010078521,4.895420694,0.009644103,4.903940365
1061,372071,299133,890338,59802,894838,40432,127246,0.009719617,4.896068035,0.009155603,4.898929411
1062,367786,300353,886158,58093,902688,46404,122933,0.008856754,4.904098756,0.008403486,4.904115083
1063,376422,300230,910037,61428,896720,40423,127432,0.011085701,4.88884258,0.010556229,4.898306512
1064,373451,300583,897546,60215,897363,42509,125233,0.010300344,4.898855094,0.009833578,4.8988526839999995
1065,381821,300769,916328,62515,896491,36649,131812,0.01140121,4.903865434,0.01085223,4.9038708159999995
1066,370596,299808,888379,59319,897548,43741,124537,0.010881092,4.888777397,0.01014497,4.904024199
1067,376526,300588,901869,61217,896151,40090,127845,0.008934713,4.897327638,0.008524145,4.897351917
1068,377457,300344,910765,61295,894215,39946,127753,0.008441749,4.897520075,0.008021341,4.904076231
1069,377126,300973,909224,61282,899775,39828,128284,0.009681385,4.897312249,0.00923849,4.897310726
1070,371741,300070,894654,60348,899507,43387,125233,0.010232903,4.899232382,0.009268421,4.89960211
1071,376104,301277,909343,60469,899941,42823,126403,0.009098831,4.904067663,0.008683985,4.904085795
1072,365326,299122,877649,57572,899316,46408,121606,0.010207263,4.897039005,0.009706798,4.8994926020000005
1073,379535,300939,912786,62040,896776,38486,129859,0.007737685,4.899494337,0.007328366,4.899493457
1074,372032,301035,891614,59861,899812,43568,125416,0.010181965,4.89914454,0.009432974,4.899155456
1075,372513,300640,892929,60042,901054,42754,126052,0.011395049,4.896148844,0.01056543,4.897580302
1076,377320,301189,912266,60676,897923,41405,127327,0.009371883,4.892293434,0.008940628,4.899546996
1077,382865,300845,916610,62379,891847,34777,132203,0.006165293,4.899341607,0.005753183,4.89933953
1078,375125,300369,896696,60622,899367,40324,128280,0.013406142,4.876851215,0.012677244,4.897501075
1079,378415,301681,916295,61316,897387,40496,127824,0.010387254,4.897396676,0.009924104,4.897572814
1080,366198,299822,881343,58318,894466,45354,122044,0.008780805,4.899241098,0.008315978,4.8992745410000005
1081,379577,300651,911413,62368,895689,37380,130341,0.011832017,4.899291602,0.011293156,4.899290479
1082,372469,300568,894645,60173,897974,42118,125782,0.012285536,4.897461912,0.011565396,4.897460062
1083,375022,301155,905853,60292,900492,42386,125987,0.012236878,4.897409729,0.010317714,4.899802384
1084,366430,300281,881658,58123,898133,46530,121811,0.006903965,4.8974927919999995,0.006435635,4.8995512770000005
1085,381670,301406,917112,62705,900428,37699,131121,0.009764675,4.896064896,0.009310976,4.899062739
1086,372059,301445,897509,59594,901501,44626,124698,0.009476572,4.899197233,0.009055866,4.899195957
1087,368595,299341,884466,58751,897556,44515,123651,0.010942863,4.898973808,0.010402439,4.89920571
1088,377069,301091,907054,61678,896812,39708,127869,0.010192159,4.899339307,0.009754095,4.899337332
1089,378301,301408,909032,62303,902140,40063,128553,0.011950651,4.897637841,0.011391647,4.897705656
1090,379170,301773,912148,61474,903151,41186,128105,0.010744691,4.897356841,0.010234155,4.8998325640000004
1091,377292,301816,906903,61292,901246,41166,127331,0.007761823,4.899037102,0.007347457,4.8995167120000005
1092,373112,300472,902482,60317,898143,43969,124339,0.012514635,4.898874109,0.01202887,4.899468782
1093,379343,301184,910764,62205,898334,38687,128849,0.01044404,4.897321627,0.009979826,4.899724436
1094,372469,299797,897561,59636,900909,43187,125948,0.010683273,4.899159284,0.010152205,4.899174859
1095,370854,299528,887579,59449,895157,41721,125767,0.010486127,4.8947351569999995,0.009179322,4.90387311
1096,371125,300175,885432,59626,898854,42630,125788,0.00835639,4.897505903,0.007916154,4.897509121
1097,375875,301300,909157,61216,902141,42535,126532,0.008290538,4.896071525,0.007881291,4.903893071
1098,376278,300350,907548,60976,893084,39029,127756,0.006148176,4.899089963,0.005704628,4.899088079
1099,367306,299194,883817,58075,897322,45213,123336,0.009249821,4.898975994,0.008780679,4.898982531
1100,374717,300300,904489,59965,894397,41797,126012,0.011549324,4.898908824,0.011082921,4.898919451
1101,379647,301493,913947,62224,902861,39715,129377,0.011511915,4.88879842,0.010983234,4.899605392
1102,374436,300124,897228,60795,901924,41916,127775,0.010321367,4.897432215,0.009762675,4.89906124
1103,373419,300995,898137,59555,898907,42940,125725,0.013085008,4.895929925,0.012354882,4.897364114
1104,374918,299857,895628,60194,898905,41220,127102,0.010534477,4.89904999,0.009966482,4.899880162
1105,379900,300630,905718,62459,898266,37575,130768,0.009727168,4.897323812,0.009287802,4.898064665
1106,377842,301452,911972,61158,901600,41875,128123,0.008371535,4.899120516,0.007965078,4.899119689
1107,376253,300557,903749,61334,896884,40325,128191,0.00985183,4.898915843,0.009423983,4.89940841
1108,371380,299773,889026,58828,898999,43806,124834,0.00987913,4.899038629,0.009405201,4.899412885
1109,371691,299603,890771,59757,897569,42071,126573,0.01009741,4.89728932,0.009403317,4.897288335
1110,370793,299349,890639,59489,896507,42259,125738,0.010334375,4.899892068,0.009855741,4.899900875
1111,374873,299892,901639,60545,895958,40567,127291,0.009168354,4.897335383,0.008734853,4.899729987
1112,373979,300785,900756,59879,897266,42612,126070,0.007965287,4.899875335,0.007561368,4.8998742459999995
1113,380775,301304,916129,62384,897071,37877,130200,0.009174548,4.898882321,0.008738853,4.899524701
1114,362121,299386,876036,56516,896550,48631,119108,0.009615811,4.897385015,0.009117207,4.897378752
1115,374871,301455,905916,60430,897513,41325,126016,0.008473476,4.898980035,0.008062134,4.898978886
1116,375501,300456,904429,61046,893316,39602,126943,0.013707528,4.899158316,0.012229217,4.899156517
1117,369773,299853,886793,59287,899185,43426,125829,0.008489021,4.898867703,0.00802875,4.899217418
1118,375820,300011,901353,60612,896018,40298,127080,0.012164343,4.898916129,0.011645603,4.899300881
1119,373881,299989,904149,60055,894543,42104,125379,0.010831411,4.899011699,0.00987301,4.903845694
1120,370929,300164,890150,58792,898902,44148,124435,0.011047992,4.898998855,0.010290862,4.899082941
1121,365655,300246,881194,57857,901556,46356,122444,0.010526659,4.897710334,0.010025071,4.898963853
1122,378561,301628,906021,61262,900025,38936,128947,0.009445698,4.899039003,0.009039687,4.8990371889999995
1123,372731,300258,897682,60278,893394,41032,125788,0.010532676,4.897969364,0.010070883,4.897967588
1124,372363,300935,897659,60877,901130,43724,124431,0.010846847,4.897889869,0.010337192,4.897888667
1125,374339,299527,896071,61561,897024,39105,129232,0.011913937,4.898978802,0.010783012,4.898977984
1126,377144,300677,904596,61022,895184,40002,127997,0.011767785,4.899110989,0.011315641,4.899109147
1127,377175,300742,906433,61464,898240,40911,127691,0.008424178,4.897542444,0.008018546,4.897567598
1128,374517,300594,904318,60374,896551,41619,125941,0.007598086,4.899013332,0.007182747,4.899010473
1129,373798,300618,899322,60321,898347,42168,125946,0.011542839,4.894118549,0.011011136,4.904044813
1130,378590,300568,908846,62317,898375,38893,129590,0.010545751,4.888958626,0.009635214,4.899095793
1131,367034,298966,881400,58170,898713,44920,123477,0.012068166,4.899691151,0.010928312,4.899797188
1132,376495,301234,910948,61433,896434,40676,127277,0.010921212,4.899240463,0.010421127,4.904072219
1133,370708,300051,887344,59277,899838,43103,125597,0.008191076,4.898822122,0.007761033,4.898819948
1134,366961,299907,883737,58336,903299,47202,121852,0.010734649,4.899062078,0.009973572,4.899073024
1135,362124,299379,875905,57127,898557,49042,119065,0.012681992,4.87271197,0.012191252,4.895866521
1136,377933,300802,909334,60759,895645,40006,128426,0.010620894,4.897322043,0.01012685,4.897368681
1137,377511,300808,906734,61179,895215,39371,128655,0.008861179,4.89738625,0.008429284,4.898918971
1138,371347,300435,891399,59697,900322,43427,124748,0.008353339,4.889772558,0.007920222,4.890669142
1139,371412,300748,896511,59650,898590,44055,124018,0.00722659,4.899026489,0.006807213,4.89902415
1140,355454,298545,857941,55106,898597,52667,115167,0.010540599,4.8990754899999995,0.010008957,4.899944398
1141,377133,300301,903652,62169,897375,39861,128004,0.010740862,4.89739742,0.010278949,4.897416347
1142,378325,300550,909798,62191,895428,38438,129132,0.010819975,4.8974361250000005,0.010330808,4.899653125
1143,373449,301378,904611,59643,901250,44318,124537,0.009992993,4.892612861,0.009569032,4.89844528
1144,376587,301748,911274,61249,900067,41310,127323,0.011440074,4.888761701,0.010981762,4.898965154
1145,378860,301090,915828,61400,898717,39414,129707,0.010282517,4.899114275,0.009818363,4.899124665
1146,374314,300433,895869,60029,895134,40511,126469,0.011367204,4.899090344,0.010859452,4.899097422
1147,370268,299833,888864,58966,900036,44524,124371,0.013229094,4.899096207,0.011726797,4.903920594
1148,375162,301682,906299,60905,901153,43085,125607,0.010349081,4.897532624,0.009901168,4.897530913
1149,380490,300957,918850,62561,899280,38724,129684,0.008966879,4.895405179,0.008552777,4.89788425
1150,375126,301433,905770,61146,900421,42813,126079,0.009693966,4.899182535,0.009253573,4.903732201
1151,377777,301773,907989,61019,900826,39914,128641,0.006979642,4.899641311,0.006579148,4.899637846
1152,364078,299095,878808,57227,895377,46748,120938,0.007860894,4.897556672,0.007423863,4.900015411
1153,358539,298995,868422,55785,898459,52620,116158,0.012134906,4.8972616890000005,0.011607232,4.897329281
1154,378770,300387,901137,62318,897116,35897,132415,0.011151211,4.897286233,0.010658109,4.899358763
1155,379541,299539,901843,61302,891842,34804,132234,0.009847602,4.897386801,0.009168169,4.898484797
1156,373536,300310,899582,59902,893890,42717,124250,0.010003396,4.898750192,0.009548831,4.898747899
1157,371546,299158,889768,59188,893915,42807,124969,0.008419424,4.898893889,0.007980082,4.898892424
1158,375864,300107,893039,59912,899733,38240,130349,0.012193436,4.8990683950000005,0.009918916,4.89912507
1159,379389,300525,901756,62339,898811,36290,132252,0.011644248,4.888716912,0.011034062,4.897106119
1160,362965,298832,873975,57580,892975,44992,122613,0.010708467,4.899379398,0.009956012,4.899392055
1161,373115,301681,899574,59388,901013,44934,123914,0.010197462,4.897286308,0.009770269,4.89901478
1162,382307,301344,918415,62366,897926,35374,132883,0.007700575,4.903797101,0.007276395,4.903812813
1163,372390,298513,886645,60527,896978,38450,129340,0.007920411,4.897769879,0.007449654,4.897768223
1164,375270,301339,908589,60547,898573,42656,125823,0.009912512,4.904063854,0.009474098,4.904062613
1165,371852,300398,899483,59404,896741,44354,124145,0.011612904,4.899202421,0.011134696,4.899200416
1166,382314,301188,914539,62834,893766,34080,133115,0.008955689,4.89994565,0.008541308,4.899944541
1167,381566,300157,906687,61597,898967,36312,132709,0.011462774,4.899074702,0.010283205,4.899087371
1168,372973,300290,900641,59882,894877,42945,125132,0.010024609,4.899684034,0.009585484,4.89969415
1169,373239,299803,896942,60055,895347,42594,125489,0.009779229,4.898981701,0.009292734,4.8989799000000005
1170,372799,300290,895512,61085,898185,39474,129008,0.009923659,4.899537725,0.009457474,4.899536818
1171,384149,301875,919407,63871,899800,35077,133520,0.008751763,4.897393876,0.008335574,4.899029062
1172,371591,299144,895274,59330,894764,43903,124257,0.012195552,4.898878917,0.0114547,4.899736595
1173,370871,300270,892362,58663,903181,45521,124032,0.009209722,4.899007958,0.008695175,4.89900687
1174,384997,301452,915622,63877,901575,33292,135370,0.009809448,4.904075375,0.009374892,4.9040871280000005
1175,376824,299151,900012,61893,893362,36503,130478,0.010036259,4.8990542,0.009595007,4.899066607
1176,370711,300612,890767,59213,897798,44494,123519,0.007695108,4.899039713,0.007220127,4.8990389
1177,372522,300389,897304,59300,896409,43151,125274,0.012168296,4.898745648,0.01132393,4.903810184
1178,380450,299723,910422,62454,895453,34977,132629,0.011251903,4.903788352,0.010775426,4.903786383
1179,380465,301782,906642,62188,904463,37130,132085,0.009309307,4.897335469,0.008856296,4.899847919
1180,372088,302055,903269,59643,898877,45109,122877,0.013123388,4.897572545,0.012671255,4.898874168
1181,373956,300734,900732,60394,895248,41513,125733,0.008364037,4.8990705519999995,0.007960541,4.904050784
1182,380098,301232,910277,62730,897739,36198,131556,0.00907973,4.903968666,0.0086432,4.903984067
1183,376007,300807,897000,61511,901263,37687,130478,0.009516832,4.899041894,0.009049412,4.903925393
1184,373168,299433,899461,60505,895035,43505,124588,0.010644995,4.90005271,0.010201438,4.900051853
1185,374434,301021,904895,59848,898875,43610,125332,0.007804446,4.89964094,0.007387245,4.899666011
1186,385757,301544,918353,63682,902335,33825,134964,0.010031105,4.899197124,0.009591986,4.904109651
1187,376082,299896,895938,61088,895985,37566,129988,0.008969942,4.897313917,0.008524521,4.899348645
1188,370518,300632,896253,58827,896944,45282,122637,0.010753608,4.897375692,0.010255151,4.897373928
1189,376427,300811,907004,60642,895620,41079,127322,0.009222103,4.8886915779999995,0.008789273,4.899665863
1190,385696,301719,919887,63919,897884,33632,134402,0.010945023,4.89760525,0.010471699,4.904096068
1191,380790,300887,913529,63174,899966,36098,132753,0.010555373,4.888820292,0.010122631,4.898422671
1192,372694,300359,899603,60082,894745,43173,124608,0.008714645,4.897326852,0.008275099,4.899385615
1193,364786,299816,878735,56730,895937,47524,120425,0.008976745,4.895357079,0.008299278,4.895659231
1194,381695,301290,915373,63282,899919,35486,133107,0.011306135,4.904055213,0.01083729,4.90406664
1195,382776,301179,913130,63559,898368,34624,133621,0.009375176,4.897483469,0.008952862,4.897492235
1196,364644,299021,875976,57633,898163,46533,121634,0.00706722,4.899057665,0.006625721,4.89905587
1197,375083,300528,902151,60354,895339,41371,126153,0.011820081,4.8989288250000005,0.011330459,4.899349794
1198,374612,300325,893902,60666,901779,40168,128291,0.011038225,4.888712413,0.009548685,4.898975843
1199,375213,300377,898420,60993,897098,37744,129911,0.01085006,4.899177421,0.010354426,4.899174967
1200,371494,300850,899441,59231,898187,45316,123273,0.008645441,4.898807769,0.008236531,4.898805089
1201,371110,300153,892346,59183,896948,44149,124195,0.006780972,4.8989090520000005,0.006317662,4.898908068
1202,362538,299027,869632,57245,897107,46497,121162,0.010969268,4.899221128,0.010485861,4.904035069
1203,382154,299484,909705,62966,891997,32862,133732,0.011198318,4.888927157,0.01072613,4.899147215
1204,373098,300228,905111,60024,896187,44003,124435,0.011081826,4.897460289,0.010572901,4.898570167
1205,374441,300856,906098,60404,892639,42060,125126,0.010633921,4.899835596,0.010188851,4.903948217
1206,369329,298903,883134,59458,899091,40582,127611,0.009318365,4.8975962509999995,0.008878213,4.897594699
1207,375933,299940,894624,61626,901012,37790,130895,0.007864409,4.899049117,0.007429393,4.89906539
1208,354426,298754,851900,54519,896190,50513,117123,0.009954895,4.897612089,0.009496862,4.899186123
1209,379478,300867,916800,61954,898636,40376,128260,0.008576331,4.899638137,0.008153509,4.903708442
1210,371451,299459,882584,59510,902194,40556,129335,0.011518613,4.899223351,0.011015333,4.8992381510000005
1211,381629,301448,915630,62422,898712,35723,132856,0.013194521,4.8997011950000005,0.012155495,4.899700296
1212,361923,299877,874085,56145,899110,49455,118944,0.014368682,4.899231797,0.01383299,4.899229875
1213,378323,301223,909449,61486,898241,40139,128086,0.010431902,4.899164418,0.01000786,4.899162592
1214,369676,299223,890213,59724,892916,41682,125474,0.012506458,4.897197422,0.011951421,4.899306119
1215,384078,300835,916741,63774,897016,33328,134782,0.010876051,4.899135548,0.010410787,4.899150856
1216,363690,299203,876382,57510,897934,47941,120083,0.011393287,4.897563429,0.01088407,4.897561605
1217,376272,300446,904770,60933,894508,41128,126910,0.009414601,4.899840952,0.008991639,4.899847787
1218,370510,299301,884839,60081,896185,39568,128021,0.012079135,4.898994367,0.011257775,4.899001631
1219,376484,300301,895090,61825,902488,38077,131617,0.011210919,4.897198659,0.010721614,4.898921859
1220,362061,299072,872883,57180,896850,48277,120591,0.019435337,4.904013964,0.01459511,4.904011348
1221,368574,299666,886163,58306,895009,44567,123076,0.008339309,4.89886969,0.007892239,4.899293883
1222,382374,301311,920314,62962,896693,35283,132429,0.017289573,4.897499392,0.012115856,4.899709935
1223,382146,299929,908641,62909,895413,34326,133533,0.012429545,4.897360145,0.011919123,4.898929106
1224,371494,301126,894984,60080,902340,44843,123650,0.011025834,4.899164032,0.010527328,4.89970116
1225,367096,299060,886739,58566,896038,46463,122102,0.014374105,4.898974922,0.011185932,4.89898979
1226,383364,301940,922938,62890,899886,35849,132692,0.006825647,4.898910954,0.006373774,4.903858342
1227,369077,299051,884915,59304,894355,41578,125894,0.010914434,4.904024055,0.010426863,4.90403128
1228,370838,300334,892501,59433,898863,44486,123766,0.007422384,4.896242644,0.007021125,4.897605921
1229,372619,300385,894231,60074,898344,42745,125513,0.008695724,4.90376876,0.008075333,4.903766682
1230,373667,300423,901417,60284,897105,41662,126477,0.013305975,4.899127893,0.012769241,4.899125034
1231,376494,299839,897470,61937,903513,38446,131367,0.010269603,4.899066946,0.009608367,4.899750903
1232,369052,300435,881158,59046,898768,44402,123568,0.011005731,4.899089947,0.010469244,4.899088743
1233,374223,299962,896535,60296,896202,40961,126699,0.011374044,4.895979849,0.010642254,4.897214294
1234,381533,301072,910737,63303,899065,35516,132953,0.007991773,4.899763557,0.007565181,4.899864662
1235,382025,300395,914601,63667,899584,34636,134182,0.010793707,4.904008473,0.010329823,4.904015339
1236,363891,298781,880193,57205,894655,47449,120436,0.010739859,4.897375879,0.010184824,4.89893292
1237,374089,300987,903713,60694,897132,41727,126367,0.012528658,4.898935504,0.011072124,4.89894986
1238,380542,300256,915288,62216,897227,36365,132437,0.012231894,4.896210519,0.011697791,4.897491731
1239,380227,300259,905422,62621,895216,35094,132550,0.012736325,4.899662998,0.011304305,4.903850316
1240,369807,300549,894262,58935,897420,45923,122419,0.010427809,4.899041182,0.009974368,4.89984693
1241,374096,299701,901343,60493,895145,41647,125776,0.011193358,4.897302181,0.010746015,4.897791988
1242,379954,299848,903519,62236,895965,35836,132053,0.00944736,4.888734253,0.008992737,4.897323362
1243,383406,300907,919974,63907,897079,33982,134055,0.014646092,4.899068469,0.013756191,4.899066511
1244,364583,301029,885055,57276,902441,49763,119634,0.008709086,4.889206467,0.008297157,4.897524887
1245,378171,301381,912780,61216,898233,40488,128074,0.011142755,4.899072214,0.010689841,4.899105239
1246,380310,301098,907230,62646,897728,36197,131623,0.00766543,4.897392519,0.007257541,4.899085401
1247,371573,300332,889702,59996,901974,40873,127998,0.012366222,4.888773739,0.011825043,4.899650837
1248,365096,298710,876827,57930,895986,45813,121967,0.010386003,4.904016756,0.009922257,4.904027295
1249,382809,301755,913101,63166,901633,35035,134051,0.018431786,4.899501465,0.01214676,4.899514957
1250,372561,301209,893524,59293,900792,44230,124899,0.010798138,4.899145515,0.010124351,4.89916494
1251,375378,301572,909462,60743,901572,41885,126674,0.012974523,4.899180959,0.012502885,4.903941006
1252,370825,301384,895884,59059,904507,46022,123465,0.011577546,4.897482039,0.011048053,4.8975022379999995
1253,381295,299778,903947,62790,894821,33694,134187,0.009805428,4.892066587,0.009346894,4.8970916639999995
1254,373764,300251,899471,60720,897409,41865,126397,0.008172541,4.8973520310000005,0.00776722,4.899258283
1255,377593,300278,911732,61987,895270,37996,129492,0.01086544,4.8991887179999996,0.01000755,4.90405848
1256,367899,299319,882303,59000,901764,45345,123820,0.011754346,4.903935255,0.011109659,4.903934
1257,386590,302219,923698,64969,901249,32951,135680,0.010858854,4.899861682,0.010395431,4.899859656
1258,373238,299682,893366,60073,898848,41750,126832,0.007975363,4.897472024,0.007511908,4.899608637
1259,373425,300672,896290,60716,901555,41614,127267,0.011977621,4.897530871,0.011393792,4.897561249
1260,373012,302150,902045,59805,904636,45777,123388,0.008030348,4.899242974,0.007579411,4.899906376
1261,383316,301366,918292,63760,899122,34654,133881,0.010121435,4.897925032,0.009691474,4.904053803
1262,379872,301394,909219,61510,897032,39059,128651,0.010072744,4.904077505,0.009651426,4.904081194
1263,380610,300606,914832,62643,895474,36901,130525,0.006819747,4.899089025,0.006428031,4.89908719
1264,369622,300407,888610,58559,897593,44952,123293,0.007528414,4.897437012,0.006835654,4.897435951
1265,385043,301363,919462,64289,899651,33279,134876,0.010685884,4.899012018,0.010229632,4.903906453
1266,378402,300582,911286,61442,896766,39926,128499,0.009003194,4.897423526,0.008593691,4.899510505
1267,370334,299546,888136,59526,899071,43924,124612,0.005679176,4.897404357,0.005185689,4.897424601
1268,367790,299618,884917,58288,899457,46137,122487,0.008154285,4.898992142,0.007712754,4.898990697
1269,379589,300748,909701,62331,895876,35714,131097,0.008832216,4.899099898,0.008403451,4.899103257
1270,366821,299576,885784,58421,897418,46898,121370,0.009376875,4.8975060710000005,0.008821816,4.897517684
1271,373082,299410,894048,60196,896514,40842,126962,0.008872632,4.89737806,0.008414323,4.899217563
1272,373290,301075,903096,60058,897088,41881,126133,0.011701035,4.899024627,0.010240848,4.899583955
1273,384434,301473,913446,64262,903033,34292,134360,0.009848176,4.899093412,0.00941603,4.903784053
1274,376113,301522,904180,60603,899404,41389,126985,0.010757216,4.899110293,0.010286083,4.899108764
1275,374310,300122,899005,60470,894715,40424,127334,0.010036515,4.8991089930000005,0.00962021,4.899106938
1276,373183,301762,904576,60540,903635,44995,124174,0.012622706,4.897528003,0.012142842,4.89831135
1277,386256,300948,923248,64381,898120,32078,135569,0.012943772,4.897478157,0.012477736,4.897476268
1278,371642,300094,892393,59361,897944,43428,126181,0.008416955,4.897439856,0.007967012,4.898504495
1279,373234,300214,900182,59723,898556,44192,124508,0.01173125,4.898863286,0.011273892,4.899381958
1280,371331,300219,892602,59584,901554,44033,125123,0.008339961,4.899231817,0.006997505,4.899242396
1281,378142,300028,900736,61210,899924,37170,131572,0.010249455,4.897294237,0.009784971,4.897335483
1282,377293,300629,911434,61657,894215,39077,128419,0.009360663,4.896973865,0.008929929,4.89877393
1283,370957,299107,882351,59626,894725,41154,125824,0.010483384,4.899017448,0.009995719,4.899461301
1284,377909,300320,910288,61873,898478,40330,128167,0.009686411,4.89766297,0.009262796,4.8998794
1285,385910,300592,921530,64159,893665,32068,135896,0.007377748,4.899681556,0.00698055,4.899679817
1286,374798,300223,898405,60476,898458,40944,127045,0.009236412,4.882076552,0.008788112,4.899875854
1287,377212,301347,908758,61294,900876,41695,127375,0.01276348,4.89869485,0.012272222,4.899689596
1288,374172,300260,900420,60060,896717,43100,125436,0.013723269,4.899083272,0.012800467,4.899134034
1289,384690,300381,918514,63717,894967,33072,134424,0.007833995,4.889099538,0.007427749,4.898740178
1290,373199,300257,898069,60252,896736,42180,125775,0.009560678,4.895453928,0.008835215,4.898563128
1291,378854,300740,908519,62543,900348,38801,130241,0.006813753,4.903985529,0.006414796,4.90398922
1292,376229,300028,906230,60521,896594,40993,127140,0.01057052,4.899118537,0.010115617,4.8991158729999995
1293,386281,300639,919556,63856,895804,31925,136019,0.009818218,4.903887166,0.009398598,4.903895863
1294,362227,298953,867267,57759,898941,45094,123095,0.011064157,4.89913028,0.010321542,4.903907241
1295,377434,299812,909191,61472,891731,38317,128582,0.009500331,4.896136162,0.009075988,4.897776365
1296,374780,300596,903102,60587,895040,41926,125326,0.008849722,4.899588419,0.008409921,4.9039614270000005
1297,382076,299903,912633,62774,895511,34029,133640,0.007612641,4.897283084,0.007152252,4.899116868
1298,374068,299776,898982,60643,898868,40963,126913,0.009542275,4.895431233,0.00881819,4.899489373
1299,374959,299186,896132,60685,892309,38787,128049,0.008782225,4.899709279,0.00833052,4.899717103
1300,370807,300210,897029,59326,897241,45709,123121,0.012229091,4.89895983,0.011734297,4.899648211
1301,385457,301350,920054,64211,896680,32318,135338,0.009243943,4.898954168,0.008830205,4.899615128
1302,371423,298999,891013,60332,895774,42163,126085,0.011515393,4.899050701,0.010758879,4.899048015
1303,368839,299347,885671,58464,897544,43913,124452,0.005678794,4.89149014,0.005249746,4.897297312
1304,369901,300881,889904,58468,900065,44962,123933,0.011881147,4.897257042,0.011346414,4.903849345
1305,375932,300083,897377,61243,896860,37620,130019,0.010775843,4.898781447,0.01012538,4.8987794749999996
1306,371137,300094,892473,59501,898322,43419,125328,0.012288367,4.89992222,0.011530257,4.899926723
1307,375778,301047,907642,61115,897380,40958,126840,0.007759,4.899856452,0.007353123,4.899866176
1308,372429,299926,897572,59607,895537,42863,124926,0.006751781,4.897450114,0.006306644,4.899864028
1309,384785,301761,920798,63274,898208,33603,135200,0.01112299,4.898953094,0.010664002,4.898976401
1310,358518,298627,863607,55672,896463,50479,117691,0.008791156,4.898734293,0.008331273,4.8987319750000005
1311,364506,299265,873553,57265,897206,46721,121127,0.01087759,4.899745557,0.010425289,4.903795572
1312,378461,302693,916587,61842,904624,42493,127012,0.012364985,4.899239165,0.01188601,4.899238029
1313,376622,300082,897167,61602,899393,36572,132024,0.00902417,4.897263306,0.008585995,4.897261608
1314,369008,299351,885881,58360,897611,44067,124633,0.013855431,4.889265131,0.012823223,4.897528536
1315,372863,299475,892567,59809,899283,41917,126930,0.010079012,4.898872084,0.009629261,4.903774136
1316,374968,301044,908303,60672,897203,43465,124829,0.009467458,4.899756236,0.009050087,4.899753715
1317,379446,299803,907074,63071,897769,34985,132673,0.011227384,4.898942743,0.010716915,4.89934727
1318,363041,299779,876363,57050,899068,48307,119939,0.010262947,4.898908971,0.00976224,4.899707653
1319,364291,299343,876624,57010,901157,47296,121686,0.008575242,4.899723391,0.008121555,4.899892673
1320,365883,299175,877617,58320,897815,46647,121299,0.010332352,4.89894388,0.009851965,4.898941745
1321,378957,300510,901615,62354,894869,34989,132674,0.011661978,4.898883048,0.011192255,4.898881828
1322,370677,299595,890491,59563,895969,42210,125367,0.008405477,4.895951354,0.007972373,4.899666581
1323,370363,299484,887854,58610,894757,42690,125300,0.011233736,4.895641381,0.01071933,4.89738404
1324,374168,301443,901506,60601,901342,43953,124680,0.011297453,4.897581577,0.010856458,4.897588643
1325,379566,300357,906740,61743,896121,35974,131738,0.006764704,4.899701567,0.006329309,4.8996998309999995
1326,374493,299934,900117,59981,897624,41553,127297,0.015439476,4.899050312,0.010903901,4.899047993
1327,381402,301176,919548,62812,894457,36048,131390,0.011937826,4.889191542,0.011459027,4.903971384
1328,373684,299732,901707,59840,891468,41611,125052,0.010472625,4.898924719,0.010021394,4.898922701
1329,369339,299450,881917,59824,898368,41928,125909,0.010160344,4.896981786,0.009693029,4.897039751
1330,376657,300119,905222,60940,895587,40061,127791,0.011626188,4.899167014,0.011160588,4.899218483
1331,374383,300529,900657,61020,900337,42124,126503,0.013090744,4.897452513,0.011699556,4.898907884
1332,373573,301412,907762,60029,898675,43821,124237,0.011406459,4.899289143,0.01096841,4.899288265
1333,387278,300565,923020,64373,895768,31860,136236,0.010778242,4.898495964,0.010320904,4.899689396
1334,377493,299701,905438,61253,898128,39278,129054,0.009700039,4.897562702,0.009255461,4.897561433
1335,374083,300282,902715,60690,895917,41984,126152,0.008234317,4.899325383,0.007836345,4.899324554
1336,376729,300425,906817,61233,896181,41954,126458,0.009084975,4.89769324,0.008649752,4.899664804
1337,385148,300644,920542,63846,898195,32991,135315,0.011121898,4.897389114,0.010683582,4.899187521
1338,380056,299528,909690,62829,895516,37100,130461,0.010814018,4.897650932,0.010343673,4.899636541
1339,379073,301238,913685,61991,900961,40363,128151,0.0119596,4.897489645,0.011499761,4.898678069
1340,373267,300399,901057,59979,897966,42881,124913,0.009042179,4.899471111,0.008615086,4.899620936
1341,386742,301444,924284,64217,896079,32184,135696,0.014317442,4.899116745,0.01341514,4.899463824
1342,362004,299655,865950,56772,901548,46726,121874,0.010208862,4.898911986,0.009733436,4.898945796
1343,363600,300617,872405,56819,898021,47894,120045,0.012513427,4.899008816,0.012034395,4.899606737
1344,368760,299061,879654,59258,898000,42798,125282,0.009765734,4.904134234,0.009315621,4.90413121
1345,370307,299494,889214,59244,900019,42889,124974,0.01589539,4.89720442,0.010224268,4.897203105
1346,381762,301508,913145,62763,899617,36127,132832,0.00906142,4.898884329,0.008648223,4.89967373
1347,366300,299073,879232,58298,894995,43951,123588,0.007518348,4.898867544,0.007103078,4.8988666720000005
1348,378556,300218,908148,61739,891595,37535,129742,0.010843364,4.897383766,0.010392402,4.899697604
1349,374799,299412,901403,60324,894954,41526,127039,0.009179911,4.898901753,0.008722615,4.899264503
1350,379776,300847,910225,62270,897542,36623,130943,0.009896336,4.88863773,0.009463069,4.899801102
1351,374979,299641,902664,60858,893801,39751,127299,0.011675055,4.899037695,0.011225616,4.89903487
1352,379014,300427,909775,61227,894065,38166,129855,0.009297051,4.898597105,0.008868536,4.899877833
1353,367723,299729,882965,58356,898275,44949,123390,0.010169448,4.898893999,0.009530743,4.898892097
1354,378044,299549,898644,61505,898570,36247,132158,0.008825333,4.899610426,0.008399268,4.899609552
1355,378144,300875,912663,62480,894410,38518,129179,0.010662338,4.8990332290000005,0.010240345,4.899032195
1356,366977,299110,876508,58626,896684,41649,125631,0.011356673,4.897772859,0.010817187,4.899878599
1357,376233,301135,908806,60879,895649,41374,126262,0.010054251,4.8989048969999995,0.00960032,4.89892373
1358,381315,300731,908156,62349,895736,35305,132557,0.011466536,4.89983189,0.011003656,4.899836062
1359,376880,301190,908042,61544,899020,40994,127652,0.009206233,4.897287958,0.00877508,4.899052734
1360,378387,299640,906768,61856,893534,37256,129943,0.012682169,4.899409214,0.01215208,4.904005883
1361,377025,301294,910620,60437,897519,41314,127200,0.013241664,4.897178235,0.012305311,4.897400321
1362,377580,299895,903179,61845,893289,37119,130236,0.011310636,4.8997420609999995,0.010618885,4.903758905
1363,374366,300874,898260,60114,902261,42167,127312,0.01255808,4.898797373,0.011988681,4.899338856
1364,379817,300920,913091,62672,898440,37799,130115,0.011329075,4.8888075749999995,0.010816316,4.899005889
1365,368751,300058,885496,58497,900342,45025,123465,0.009652779,4.8972533259999995,0.009158221,4.899557542
1366,379352,300190,902689,61993,895091,35403,132226,0.011101007,4.897564841,0.010430289,4.898364106
1367,381122,300461,919152,62948,893006,36651,131040,0.008569714,4.899032909,0.008172675,4.89954382
1368,364566,297799,870291,57674,893234,43279,124178,0.01222058,4.903738883,0.011616492,4.903736802
1369,374624,300711,901822,60700,896358,42199,126092,0.010863472,4.897335586,0.010374019,4.899609549
1370,375393,299113,893900,60751,896799,38500,129975,0.010409165,4.878072725,0.009912301,4.898823158
1371,371204,299865,892473,59477,895766,42333,125030,0.010490687,4.89879263,0.009826804,4.898861108
1372,369159,298333,882894,59008,894534,42209,125874,0.015144734,4.899119344,0.01042266,4.899115796
1373,369100,300576,888242,58615,897801,46218,121950,0.01127508,4.897236801,0.010847165,4.899493983
1374,381873,300613,914107,63258,897549,35599,132725,0.010583626,4.889117158,0.010116636,4.897483401
1375,369364,299591,885815,58750,902180,43885,125607,0.010191432,4.899277751,0.009707743,4.899275441
1376,379931,301316,912993,61922,902258,38910,130148,0.010006482,4.896136607,0.009566577,4.899632667
1377,372223,298929,896134,60135,895222,42264,126251,0.008149436,4.898813093,0.007696282,4.899125404
1378,380576,299704,912765,63610,894225,34897,132615,0.013880012,4.899114739,0.013436458,4.899147124
1379,373836,299502,895352,60839,899115,41428,127230,0.012461041,4.89741656,0.011843208,4.89955124
1380,369820,299886,887609,59946,901260,43907,124614,0.011740961,4.899622051,0.01099908,4.899638498
1381,377519,301275,916015,61433,898506,41149,127131,0.008586208,4.898895911,0.008160014,4.898900961
1382,380279,300573,909947,62402,899416,36491,131861,0.004627988,4.893390013,0.004163835,4.899640314
1383,381298,299593,914062,62564,895013,36087,131747,0.012163916,4.89918332,0.011673305,4.899311203
1384,362514,299167,876164,56779,894595,48764,118418,0.009324274,4.899048534,0.008499975,4.899046538
1385,375699,301068,905627,60692,899879,42544,127042,0.007643075,4.899050284,0.00720614,4.8990584120000005
1386,381633,300717,915781,62588,896233,36086,131790,0.009621422,4.899666528,0.009184716,4.899664521
1387,370330,299280,891973,58559,895041,42468,125273,0.010627925,4.9000043269999995,0.010181469,4.900007355
1388,379681,300415,907634,62510,896932,37184,130784,0.010942111,4.897275814,0.010091124,4.899368246
1389,378958,300661,912690,61526,893025,38700,128328,0.012199954,4.89908063,0.01173832,4.899101166
1390,379201,300033,906083,62542,898649,36701,131715,0.010080151,4.899248533,0.009170601,4.899246312
1391,369903,298960,887413,59801,896364,42347,125673,0.011183112,4.898859747,0.010722267,4.898864364
1392,365067,300246,881495,57916,901829,47783,121420,0.009881054,4.8996414139999995,0.009308316,4.899639575
1393,370653,299384,885397,59143,897442,43338,124366,0.015873835,4.898801385,0.01171776,4.89885016
1394,383329,301303,916970,63743,899646,35901,132977,0.007942,4.899040978,0.007552958,4.899061734
1395,368209,300454,886384,58516,898965,45417,122953,0.009745946,4.899883321,0.009291499,4.899880969
1396,368513,300402,885946,57969,897255,45432,122605,0.011371283,4.899619354,0.010848536,4.899616583
1397,376527,301458,907132,61022,898959,41899,126791,0.00999243,4.897271135,0.009548839,4.89833716
1398,376801,300376,902578,61702,902963,39325,130031,0.00957557,4.903839498,0.009105967,4.903838394
1399,374977,301565,899835,60440,902210,42087,126693,0.0093613,4.898982501,0.008928552,4.899417409
1400,367709,299858,881280,58729,900486,44528,124031,0.0112908,4.898879166,0.010763727,4.899584172
1401,357547,299773,863845,55328,901913,53210,115575,0.012761805,4.897395267,0.011928711,4.899307465
1402,376214,299490,896646,61117,894938,37352,130443,0.010383084,4.893467096,0.009679852,4.898891585
1403,378296,300411,906822,61828,892729,37782,129269,0.013155144,4.897370157,0.012659346,4.899814661
1404,377974,301089,907429,62328,901502,39907,128422,0.008165092,4.899880498,0.007749572,4.89988824
1405,377643,301665,906231,60838,900336,40714,128556,0.010739471,4.897376009,0.010287523,4.897646249
1406,382336,300894,913736,62371,899455,34905,133474,0.007826876,4.899108224,0.007421366,4.899105318
1407,378129,301212,907628,61974,897940,38648,129405,0.009445455,4.899158294,0.009020834,4.904010172
1408,379270,300753,914426,61836,895395,38159,129474,0.010109745,4.899159538,0.009661023,4.899166014
1409,375673,299152,904273,61777,891283,38984,127825,0.010711234,4.899476508,0.010219153,4.899481733
1410,381113,301364,912705,62491,898433,37343,131333,0.010548271,4.898868914,0.010095478,4.8988670469999995
1411,372841,300416,895823,60234,900907,42233,126543,0.012481473,4.899045526,0.01179423,4.899043931
1412,379356,300554,912980,62447,895601,37502,130448,0.011389635,4.899878433,0.01090394,4.899877116
1413,379186,301144,914941,61761,898755,40015,128809,0.008146874,4.89911247,0.007744013,4.903737217
1414,379347,299953,904705,62366,890762,35778,131299,0.007024926,4.88892665,0.006629641,4.89446563
1415,368413,301128,889352,58981,904042,46211,122727,0.012259997,4.888701491,0.01170178,4.899047405
1416,379842,301247,918522,61883,900707,40051,129138,0.012180903,4.896194356,0.011646626,4.897783244
1417,371904,299832,898555,59816,897751,42956,124920,0.00968036,4.89890917,0.009208347,4.898907243
1418,379844,299830,909193,62781,894955,36887,131196,0.010029269,4.898980154,0.009594397,4.899034879
1419,374070,300374,897116,59817,898014,41624,127085,0.009083893,4.897681692,0.008630962,4.897680762
1420,379063,300771,910320,61986,901791,39389,130163,0.00928519,4.898900181,0.00886612,4.899384285
1421,372923,301291,898826,59557,901715,44238,125008,0.008575958,4.897287676,0.00813102,4.897284931
1422,381879,301094,911415,62675,898031,35183,133072,0.012134391,4.897660513,0.011595531,4.899100451
1423,371889,300664,892059,59767,899543,43263,125412,0.013512752,4.899744963,0.011439569,4.899743935
1424,374599,300907,899060,60735,899929,41189,127295,0.00885133,4.899479934,0.008401392,4.899486091
1425,376948,301186,909217,61295,898204,41095,127984,0.008447873,4.898837129,0.008035657,4.898834747
1426,378418,300059,902582,61695,896021,36450,131581,0.010825697,4.899741318,0.010316171,4.904026428
1427,365335,300060,883058,57949,900386,47310,121720,0.009558038,4.898939297,0.009099619,4.898947928
1428,380337,300803,911418,62603,897867,36792,131512,0.01078757,4.898973599,0.010356448,4.899408205
1429,378761,301670,912929,61679,898918,39953,127904,0.008598881,4.898917842,0.008186306,4.898928237
1430,376968,300208,902043,60925,896522,38085,129672,0.012503434,4.897521177,0.011752566,4.897520051
1431,367215,299631,880181,58858,896163,42914,124793,0.006761678,4.888761295,0.006344723,4.89599649
1432,371043,298843,886944,59395,893799,40044,127596,0.007589748,4.897435702,0.007162418,4.897533292
1433,359191,299492,867328,55560,899664,51227,117458,0.011518636,4.898833859,0.010779291,4.898831589
1434,381993,299873,911786,62932,895707,34465,133056,0.010044435,4.898949511,0.009612231,4.8989605560000005
1435,368594,298838,884388,58834,899309,44005,124672,0.014464517,4.898995454,0.011820164,4.899008189
1436,368982,299384,884224,58526,898946,44793,124141,0.011097863,4.899148718,0.010551361,4.899157488
1437,378198,300202,913699,62080,892327,39676,127434,0.009812311,4.899594046,0.009373947,4.899592231
1438,373131,299776,892584,60687,899882,39862,128364,0.011829855,4.899723157,0.011288631,4.899722057
1439,377692,300823,905412,61163,896110,39839,128514,0.006589335,4.899606094,0.006201721,4.899603936
1440,368193,299088,879724,57980,900209,44958,124095,0.010281909,4.897519885,0.00906419,4.899985689
1441,365134,299579,878136,57207,895393,46960,120763,0.01076397,4.898939229,0.010185283,4.8989846230000005
1442,370714,298564,885809,59434,891392,41204,125824,0.010587447,4.89935094,0.01012749,4.899348642
1443,368246,299378,884269,58255,900896,45567,123261,0.00869076,4.899021313,0.008251682,4.899247193
1444,356125,299117,858307,55442,901921,53298,115593,0.010822686,4.898849722,0.010222104,4.899244953
1445,363331,298933,875442,57476,895906,47066,120435,0.014620467,4.898992722,0.011408617,4.899528975
1446,372109,299295,891776,59543,896673,41950,126041,0.011676364,4.8992266,0.011202612,4.89923638
1447,372278,300448,897264,60393,897500,43460,124454,0.010719117,4.89938535,0.010280176,4.899720475
1448,368182,300442,893059,58718,896348,45525,122009,0.008710495,4.89724117,0.008289753,4.8990156339999995
1449,365814,299700,882580,57735,900089,47956,120813,0.008813993,4.897250042,0.008367965,4.899295025
1450,378799,300563,905642,62384,898744,38152,129926,0.012173988,4.899132251,0.011675824,4.899426868
1451,367916,299576,890481,59050,897566,46165,121859,0.013165586,4.897433173,0.011603991,4.897907182
1452,376120,301415,905503,60699,899012,41106,127719,0.009828598,4.8997477830000005,0.009407361,4.899756068
1453,362926,299258,871772,56654,897213,48589,119372,0.013089435,4.899009297,0.012523487,4.899015647
1454,376181,300670,905631,61467,896291,39434,128158,0.010619953,4.899666714,0.010190878,4.899678851
1455,370936,300438,898097,59688,896840,45429,122387,0.010952499,4.9038759039999995,0.010501848,4.903873923
1456,375237,300545,903826,60379,892355,40231,126694,0.011992076,4.897346812,0.011079653,4.897370986
1457,364156,300168,877866,57745,903249,48930,120775,0.007552644,4.897263998,0.007115092,4.897412765
1458,375076,300364,901491,60773,898653,40858,127032,0.012126172,4.9040875790000005,0.011632189,4.904100507
1459,371646,300716,897824,59807,899777,45153,123300,0.011694438,4.897573038,0.011217017,4.899177561
1460,370157,300819,892643,59356,900989,46022,123174,0.017460281,4.897503742,0.016987778,4.899969638
1461,369308,299914,890253,58400,896706,45302,122566,0.009268526,4.898886666,0.008832809,4.898923799
1462,377098,300110,908353,61239,894602,39260,129143,0.010926696,4.904143513,0.010494065,4.9041647390000005
1463,366160,299068,882460,58377,897384,46078,121804,0.01166242,4.8887322730000005,0.011155983,4.897226484
1464,373842,300051,900589,60072,892672,41317,126150,0.010283973,4.899268671,0.009828296,4.8992727590000005
1465,366867,299131,887504,58176,896057,46933,121081,0.01248909,4.899589457,0.011958121,4.899586016
1466,370327,300581,888552,59479,900043,42575,125530,0.010284184,4.899272464,0.009370524,4.899733752
1467,369109,301010,895908,59287,898715,46335,121821,0.006868366,4.897819468,0.006474027,4.898589212
1468,360080,299464,870982,55848,895180,48976,118441,0.007020692,4.899135918,0.006589118,4.899423523
1469,358267,298789,864194,55360,893661,50194,117571,0.008986748,4.899055841,0.008273636,4.899307783
1470,371617,299459,884752,59315,897897,40925,127206,0.011005962,4.897319657,0.010511644,4.903677212
1471,364011,298612,876461,56892,898701,48398,120762,0.007960284,4.898966647,0.0075228,4.898965656
1472,370720,300243,894823,60026,897182,42636,124591,0.009966713,4.899288679,0.009541008,4.903950669
1473,368644,300623,893432,58577,896118,45691,121908,0.009655626,4.898816298,0.009234029,4.8988136
1474,374178,300472,900656,61271,898016,41332,126957,0.011582563,4.889002811,0.011130324,4.897365756
1475,366068,299850,879746,57580,898761,47741,121336,0.005986231,4.898901747,0.005549715,4.899371019
1476,367699,298894,881389,58023,891013,43127,123455,0.012970471,4.897435947,0.012504486,4.898519223
1477,361372,298746,870044,56105,896763,49430,118972,0.008997753,4.903843511,0.008542554,4.903840188
1478,370232,299820,889036,58484,895280,42843,124323,0.012612767,4.8992089199999995,0.010987951,4.8992298
1479,373766,300282,902033,60513,897290,42800,126206,0.009268006,4.86202517,0.008844679,4.899917846
1480,373017,300672,897661,59908,899836,42886,125841,0.011590345,4.899142982,0.011083845,4.90385572
1481,365067,299094,882214,57717,896070,47221,121024,0.011636348,4.899773244,0.011168572,4.899772203
1482,374534,300192,892426,60183,899997,40384,128359,0.011261299,4.895829925,0.010776213,4.8994508230000005
1483,368112,299689,889308,58631,898567,46394,121565,0.009691354,4.897340221,0.009237696,4.899648739
1484,375741,300274,912524,61163,896695,40578,126892,0.008882272,4.8998875349999995,0.008461619,4.8999180970000005
1485,361635,299321,877635,56572,896697,50242,118051,0.010214273,4.899448551,0.009772763,4.899446507
1486,371172,300825,893268,59507,899365,44151,124212,0.013421973,4.899039118,0.012839341,4.899103656
1487,367326,300578,887611,57537,901204,46732,122987,0.012177005,4.899737067,0.011596451,4.899735248
1488,375812,300903,905374,61681,899436,40546,127545,0.009384589,4.899141196,0.00894429,4.899154189
1489,364600,299340,880298,57299,896870,48166,120410,0.008541269,4.888693015,0.00808921,4.897279866
1490,375172,301429,905271,61189,897679,41467,126630,0.009853305,4.899074135,0.00943311,4.900016618
1491,364342,299318,877716,57480,896520,47054,120694,0.00716481,4.899288771,0.006729591,4.899284468
1492,361839,298239,871122,57084,895795,46619,121071,0.006878019,4.897264027,0.006432479,4.899594772
1493,368363,300353,891786,58952,897617,46771,121150,0.007660705,4.899041514,0.007251212,4.899394943
1494,377035,301463,904613,61421,902155,40919,128713,0.014687848,4.899154888,0.012293651,4.8991744839999996
1495,371161,300551,894485,59969,897623,44739,123395,0.010181091,4.899389376,0.00930968,4.899627507
1496,376459,300177,905819,61465,892237,39014,128096,0.007920343,4.899519849,0.007489848,4.899515895
1497,366311,300003,887365,57640,895980,48488,119939,0.014196091,4.898941607,0.013702261,4.898983862
1498,362340,298559,869630,57883,899200,45470,123608,0.010898437,4.898986593,0.010437833,4.898984337
1499,363309,300159,876528,57028,896830,48174,119921,0.005653031,4.897261529,0.005213408,4.899036777
1500,376952,300875,909184,61447,901547,40657,128445,0.010043183,4.899153078,0.009612538,4.899161133
1501,370298,301105,893237,58961,901950,46702,121920,0.012888393,4.899204962,0.011889768,4.899199884
1502,376632,299924,901976,60532,896416,39012,129137,0.014465251,4.898909551,0.013082081,4.898914593
1503,373512,301472,900907,59694,895917,43990,124096,0.009454584,4.899061945,0.00902911,4.899061113
1504,369812,300295,886356,59322,898637,43123,125537,0.008914542,4.89910844,0.008464635,4.899432349
1505,369969,300334,897360,59196,897453,46039,121961,0.011493525,4.89758539,0.0110443,4.897939368
1506,371690,299886,889560,59701,900335,42852,126135,0.010126216,4.899096522,0.009644472,4.899248883
1507,372333,300912,898941,60372,899064,44127,124636,0.011565807,4.897599812,0.0110946,4.898679641
1508,376834,300511,906387,60716,896554,40778,127317,0.008951215,4.899915802,0.008531712,4.904104509
1509,366283,299517,886333,58171,895928,46621,121143,0.010644291,4.8990905510000005,0.010227046,4.899099116
1510,376250,301622,904058,61141,901651,41574,127596,0.008864743,4.899137451,0.008460973,4.8991363549999996
1511,362435,300380,878407,56965,898279,50901,116617,0.010209882,4.899934842,0.009756794,4.899933133
1512,368860,299546,884176,58501,896662,42822,125157,0.013636893,4.897167572,0.013027762,4.899351718
1513,354639,298367,857551,54511,894430,52734,115247,0.01248482,4.898929025,0.011652377,4.899607446
1514,365880,299134,875496,57576,895977,44396,123153,0.014351814,4.897504503,0.012040186,4.8991349159999995
1515,365678,300182,882066,57602,897058,47409,120818,0.011699624,4.897514906,0.011179586,4.899845213
1516,369530,300176,892048,58809,895432,44697,122929,0.008158553,4.897406954,0.007754236,4.898233467
1517,366439,299422,882611,58170,894809,46876,120882,0.013544491,4.89901976,0.013008312,4.899413966
1518,368252,299344,882015,59033,897979,41998,126438,0.011627105,4.899046121,0.010901323,4.89906867
1519,368470,301458,887580,58672,902439,46675,122378,0.010935417,4.899099021,0.010462935,4.899097341
1520,374118,299878,904865,60759,895296,41133,126710,0.013603055,4.89914843,0.013141452,4.899146244
1521,362118,299534,872944,57303,901756,49011,119112,0.008782287,4.898850252,0.008080192,4.898847944
1522,373519,300357,896283,59851,899580,42807,126239,0.006892496,4.899181158,0.006443257,4.899192845
1523,355470,298939,859087,55265,897398,51851,115929,0.004643942,4.899657182,0.004179436,4.89967105
1524,368722,300997,888285,58724,900090,45455,122889,0.00780493,4.899151493,0.007332833,4.899148112
1525,365753,299808,884043,57730,898080,46858,121660,0.01442333,4.899001804,0.010403597,4.8992413280000005
1526,362700,300269,879112,57648,900725,48214,119920,0.01048705,4.89994175,0.010030336,4.899939218
1527,372718,301530,902520,59440,901569,45071,123742,0.010928278,4.8998063389999995,0.010495785,4.899812969
1528,374830,300670,902738,61544,896712,41079,126782,0.010404599,4.89901136,0.009940785,4.899062068
1529,367740,299814,890019,58515,896967,46070,121994,0.013856515,4.88870378,0.013288947,4.903961531
1530,366905,299016,881071,58019,898841,43696,124276,0.009131882,4.8989186799999995,0.00866534,4.899498854
1531,363392,299554,881981,56639,897301,47944,120686,0.008653971,4.897352073,0.008203718,4.898771758
1532,377004,300984,905444,60969,900969,40546,128246,0.011540995,4.897547415,0.011081543,4.897546574
1533,369273,301124,895697,59148,899172,46027,122546,0.015846501,4.903958373,0.010970785,4.903994942
1534,374573,299199,901234,60194,893446,39454,128062,0.006821209,4.898955578,0.006386558,4.898953606
1535,367849,300616,887634,59070,901379,46072,122365,0.011612695,4.8991322,0.011078903,4.899135691
