depth,f_value,expanded
0,239,1
1,240,1
1,244,1
1,245,1
1,247,1
1,249,1
1,252,2
1,253,2
1,254,1
1,257,1
1,260,1
1,261,2
1,262,1
1,263,2
2,241,1
2,243,1
2,244,2
2,245,1
2,247,1
2,248,4
2,249,5
2,250,7
2,251,5
2,252,6
2,253,8
2,254,8
2,255,6
2,256,5
2,257,6
2,258,7
2,259,9
2,260,9
2,261,16
2,262,16
2,263,21
2,264,17
2,265,10
2,266,8
2,267,8
2,268,16
2,269,5
2,270,6
2,271,3
2,272,3
2,273,2
2,274,3
2,275,3
2,276,5
2,277,3
2,278,2
2,279,11
2,280,4
2,282,5
2,283,3
2,285,3
2,287,2
3,243,1
3,244,1
3,245,2
3,246,2
3,247,4
3,248,9
3,249,15
3,250,10
3,251,20
3,252,17
3,253,20
3,254,26
3,255,32
3,256,32
3,257,29
3,258,50
3,259,57
3,260,69
3,261,75
3,262,88
3,263,102
3,264,113
3,265,120
3,266,92
3,267,82
3,268,86
3,269,71
3,270,71
3,271,53
3,272,60
3,273,57
3,274,48
3,275,48
3,276,52
3,277,52
3,278,60
3,279,73
3,280,72
3,281,42
3,282,61
3,283,28
3,284,35
3,285,24
3,286,22
3,287,28
3,288,16
3,289,17
3,290,8
3,291,6
3,292,5
3,293,2
3,294,1
3,295,1
3,296,2
3,297,2
3,298,2
3,300,2
3,301,1
3,302,2
4,245,3
4,246,5
4,247,5
4,248,16
4,249,17
4,250,16
4,251,31
4,252,28
4,253,43
4,254,51
4,255,76
4,256,88
4,257,97
4,258,137
4,259,183
4,260,208
4,261,285
4,262,310
4,263,344
4,264,383
4,265,426
4,266,384
4,267,362
4,268,330
4,269,352
4,270,331
4,271,275
4,272,285
4,273,273
4,274,333
4,275,312
4,276,325
4,277,328
4,278,312
4,279,355
4,280,304
4,281,258
4,282,269
4,283,210
4,284,210
4,285,187
4,286,191
4,287,167
4,288,110
4,289,128
4,290,83
4,291,69
4,292,44
4,293,33
4,294,32
4,295,28
4,296,20
4,297,28
4,298,21
4,299,17
4,300,15
4,301,14
4,302,14
4,303,10
4,304,3
4,305,2
4,306,5
4,307,3
4,309,3
4,310,1
4,311,1
4,312,1
4,313,1
5,245,1
5,246,4
5,247,8
5,248,14
5,249,16
5,250,23
5,251,38
5,252,40
5,253,54
5,254,72
5,255,105
5,256,163
5,257,188
5,258,275
5,259,368
5,260,445
5,261,595
5,262,651
5,263,759
5,264,873
5,265,837
5,266,985
5,267,929
5,268,865
5,269,899
5,270,914
5,271,947
5,272,965
5,273,957
5,274,1017
5,275,1054
5,276,1092
5,277,1091
5,278,946
5,279,957
5,280,944
5,281,920
5,282,921
5,283,901
5,284,880
5,285,800
5,286,832
5,287,706
5,288,626
5,289,563
5,290,443
5,291,377
5,292,317
5,293,287
5,294,270
5,295,236
5,296,219
5,297,191
5,298,193
5,299,172
5,300,158
5,301,99
5,302,78
5,303,48
5,304,40
5,305,29
5,306,10
5,307,8
5,308,3
5,309,3
5,311,4
5,313,1
6,246,2
6,247,5
6,248,13
6,249,10
6,250,15
6,251,28
6,252,43
6,253,66
6,254,99
6,255,121
6,256,224
6,257,276
6,258,412
6,259,539
6,260,669
6,261,953
6,262,1036
6,263,1275
6,264,1456
6,265,1458
6,266,1693
6,267,1844
6,268,1848
6,269,2004
6,270,2098
6,271,2214
6,272,2355
6,273,2368
6,274,2497
6,275,2425
6,276,2388
6,277,2492
6,278,2422
6,279,2459
6,280,2593
6,281,2727
6,282,2792
6,283,2962
6,284,2854
6,285,2832
6,286,2720
6,287,2598
6,288,2372
6,289,2228
6,290,1921
6,291,1841
6,292,1710
6,293,1585
6,294,1372
6,295,1352
6,296,1212
6,297,1132
6,298,1003
6,299,819
6,300,666
6,301,481
6,302,389
6,303,206
6,304,121
6,305,86
6,306,50
6,307,14
6,308,4
6,309,3
6,311,1
7,247,1
7,248,5
7,249,4
7,250,10
7,251,18
7,252,31
7,253,72
7,254,97
7,255,155
7,256,260
7,257,326
7,258,531
7,259,730
7,260,959
7,261,1327
7,262,1507
7,263,1818
7,264,2292
7,265,2408
7,266,2880
7,267,3193
7,268,3329
7,269,3823
7,270,3933
7,271,4109
7,272,4410
7,273,4604
7,274,4762
7,275,4764
7,276,4815
7,277,5089
7,278,5570
7,279,5901
7,280,6531
7,281,6736
7,282,7376
7,283,7516
7,284,7837
7,285,7788
7,286,7827
7,287,7386
7,288,7311
7,289,6988
7,290,6855
7,291,6333
7,292,6056
7,293,5642
7,294,5094
7,295,4925
7,296,4390
7,297,3886
7,298,3347
7,299,2686
7,300,2101
7,301,1272
7,302,927
7,303,578
7,304,298
7,305,192
7,306,100
7,307,22
7,308,20
7,309,9
7,310,9
7,311,5
7,312,3
7,313,5
7,314,2
7,315,1
7,316,1
8,248,1
8,250,5
8,251,13
8,252,25
8,253,66
8,254,95
8,255,139
8,256,277
8,257,379
8,258,638
8,259,947
8,260,1238
8,261,1817
8,262,2157
8,263,2666
8,264,3314
8,265,3573
8,266,4475
8,267,4867
8,268,5150
8,269,6126
8,270,6275
8,271,7007
8,272,7187
8,273,7612
8,274,7871
8,275,8560
8,276,9082
8,277,10018
8,278,10822
8,279,12297
8,280,13562
8,281,14613
8,282,15780
8,283,16680
8,284,17159
8,285,17780
8,286,18196
8,287,18170
8,288,18161
8,289,17736
8,290,17534
8,291,16281
8,292,15567
8,293,14704
8,294,13607
8,295,12935
8,296,11301
8,297,10097
8,298,7746
8,299,5782
8,300,4201
8,301,2702
8,302,1737
8,303,1115
8,304,609
8,305,372
8,306,268
8,307,168
8,308,161
8,309,117
8,310,105
8,311,93
8,312,50
8,313,46
8,314,25
8,315,16
8,316,21
8,317,6
8,318,12
8,319,11
8,320,1
8,321,3
8,323,2
9,250,1
9,251,10
9,252,10
9,253,49
9,254,54
9,255,123
9,256,272
9,257,352
9,258,754
9,259,1155
9,260,1506
9,261,2247
9,262,2630
9,263,3477
9,264,4191
9,265,4661
9,266,6079
9,267,6355
9,268,7551
9,269,8365
9,270,9032
9,271,9732
9,272,10329
9,273,11024
9,274,12072
9,275,13222
9,276,15068
9,277,17461
9,278,19353
9,279,21854
9,280,24230
9,281,26625
9,282,28982
9,283,31311
9,284,32754
9,285,34643
9,286,35367
9,287,36482
9,288,36387
9,289,35478
9,290,34800
9,291,33535
9,292,33008
9,293,31331
9,294,29916
9,295,27178
9,296,23053
9,297,18973
9,298,14536
9,299,10609
9,300,7750
9,301,5463
9,302,3861
9,303,2873
9,304,2250
9,305,1890
9,306,1565
9,307,1477
9,308,1294
9,309,1035
9,310,929
9,311,691
9,312,546
9,313,431
9,314,324
9,315,282
9,316,243
9,317,172
9,318,145
9,319,89
9,320,60
9,321,40
9,322,19
9,323,7
9,324,10
9,325,4
9,326,4
10,251,4
10,252,3
10,253,23
10,254,17
10,255,99
10,256,220
10,257,325
10,258,749
10,259,1066
10,260,1504
10,261,2191
10,262,2720
10,263,3813
10,264,4635
10,265,5739
10,266,7160
10,267,7856
10,268,9120
10,269,9952
10,270,10687
10,271,11619
10,272,12671
10,273,14129
10,274,16854
10,275,19235
10,276,22661
10,277,26438
10,278,30224
10,279,34570
10,280,38615
10,281,42754
10,282,47716
10,283,51786
10,284,55089
10,285,58370
10,286,59834
10,287,61534
10,288,62560
10,289,63285
10,290,63707
10,291,63586
10,292,63325
10,293,60605
10,294,56556
10,295,50479
10,296,43032
10,297,35590
10,298,29164
10,299,23614
10,300,19644
10,301,16167
10,302,13924
10,303,12500
10,304,11017
10,305,10315
10,306,9108
10,307,8390
10,308,7242
10,309,6184
10,310,5164
10,311,4148
10,312,3574
10,313,2869
10,314,2520
10,315,2047
10,316,1742
10,317,1338
10,318,1002
10,319,748
10,320,477
10,321,366
10,322,233
10,323,161
10,324,124
10,325,58
10,326,35
10,327,18
10,328,4
10,332,1
10,336,1
10,338,1
11,251,1
11,253,7
11,254,3
11,255,66
11,256,149
11,257,240
11,258,531
11,259,704
11,260,1137
11,261,1686
11,262,2291
11,263,3686
11,264,4796
11,265,6010
11,266,7390
11,267,8192
11,268,8985
11,269,10083
11,270,10760
11,271,12386
11,272,14344
11,273,17211
11,274,21352
11,275,25774
11,276,31059
11,277,36449
11,278,42164
11,279,49888
11,280,57426
11,281,64806
11,282,72572
11,283,79394
11,284,85404
11,285,91771
11,286,96980
11,287,102359
11,288,106397
11,289,111688
11,290,115841
11,291,118478
11,292,118205
11,293,115268
11,294,108798
11,295,101093
11,296,92025
11,297,83883
11,298,75745
11,299,68437
11,300,62565
11,301,57279
11,302,53458
11,303,49954
11,304,46500
11,305,43103
11,306,39069
11,307,35207
11,308,30149
11,309,26316
11,310,22012
11,311,18756
11,312,16177
11,313,13932
11,314,11969
11,315,10076
11,316,8004
11,317,6574
11,318,5053
11,319,3752
11,320,2846
11,321,2049
11,322,1436
11,323,1000
11,324,605
11,325,374
11,326,194
11,327,87
11,328,32
11,329,8
11,330,1
11,331,3
11,332,1
11,334,1
11,335,1
11,340,1
12,253,1
12,255,38
12,256,72
12,257,126
12,258,244
12,259,310
12,260,654
12,261,1105
12,262,1679
12,263,3004
12,264,4159
12,265,5168
12,266,6496
12,267,6950
12,268,7714
12,269,8799
12,270,9963
12,271,12600
12,272,15268
12,273,19631
12,274,25137
12,275,30858
12,276,38335
12,277,46946
12,278,56471
12,279,68905
12,280,81767
12,281,94230
12,282,107025
12,283,119660
12,284,132262
12,285,145915
12,286,158989
12,287,172490
12,288,186516
12,289,201056
12,290,213845
12,291,224427
12,292,232009
12,293,234338
12,294,233885
12,295,230740
12,296,224617
12,297,216273
12,298,207420
12,299,198132
12,300,189532
12,301,180709
12,302,172917
12,303,163455
12,304,153646
12,305,140863
12,306,127368
12,307,113261
12,308,98825
12,309,85389
12,310,74192
12,311,64311
12,312,56555
12,313,49038
12,314,42063
12,315,35779
12,316,29228
12,317,23704
12,318,19116
12,319,14391
12,320,11005
12,321,7946
12,322,5399
12,323,3574
12,324,2096
12,325,1180
12,326,517
12,327,231
12,328,66
12,329,20
12,330,12
12,331,1
12,332,8
12,333,2
12,334,2
12,335,5
12,336,2
12,338,4
12,339,1
12,343,1
12,346,1
13,255,16
13,256,19
13,257,35
13,258,73
13,259,95
13,260,304
13,261,640
13,262,1029
13,263,1992
13,264,2687
13,265,3499
13,266,4437
13,267,4870
13,268,5903
13,269,6901
13,270,8581
13,271,11540
13,272,15008
13,273,20362
13,274,26618
13,275,34181
13,276,44566
13,277,57407
13,278,72935
13,279,90929
13,280,111479
13,281,131130
13,282,153020
13,283,176755
13,284,201658
13,285,228806
13,286,258075
13,287,290891
13,288,325558
13,289,364175
13,290,401591
13,291,436337
13,292,466057
13,293,491141
13,294,509777
13,295,519975
13,296,523767
13,297,521309
13,298,514075
13,299,504997
13,300,493944
13,301,478006
13,302,459302
13,303,434156
13,304,403089
13,305,369587
13,306,330464
13,307,294595
13,308,258615
13,309,226195
13,310,199316
13,311,175621
13,312,156202
13,313,137246
13,314,118464
13,315,101416
13,316,84023
13,317,68642
13,318,54870
13,319,41460
13,320,30633
13,321,21372
13,322,14090
13,323,8587
13,324,4696
13,325,2349
13,326,1056
13,327,438
13,328,219
13,329,125
13,330,61
13,331,47
13,332,36
13,333,31
13,334,27
13,335,18
13,336,22
13,337,12
13,338,11
13,341,1
13,342,1
13,343,1
13,344,1
14,255,3
14,256,2
14,257,5
14,258,14
14,259,22
14,260,148
14,261,295
14,262,527
14,263,995
14,264,1187
14,265,1756
14,266,2152
14,267,2640
14,268,3540
14,269,4584
14,270,6413
14,271,9196
14,272,13126
14,273,18660
14,274,25761
14,275,35549
14,276,49142
14,277,66232
14,278,87329
14,279,112385
14,280,141024
14,281,170819
14,282,205919
14,283,245892
14,284,291818
14,285,344317
14,286,404778
14,287,476612
14,288,555487
14,289,641049
14,290,728632
14,291,813908
14,292,893687
14,293,963147
14,294,1021075
14,295,1065664
14,296,1092019
14,297,1109956
14,298,1112744
14,299,1107070
14,300,1089044
14,301,1056269
14,302,1011085
14,303,949163
14,304,876294
14,305,797308
14,306,714315
14,307,635004
14,308,560934
14,309,497086
14,310,445565
14,311,400084
14,312,358547
14,313,317733
14,314,276339
14,315,237400
14,316,196519
14,317,158708
14,318,123237
14,319,91213
14,320,65197
14,321,43557
14,322,27511
14,323,16097
14,324,8861
14,325,4686
14,326,2631
14,327,1485
14,328,859
14,329,548
14,330,388
14,331,294
14,332,234
14,333,181
14,334,136
14,335,98
14,336,46
14,337,18
14,338,4
14,343,1
15,258,1
15,259,3
15,260,70
15,261,92
15,262,192
15,263,338
15,264,363
15,265,591
15,266,694
15,267,1038
15,268,1507
15,269,2374
15,270,3765
15,271,6188
15,272,9787
15,273,15220
15,274,22856
15,275,34054
15,276,49608
15,277,70106
15,278,96137
15,279,127615
15,280,163783
15,281,206071
15,282,257202
15,283,319804
15,284,397350
15,285,492229
15,286,605204
15,287,739843
15,288,890275
15,289,1052080
15,290,1224367
15,291,1394561
15,292,1560476
15,293,1708055
15,294,1837191
15,295,1938824
15,296,2015513
15,297,2068978
15,298,2088733
15,299,2088195
15,300,2052874
15,301,1984273
15,302,1888071
15,303,1762635
15,304,1619880
15,305,1463651
15,306,1309244
15,307,1165564
15,308,1040200
15,309,939425
15,310,856739
15,311,779588
15,312,704995
15,313,627021
15,314,545998
15,315,463808
15,316,379556
15,317,300133
15,318,227370
15,319,165094
15,320,115710
15,321,77450
15,322,49153
15,323,30826
15,324,18826
15,325,11639
15,326,7303
15,327,4479
15,328,3008
15,329,2051
15,330,1499
15,331,1117
15,332,820
15,333,585
15,334,336
15,335,175
15,336,52
15,337,12
15,338,1
15,339,1
16,260,22
16,261,15
16,262,47
16,263,62
16,264,79
16,265,124
16,266,155
16,267,288
16,268,504
16,269,976
16,270,1763
16,271,3407
16,272,6161
16,273,10759
16,274,18278
16,275,29559
16,276,45831
16,277,68221
16,278,97253
16,279,132788
16,280,175929
16,281,230451
16,282,300557
16,283,390644
16,284,510433
16,285,660403
16,286,844472
16,287,1064310
16,288,1312853
16,289,1585332
16,290,1876740
16,291,2169254
16,292,2456738
16,293,2718456
16,294,2951553
16,295,3139157
16,296,3289793
16,297,3390856
16,298,3441327
16,299,3438124
16,300,3367741
16,301,3241171
16,302,3060445
16,303,2836539
16,304,2588308
16,305,2327880
16,306,2081538
16,307,1871382
16,308,1698305
16,309,1561707
16,310,1445590
16,311,1328924
16,312,1204641
16,313,1068825
16,314,926134
16,315,776896
16,316,629127
16,317,491218
16,318,371360
16,319,271964
16,320,193929
16,321,134381
16,322,91392
16,323,61266
16,324,40597
16,325,26368
16,326,17395
16,327,11577
16,328,7975
16,329,5483
16,330,3912
16,331,2720
16,332,1816
16,333,999
16,334,494
16,335,180
16,336,45
16,337,10
16,338,4
17,260,3
17,261,1
17,262,6
17,263,4
17,264,12
17,265,11
17,266,30
17,267,49
17,268,128
17,269,290
17,270,705
17,271,1574
17,272,3323
17,273,6817
17,274,13127
17,275,23673
17,276,39792
17,277,61552
17,278,90794
17,279,127619
17,280,175077
17,281,239644
17,282,328403
17,283,448531
17,284,612068
17,285,823053
17,286,1087975
17,287,1405855
17,288,1772488
17,289,2176704
17,290,2606562
17,291,3052129
17,292,3481549
17,293,3891497
17,294,4250605
17,295,4550546
17,296,4791704
17,297,4952210
17,298,5027206
17,299,5003935
17,300,4869944
17,301,4647661
17,302,4351782
17,303,3998268
17,304,3622936
17,305,3258224
17,306,2934874
17,307,2674236
17,308,2473069
17,309,2313310
17,310,2160608
17,311,1993704
17,312,1808520
17,313,1602007
17,314,1383064
17,315,1156801
17,316,936191
17,317,737045
17,318,565661
17,319,424574
17,320,312392
17,321,225307
17,322,159650
17,323,110047
17,324,74783
17,325,50777
17,326,34282
17,327,23131
17,328,15484
17,329,10684
17,330,7056
17,331,4424
17,332,2464
17,333,1219
17,334,516
17,335,163
17,336,85
17,337,26
17,338,13
17,339,1
17,340,1
17,341,1
18,265,1
18,266,4
18,267,6
18,268,23
18,269,65
18,270,226
18,271,642
18,272,1626
18,273,3949
18,274,8759
18,275,17922
18,276,32145
18,277,51694
18,278,78126
18,279,113454
18,280,161540
18,281,231556
18,282,332295
18,283,478616
18,284,678635
18,285,944225
18,286,1283760
18,287,1694980
18,288,2175331
18,289,2710957
18,290,3283469
18,291,3884558
18,292,4470303
18,293,5030544
18,294,5521336
18,295,5936319
18,296,6259341
18,297,6458573
18,298,6527720
18,299,6444131
18,300,6218486
18,301,5875170
18,302,5445573
18,303,4968244
18,304,4487070
18,305,4051736
18,306,3692338
18,307,3424381
18,308,3220432
18,309,3048588
18,310,2868565
18,311,2656025
18,312,2416327
18,313,2148523
18,314,1857255
18,315,1560324
18,316,1275077
18,317,1016900
18,318,794825
18,319,609541
18,320,458967
18,321,335476
18,322,239328
18,323,168466
18,324,116243
18,325,79280
18,326,53103
18,327,35187
18,328,23191
18,329,14818
18,330,9049
18,331,5144
18,332,2714
18,333,1413
18,334,706
18,335,393
18,336,197
18,337,91
18,338,25
18,339,12
18,340,5
18,341,2
18,342,1
18,348,1
18,353,1
18,356,1
19,267,1
19,268,3
19,269,6
19,270,63
19,271,223
19,272,709
19,273,2179
19,274,5613
19,275,12726
19,276,23966
19,277,40007
19,278,61903
19,279,92403
19,280,137412
19,281,205927
19,282,310612
19,283,465934
19,284,687072
19,285,987952
19,286,1379930
19,287,1861544
19,288,2431179
19,289,3068181
19,290,3766044
19,291,4490017
19,292,5203419
19,293,5870536
19,294,6457514
19,295,6939463
19,296,7288980
19,297,7485984
19,298,7498033
19,299,7324573
19,300,6990025
19,301,6532163
19,302,5996354
19,303,5437960
19,304,4917479
19,305,4474971
19,306,4144960
19,307,3913209
19,308,3744657
19,309,3581297
19,310,3392431
19,311,3164645
19,312,2893860
19,313,2584185
19,314,2246973
19,315,1896947
19,316,1563226
19,317,1262221
19,318,999270
19,319,772183
19,320,579781
19,321,424976
19,322,305460
19,323,215130
19,324,147436
19,325,99436
19,326,65276
19,327,42123
19,328,26591
19,329,16179
19,330,10252
19,331,6178
19,332,4028
19,333,2588
19,334,1626
19,335,921
19,336,452
19,337,204
19,338,84
19,339,39
19,340,11
19,341,3
19,342,3
19,344,3
19,347,2
19,348,1
19,350,2
19,351,2
19,352,4
19,353,1
19,354,3
19,355,1
19,356,2
19,357,3
19,359,2
19,360,3
19,361,2
19,362,3
19,366,1
19,368,1
20,270,12
20,271,62
20,272,307
20,273,1184
20,274,3445
20,275,8342
20,276,16388
20,277,28117
20,278,44320
20,279,68351
20,280,106941
20,281,166642
20,282,264547
20,283,412864
20,284,631878
20,285,940192
20,286,1350670
20,287,1866256
20,288,2484596
20,289,3179323
20,290,3938613
20,291,4711855
20,292,5469199
20,293,6155378
20,294,6746548
20,295,7221809
20,296,7532540
20,297,7661769
20,298,7580954
20,299,7313574
20,300,6891257
20,301,6366800
20,302,5802378
20,303,5258612
20,304,4789534
20,305,4432530
20,306,4193973
20,307,4044010
20,308,3925056
20,309,3793760
20,310,3624234
20,311,3406440
20,312,3137082
20,313,2817285
20,314,2458972
20,315,2093083
20,316,1744931
20,317,1425630
20,318,1135888
20,319,883532
20,320,672004
20,321,501044
20,322,364028
20,323,257464
20,324,176194
20,325,117035
20,326,75424
20,327,47810
20,328,31438
20,329,22032
20,330,15438
20,331,11776
20,332,8473
20,333,5818
20,334,3569
20,335,1944
20,336,1008
20,337,481
20,338,237
20,339,79
20,340,53
20,341,25
20,342,22
20,343,11
20,344,5
20,345,8
20,346,3
20,347,3
20,348,5
20,349,3
20,350,6
20,351,9
20,352,6
20,353,4
20,354,7
20,355,8
20,356,3
20,357,5
20,358,11
20,359,7
20,360,16
20,361,3
20,362,11
20,363,9
20,364,4
20,365,3
20,366,1
20,367,2
20,368,3
20,369,2
20,370,2
20,371,4
20,372,4
20,373,3
20,374,2
20,375,1
21,270,1
21,271,12
21,272,143
21,273,637
21,274,1994
21,275,4924
21,276,9761
21,277,17435
21,278,28189
21,279,45703
21,280,74743
21,281,122639
21,282,203486
21,283,332942
21,284,531178
21,285,820346
21,286,1212200
21,287,1715360
21,288,2314496
21,289,2995000
21,290,3722627
21,291,4451832
21,292,5147046
21,293,5763429
21,294,6282434
21,295,6675050
21,296,6911332
21,297,6975646
21,298,6863644
21,299,6589317
21,300,6193468
21,301,5731253
21,302,5267148
21,303,4840902
21,304,4490612
21,305,4242361
21,306,4082179
21,307,3983960
21,308,3891668
21,309,3789308
21,310,3647561
21,311,3462408
21,312,3220106
21,313,2930362
21,314,2604570
21,315,2272985
21,316,1946752
21,317,1637159
21,318,1346116
21,319,1086895
21,320,858977
21,321,660096
21,322,489438
21,323,346843
21,324,233473
21,325,150851
21,326,99642
21,327,68266
21,328,51705
21,329,41014
21,330,33177
21,331,26242
21,332,19038
21,333,12814
21,334,7785
21,335,4485
21,336,2489
21,337,1436
21,338,915
21,339,604
21,340,462
21,341,331
21,342,216
21,343,147
21,344,78
21,345,45
21,346,16
21,347,14
21,348,10
21,349,14
21,350,13
21,351,14
21,352,14
21,353,14
21,354,16
21,355,20
21,356,22
21,357,24
21,358,13
21,359,16
21,360,16
21,361,17
21,362,13
21,363,12
21,364,9
21,365,4
21,366,9
21,367,7
21,368,6
21,369,5
21,370,4
21,371,5
21,372,7
21,373,4
21,374,2
21,375,7
21,376,1
21,379,1
22,271,1
22,272,74
22,273,319
22,274,1021
22,275,2471
22,276,4931
22,277,9115
22,278,15559
22,279,27373
22,280,46804
22,281,81836
22,282,141952
22,283,245128
22,284,411509
22,285,659798
22,286,1000894
22,287,1443651
22,288,1968324
22,289,2560743
22,290,3174367
22,291,3778007
22,292,4341407
22,293,4842433
22,294,5261611
22,295,5575744
22,296,5753335
22,297,5794769
22,298,5701500
22,299,5497911
22,300,5207039
22,301,4861410
22,302,4515934
22,303,4189665
22,304,3939000
22,305,3761062
22,306,3653599
22,307,3596147
22,308,3558997
22,309,3511647
22,310,3433877
22,311,3312182
22,312,3132985
22,313,2904728
22,314,2639680
22,315,2355320
22,316,2063827
22,317,1768409
22,318,1478120
22,319,1199654
22,320,938096
22,321,705117
22,322,506230
22,323,351438
22,324,243455
22,325,176328
22,326,135869
22,327,112751
22,328,95911
22,329,81136
22,330,67200
22,331,52134
22,332,38470
22,333,26901
22,334,18379
22,335,12642
22,336,9015
22,337,6550
22,338,4923
22,339,3612
22,340,2547
22,341,1774
22,342,1189
22,343,730
22,344,465
22,345,262
22,346,197
22,347,93
22,348,64
22,349,23
22,350,26
22,351,9
22,352,12
22,353,14
22,354,15
22,355,17
22,356,18
22,357,15
22,358,10
22,359,7
22,360,3
22,361,12
22,362,10
22,363,4
22,364,10
22,365,13
22,366,7
22,367,4
22,368,9
22,369,3
22,370,3
22,371,6
22,372,2
22,373,5
22,374,1
22,375,2
22,376,2
23,272,35
23,273,132
23,274,431
23,275,978
23,276,2050
23,277,3856
23,278,7346
23,279,14162
23,280,26265
23,281,49118
23,282,91156
23,283,167928
23,284,296544
23,285,489605
23,286,761113
23,287,1105742
23,288,1510859
23,289,1956094
23,290,2406259
23,291,2846775
23,292,3243971
23,293,3590211
23,294,3890734
23,295,4157849
23,296,4341544
23,297,4414491
23,298,4360151
23,299,4228340
23,300,4015872
23,301,3780898
23,302,3566920
23,303,3408439
23,304,3294836
23,305,3235943
23,306,3234108
23,307,3247647
23,308,3257913
23,309,3248495
23,310,3221207
23,311,3163256
23,312,3039458
23,313,2848133
23,314,2601196
23,315,2313144
23,316,1996395
23,317,1679440
23,318,1380987
23,319,1108021
23,320,868622
23,321,668975
23,322,516262
23,323,406300
23,324,330104
23,325,279878
23,326,244329
23,327,215216
23,328,188411
23,329,160919
23,330,133020
23,331,107398
23,332,84374
23,333,65415
23,334,50511
23,335,39472
23,336,30978
23,337,24139
23,338,18448
23,339,13986
23,340,10040
23,341,6996
23,342,4602
23,343,2984
23,344,1997
23,345,1361
23,346,906
23,347,555
23,348,314
23,349,170
23,350,73
23,351,29
23,352,25
23,353,15
23,354,16
23,355,6
23,356,7
23,357,12
23,358,6
23,359,6
23,360,4
23,361,4
23,362,5
23,363,4
23,364,2
23,365,5
23,366,6
23,367,3
23,368,5
23,369,2
23,370,1
23,371,1
23,372,4
23,373,3
23,374,2
23,376,1
23,379,1
24,272,12
24,273,41
24,274,141
24,275,298
24,276,664
24,277,1352
24,278,2963
24,279,6236
24,280,12787
24,281,26573
24,282,54778
24,283,108635
24,284,200248
24,285,336497
24,286,527160
24,287,762322
24,288,1035026
24,289,1319033
24,290,1598917
24,291,1863823
24,292,2131542
24,293,2406308
24,294,2662602
24,295,2866829
24,296,3017778
24,297,3103292
24,298,3116238
24,299,3045946
24,300,2979346
24,301,2913582
24,302,2868640
24,303,2849568
24,304,2868688
24,305,2909413
24,306,2975665
24,307,3035858
24,308,3095111
24,309,3128888
24,310,3126517
24,311,3041969
24,312,2870093
24,313,2625855
24,314,2333905
24,315,2042625
24,316,1774771
24,317,1536881
24,318,1325075
24,319,1138433
24,320,980369
24,321,848209
24,322,737110
24,323,646201
24,324,571186
24,325,511929
24,326,461524
24,327,414067
24,328,364601
24,329,315733
24,330,268344
24,331,223503
24,332,185547
24,333,152191
24,334,125226
24,335,103272
24,336,83211
24,337,65999
24,338,51493
24,339,38673
24,340,28429
24,341,19874
24,342,13654
24,343,9601
24,344,6695
24,345,4726
24,346,3276
24,347,2140
24,348,1223
24,349,690
24,350,368
24,351,240
24,352,142
24,353,70
24,354,57
24,355,28
24,356,19
24,357,13
24,358,3
24,359,3
24,360,4
24,361,2
24,362,3
24,363,2
24,364,1
24,365,2
24,366,3
24,367,1
24,368,2
24,369,3
24,371,1
24,372,2
24,373,1
24,374,3
24,375,1
24,379,1
24,380,1
24,381,1
25,272,2
25,273,10
25,274,31
25,275,63
25,276,174
25,277,386
25,278,1006
25,279,2320
25,280,5389
25,281,13118
25,282,30918
25,283,66646
25,284,125764
25,285,211904
25,286,327047
25,287,464343
25,288,617848
25,289,773321
25,290,936419
25,291,1118604
25,292,1311827
25,293,1514507
25,294,1720795
25,295,1913871
25,296,2083233
25,297,2204595
25,298,2281442
25,299,2331745
25,300,2382616
25,301,2434902
25,302,2505612
25,303,2585230
25,304,2686685
25,305,2794660
25,306,2905610
25,307,3008402
25,308,3080258
25,309,3098183
25,310,3036343
25,311,2899180
25,312,2705929
25,313,2494017
25,314,2279116
25,315,2082618
25,316,1913776
25,317,1763383
25,318,1626263
25,319,1497983
25,320,1372590
25,321,1249037
25,322,1134459
25,323,1032372
25,324,939432
25,325,859691
25,326,780040
25,327,700309
25,328,618102
25,329,533080
25,330,450787
25,331,374909
25,332,310230
25,333,256427
25,334,212433
25,335,177538
25,336,148248
25,337,120934
25,338,96170
25,339,74268
25,340,55201
25,341,39994
25,342,29054
25,343,21060
25,344,15099
25,345,11077
25,346,8295
25,347,5706
25,348,3862
25,349,2574
25,350,1849
25,351,1308
25,352,831
25,353,599
25,354,374
25,355,199
25,356,133
25,357,74
25,358,32
25,359,12
25,360,12
25,361,2
25,363,1
25,364,1
25,366,2
25,367,3
25,368,1
25,369,1
25,376,1
25,381,1
25,382,1
25,384,1
25,385,1
25,386,1
26,273,2
26,274,2
26,275,12
26,276,34
26,277,91
26,278,290
26,279,701
26,280,2042
26,281,6126
26,282,16356
26,283,37679
26,284,71582
26,285,119480
26,286,178537
26,287,248140
26,288,324687
26,289,412685
26,290,517612
26,291,644936
26,292,796827
26,293,969660
26,294,1161953
26,295,1348790
26,296,1514343
26,297,1665924
26,298,1793507
26,299,1913394
26,300,2033149
26,301,2155298
26,302,2281908
26,303,2421664
26,304,2579559
26,305,2746607
26,306,2918454
26,307,3052725
26,308,3133455
26,309,3143727
26,310,3086342
26,311,2988018
26,312,2868889
26,313,2747771
26,314,2636510
26,315,2530147
26,316,2418016
26,317,2304014
26,318,2176811
26,319,2033922
26,320,1879550
26,321,1730078
26,322,1595366
26,323,1465463
26,324,1344718
26,325,1228322
26,326,1109342
26,327,984582
26,328,859290
26,329,734627
26,330,613003
26,331,503706
26,332,408178
26,333,329141
26,334,268318
26,335,221121
26,336,180688
26,337,144170
26,338,113294
26,339,87803
26,340,67871
26,341,53052
26,342,41620
26,343,33383
26,344,27321
26,345,22244
26,346,18248
26,347,14584
26,348,11860
26,349,9353
26,350,7301
26,351,5478
26,352,3819
26,353,2650
26,354,1645
26,355,1027
26,356,665
26,357,387
26,358,259
26,359,108
26,360,48
26,361,31
26,362,14
26,363,5
26,364,1
26,366,1
26,367,1
26,368,1
26,374,1
26,382,2
26,383,1
26,384,1
26,386,3
26,388,1
27,275,2
27,276,2
27,277,23
27,278,62
27,279,171
27,280,730
27,281,2685
27,282,8029
27,283,18888
27,284,35856
27,285,58926
27,286,86571
27,287,120641
27,288,161200
27,289,216781
27,290,291602
27,291,392069
27,292,515751
27,293,662990
27,294,821856
27,295,980882
27,296,1134580
27,297,1290405
27,298,1443123
27,299,1590135
27,300,1747536
27,301,1908263
27,302,2094548
27,303,2303669
27,304,2539668
27,305,2784031
27,306,3004155
27,307,3185931
27,308,3303727
27,309,3354644
27,310,3359896
27,311,3346333
27,312,3332251
27,313,3315312
27,314,3290936
27,315,3250758
27,316,3191448
27,317,3101700
27,318,2981570
27,319,2834036
27,320,2679624
27,321,2522751
27,322,2364314
27,323,2205448
27,324,2047078
27,325,1875801
27,326,1696035
27,327,1510488
27,328,1321535
27,329,1132979
27,330,953677
27,331,791877
27,332,657947
27,333,553163
27,334,467082
27,335,396458
27,336,329729
27,337,271306
27,338,222221
27,339,182983
27,340,153634
27,341,129656
27,342,110298
27,343,93620
27,344,80008
27,345,67825
27,346,56702
27,347,47715
27,348,38854
27,349,31400
27,350,24655
27,351,18459
27,352,13240
27,353,9163
27,354,6107
27,355,4119
27,356,2703
27,357,1656
27,358,1027
27,359,601
27,360,279
27,361,146
27,362,61
27,363,29
27,364,4
27,365,3
27,366,1
27,367,1
27,368,2
27,372,1
27,384,1
27,386,2
27,387,1
27,390,1
28,277,4
28,278,11
28,279,29
28,280,266
28,281,1052
28,282,3486
28,283,8096
28,284,15411
28,285,25476
28,286,39272
28,287,57897
28,288,83089
28,289,121566
28,290,178011
28,291,252679
28,292,345023
28,293,453648
28,294,574993
28,295,705570
28,296,841302
28,297,989374
28,298,1146264
28,299,1306587
28,300,1491674
28,301,1705809
28,302,1955569
28,303,2242290
28,304,2548190
28,305,2853202
28,306,3136131
28,307,3379182
28,308,3566395
28,309,3711974
28,310,3833353
28,311,3942660
28,312,4046991
28,313,4142595
28,314,4219386
28,315,4264857
28,316,4277689
28,317,4241369
28,318,4155251
28,319,4034093
28,320,3894491
28,321,3737112
28,322,3561100
28,323,3368525
28,324,3147359
28,325,2913250
28,326,2668063
28,327,2409041
28,328,2145395
28,329,1881170
28,330,1634948
28,331,1428724
28,332,1254918
28,333,1107690
28,334,978077
28,335,849566
28,336,732276
28,337,627841
28,338,543058
28,339,476541
28,340,417921
28,341,366070
28,342,317065
28,343,273730
28,344,235589
28,345,202884
28,346,172812
28,347,145035
28,348,119021
28,349,95548
28,350,74866
28,351,55956
28,352,40630
28,353,28819
28,354,20386
28,355,14271
28,356,9304
28,357,6151
28,358,3798
28,359,2190
28,360,1129
28,361,632
28,362,332
28,363,172
28,364,59
28,365,25
28,366,9
28,367,4
28,368,1
28,370,3
28,371,2
28,372,3
28,374,1
28,375,1
28,377,1
28,379,1
28,391,1
29,278,2
29,279,2
29,280,82
29,281,364
29,282,1262
29,283,2852
29,284,5705
29,285,9897
29,286,17218
29,287,28415
29,288,45812
29,289,72130
29,290,110539
29,291,160429
29,292,222462
29,293,295972
29,294,384341
29,295,488802
29,296,604415
29,297,736770
29,298,887641
29,299,1057459
29,300,1265999
29,301,1520280
29,302,1816260
29,303,2145775
29,304,2493025
29,305,2844188
29,306,3185398
29,307,3499633
29,308,3786205
29,309,4054433
29,310,4310542
29,311,4559696
29,312,4807721
29,313,5042661
29,314,5252066
29,315,5423972
29,316,5535348
29,317,5577274
29,318,5560605
29,319,5498092
29,320,5402565
29,321,5273197
29,322,5100714
29,323,4893610
29,324,4660946
29,325,4409244
29,326,4131105
29,327,3826096
29,328,3496002
29,329,3181318
29,330,2903465
29,331,2654368
29,332,2432579
29,333,2217610
29,334,1997987
29,335,1787690
29,336,1590659
29,337,1425177
29,338,1283229
29,339,1156183
29,340,1034966
29,341,915008
29,342,800843
29,343,698993
29,344,611837
29,345,528397
29,346,450951
29,347,376168
29,348,307229
29,349,246847
29,350,190955
29,351,143533
29,352,105910
29,353,76948
29,354,55444
29,355,38059
29,356,25290
29,357,16232
29,358,10020
29,359,5875
29,360,3513
29,361,2156
29,362,1243
29,363,659
29,364,252
29,365,123
29,366,50
29,367,32
29,368,13
29,369,6
29,370,2
29,371,4
29,373,1
29,374,1
29,377,1
29,379,2
29,381,2
29,382,1
29,383,1
29,384,1
30,280,19
30,281,106
30,282,354
30,283,836
30,284,1834
30,285,3696
30,286,7212
30,287,13692
30,288,24742
30,289,41431
30,290,64329
30,291,94709
30,292,134991
30,293,184445
30,294,247668
30,295,326422
30,296,419242
30,297,530570
30,298,666153
30,299,833851
30,300,1044236
30,301,1303246
30,302,1604331
30,303,1932020
30,304,2290030
30,305,2663069
30,306,3048994
30,307,3439667
30,308,3832510
30,309,4224995
30,310,4622841
30,311,5029118
30,312,5440912
30,313,5857656
30,314,6228775
30,315,6538884
30,316,6768405
30,317,6930270
30,318,7023906
30,319,7075014
30,320,7083191
30,321,7037789
30,322,6956509
30,323,6843449
30,324,6692171
30,325,6499014
30,326,6245053
30,327,5941999
30,328,5633565
30,329,5340155
30,330,5058054
30,331,4752129
30,332,4414552
30,333,3811606
30,334,2950223
30,335,2313807
30,336,1810868
30,337,1238658
30,338,648446
30,339,318462
30,340,187664
30,341,115829
30,342,71472
30,343,28101
30,344,7553
30,345,1274
30,346,46
30,347,35
30,348,40
30,349,24
30,350,33
30,351,25
30,352,24
30,353,20
30,354,23
30,355,25
30,356,13
30,357,21
30,358,12
30,359,10
30,360,7
30,361,12
30,362,12
30,363,3
30,364,6
30,365,5
30,366,15
30,367,7
30,368,7
30,369,7
30,371,5
30,372,7
30,373,3
30,374,2
30,375,2
30,376,1
30,377,2
30,378,1
30,379,2
30,380,1
30,381,1
30,383,2
31,280,2
31,281,24
31,282,70
31,283,222
31,284,512
31,285,1302
31,286,2873
31,287,6218
31,288,11875
31,289,20969
31,290,33916
31,291,52241
31,292,77549
31,293,111907
31,294,156058
31,295,210197
31,296,278141
31,297,364614
31,298,477788
31,299,624544
31,300,810037
31,301,1036914
31,302,1295951
31,303,1597688
31,304,1931082
31,305,2307402
31,306,2724965
31,307,3176868
31,308,3667349
31,309,4189199
31,310,4741288
31,311,5325931
31,312,5922654
31,313,6499704
31,314,7032004
31,315,7489011
31,316,7878820
31,317,8195872
31,318,8459147
31,319,8681479
31,320,8876684
31,321,9052471
31,322,9197769
31,323,9292482
31,324,9315669
31,325,9260793
31,326,9131467
31,327,8888820
31,328,7497474
31,329,4876789
31,330,1441639
31,331,210911
31,332,274
31,333,207
31,334,200
31,335,157
31,336,141
31,337,137
31,338,132
31,339,110
31,340,101
31,341,91
31,342,78
31,343,82
31,344,82
31,345,62
31,346,68
31,347,67
31,348,50
31,349,49
31,350,52
31,351,40
31,352,36
31,353,31
31,354,39
31,355,41
31,356,27
31,357,31
31,358,25
31,359,21
31,360,19
31,361,21
31,362,26
31,363,15
31,364,12
31,365,11
31,366,14
31,367,13
31,368,11
31,369,12
31,370,7
31,371,9
31,372,11
31,373,1
31,374,6
31,375,6
31,376,4
31,377,3
31,378,1
31,379,4
31,380,1
31,381,1
31,383,4
31,384,2
31,387,1
31,388,1
32,281,3
32,282,11
32,283,46
32,284,137
32,285,421
32,286,1075
32,287,2467
32,288,4832
32,289,9042
32,290,16055
32,291,26908
32,292,43955
32,293,66581
32,294,95009
32,295,130238
32,296,174936
32,297,235397
32,298,319721
32,299,431476
32,300,568689
32,301,738162
32,302,942411
32,303,1186324
32,304,1484670
32,305,1842015
32,306,2266459
32,307,2759592
32,308,3329520
32,309,3973810
32,310,4698186
32,311,5461662
32,312,6228196
32,313,6952588
32,314,7616652
32,315,8229387
32,316,8790622
32,317,9291875
32,318,9769939
32,319,10250294
32,320,10764214
32,321,11254103
32,322,11712372
32,323,12074405
32,324,12353831
32,325,12484052
32,326,9984386
32,327,3637653
32,328,178414
32,329,390
32,330,400
32,331,347
32,332,368
32,333,301
32,334,255
32,335,225
32,336,211
32,337,189
32,338,177
32,339,151
32,340,143
32,341,138
32,342,103
32,343,110
32,344,94
32,345,75
32,346,80
32,347,84
32,348,92
32,349,68
32,350,71
32,351,65
32,352,71
32,353,54
32,354,60
32,355,57
32,356,45
32,357,35
32,358,50
32,359,32
32,360,38
32,361,37
32,362,28
32,363,38
32,364,27
32,365,25
32,366,14
32,367,20
32,368,17
32,369,14
32,370,15
32,371,13
32,372,8
32,373,8
32,374,9
32,375,10
32,376,4
32,377,6
32,378,2
32,379,1
32,380,8
32,381,5
32,382,3
32,383,5
32,384,3
32,385,3
32,387,2
32,388,2
32,394,1
33,282,2
33,283,5
33,284,38
33,285,126
33,286,349
33,287,817
33,288,1657
33,289,3385
33,290,6702
33,291,13620
33,292,24240
33,293,37613
33,294,54224
33,295,75268
33,296,103292
33,297,142256
33,298,195850
33,299,264166
33,300,353099
33,301,464898
33,302,611637
33,303,805854
33,304,1058345
33,305,1386483
33,306,1796787
33,307,2305968
33,308,2923673
33,309,3655913
33,310,4490870
33,311,5375530
33,312,6259879
33,313,7124224
33,314,7927313
33,315,8682152
33,316,9365240
33,317,10045140
33,318,10798179
33,319,11620338
33,320,12455461
33,321,13278009
33,322,14024229
33,323,14688858
33,324,15243249
33,325,12177987
33,326,2483395
33,327,1281
33,328,441
33,329,452
33,330,387
33,331,398
33,332,401
33,333,362
33,334,355
33,335,334
33,336,305
33,337,292
33,338,256
33,339,197
33,340,197
33,341,169
33,342,157
33,343,132
33,344,123
33,345,128
33,346,116
33,347,105
33,348,119
33,349,96
33,350,105
33,351,106
33,352,85
33,353,86
33,354,74
33,355,74
33,356,69
33,357,59
33,358,59
33,359,48
33,360,56
33,361,52
33,362,47
33,363,34
33,364,32
33,365,29
33,366,32
33,367,20
33,368,34
33,369,14
33,370,16
33,371,13
33,372,20
33,373,9
33,374,12
33,375,11
33,376,9
33,377,10
33,378,3
33,379,11
33,380,5
33,381,5
33,382,1
33,383,9
33,384,6
33,385,8
33,386,3
33,387,5
33,388,1
33,389,1
33,390,1
33,391,1
33,393,1
33,400,1
34,283,1
34,284,9
34,285,32
34,286,104
34,287,218
34,288,448
34,289,1138
34,290,2927
34,291,6528
34,292,12113
34,293,19310
34,294,27741
34,295,39571
34,296,56773
34,297,78765
34,298,107499
34,299,143877
34,300,191564
34,301,261288
34,302,361745
34,303,507862
34,304,714321
34,305,995589
34,306,1379267
34,307,1884980
34,308,2518581
34,309,3285153
34,310,4138404
34,311,5039215
34,312,5973010
34,313,6899703
34,314,7794310
34,315,8640864
34,316,9461480
34,317,10329846
34,318,11309871
34,319,12387006
34,320,13476571
34,321,14521843
34,322,15506636
34,323,16425683
34,324,17091625
34,325,10066220
34,326,615069
34,327,638
34,328,541
34,329,553
34,330,475
34,331,408
34,332,442
34,333,409
34,334,419
34,335,412
34,336,388
34,337,378
34,338,360
34,339,309
34,340,302
34,341,270
34,342,253
34,343,206
34,344,189
34,345,189
34,346,137
34,347,134
34,348,146
34,349,132
34,350,119
34,351,124
34,352,112
34,353,103
34,354,94
34,355,93
34,356,95
34,357,76
34,358,69
34,359,71
34,360,74
34,361,69
34,362,46
34,363,48
34,364,44
34,365,36
34,366,38
34,367,28
34,368,27
34,369,24
34,370,25
34,371,26
34,372,27
34,373,15
34,374,18
34,375,29
34,376,23
34,377,11
34,378,11
34,379,9
34,380,19
34,381,13
34,382,11
34,383,7
34,384,5
34,385,8
34,386,6
34,387,3
34,388,6
34,389,3
34,390,4
34,391,2
34,392,1
34,393,4
34,394,2
34,395,3
34,396,2
34,398,2
34,403,1
35,284,2
35,285,6
35,286,27
35,287,26
35,288,115
35,289,453
35,290,1253
35,291,2797
35,292,5172
35,293,8244
35,294,12302
35,295,18387
35,296,27688
35,297,39415
35,298,52563
35,299,70092
35,300,96188
35,301,136329
35,302,202409
35,303,305384
35,304,461146
35,305,696483
35,306,1039876
35,307,1513413
35,308,2118260
35,309,2827702
35,310,3617190
35,311,4472004
35,312,5352312
35,313,6229532
35,314,7107812
35,315,8000156
35,316,8949987
35,317,9970226
35,318,11092979
35,319,12297312
35,320,13490269
35,321,14636842
35,322,15710460
35,323,16720278
35,324,17518971
35,325,13933188
35,326,3452135
35,327,29169
35,328,691
35,329,660
35,330,609
35,331,544
35,332,526
35,333,509
35,334,539
35,335,525
35,336,495
35,337,481
35,338,475
35,339,415
35,340,430
35,341,392
35,342,370
35,343,316
35,344,309
35,345,266
35,346,245
35,347,199
35,348,179
35,349,185
35,350,150
35,351,141
35,352,114
35,353,112
35,354,134
35,355,93
35,356,106
35,357,101
35,358,94
35,359,75
35,360,84
35,361,54
35,362,61
35,363,56
35,364,53
35,365,42
35,366,56
35,367,30
35,368,47
35,369,32
35,370,33
35,371,35
35,372,24
35,373,26
35,374,30
35,375,22
35,376,24
35,377,25
35,378,29
35,379,24
35,380,20
35,381,24
35,382,24
35,383,20
35,384,21
35,385,11
35,386,13
35,387,8
35,388,6
35,389,10
35,390,6
35,391,7
35,392,5
35,393,7
35,394,4
35,396,5
35,397,4
35,398,3
35,399,1
35,400,1
35,401,1
36,285,2
36,287,3
36,288,43
36,289,171
36,290,490
36,291,991
36,292,1743
36,293,2808
36,294,4372
36,295,7197
36,296,11000
36,297,15870
36,298,22360
36,299,31469
36,300,46123
36,301,70594
36,302,111375
36,303,180178
36,304,295653
36,305,487169
36,306,780517
36,307,1189162
36,308,1697069
36,309,2294229
36,310,2966685
36,311,3682123
36,312,4403687
36,313,5154757
36,314,5957979
36,315,6818619
36,316,7783114
36,317,8848898
36,318,9993568
36,319,11191692
36,320,12367542
36,321,13482731
36,322,14504735
36,323,15410651
36,324,16174048
36,325,15888732
36,326,12985378
36,327,6644137
36,328,658593
36,329,752
36,330,742
36,331,686
36,332,658
36,333,644
36,334,659
36,335,689
36,336,647
36,337,638
36,338,693
36,339,649
36,340,634
36,341,610
36,342,522
36,343,489
36,344,475
36,345,429
36,346,378
36,347,308
36,348,279
36,349,250
36,350,212
36,351,249
36,352,153
36,353,144
36,354,154
36,355,116
36,356,104
36,357,107
36,358,101
36,359,68
36,360,67
36,361,67
36,362,54
36,363,61
36,364,42
36,365,62
36,366,32
36,367,36
36,368,27
36,369,33
36,370,40
36,371,55
36,372,40
36,373,35
36,374,42
36,375,30
36,376,27
36,377,41
36,378,27
36,379,42
36,380,38
36,381,23
36,382,21
36,383,36
36,384,26
36,385,19
36,386,31
36,387,16
36,388,18
36,389,19
36,390,11
36,391,12
36,392,8
36,393,9
36,394,11
36,395,5
36,396,6
36,397,6
36,398,2
36,399,1
36,400,4
36,401,3
36,402,1
36,403,1
37,288,16
37,289,51
37,290,153
37,291,250
37,292,442
37,293,754
37,294,1296
37,295,2144
37,296,3194
37,297,4774
37,298,7247
37,299,11919
37,300,19529
37,301,33137
37,302,58130
37,303,106550
37,304,195948
37,305,347442
37,306,578941
37,307,889469
37,308,1265953
37,309,1715163
37,310,2223835
37,311,2740039
37,312,3295440
37,313,3891374
37,314,4536383
37,315,5248846
37,316,6078713
37,317,7017550
37,318,8037513
37,319,9083800
37,320,10086506
37,321,11011326
37,322,11835423
37,323,12586453
37,324,13289555
37,325,13867064
37,326,13991872
37,327,12815654
37,328,10992624
37,329,8978073
37,330,4535188
37,331,713598
37,332,15849
37,333,846
37,334,861
37,335,802
37,336,894
37,337,881
37,338,931
37,339,783
37,340,888
37,341,840
37,342,787
37,343,722
37,344,629
37,345,556
37,346,530
37,347,452
37,348,407
37,349,374
37,350,329
37,351,275
37,352,252
37,353,236
37,354,210
37,355,162
37,356,126
37,357,125
37,358,81
37,359,76
37,360,70
37,361,67
37,362,52
37,363,61
37,364,59
37,365,46
37,366,36
37,367,39
37,368,34
37,369,37
37,370,43
37,371,40
37,372,52
37,373,40
37,374,36
37,375,40
37,376,48
37,377,35
37,378,45
37,379,43
37,380,67
37,381,42
37,382,42
37,383,33
37,384,41
37,385,30
37,386,43
37,387,27
37,388,30
37,389,33
37,390,20
37,391,23
37,392,23
37,393,14
37,394,11
37,395,15
37,396,11
37,397,5
37,398,7
37,399,8
37,400,7
37,401,6
37,402,4
37,403,3
37,404,3
37,405,1
38,288,3
38,289,13
38,290,30
38,291,37
38,292,89
38,293,172
38,294,284
38,295,430
38,296,679
38,297,1110
38,298,2049
38,299,3759
38,300,6893
38,301,13487
38,302,29143
38,303,63177
38,304,129214
38,305,241741
38,306,406461
38,307,619311
38,308,869798
38,309,1173598
38,310,1487443
38,311,1836125
38,312,2197366
38,313,2594836
38,314,3067855
38,315,3635070
38,316,4293312
38,317,5018011
38,318,5792858
38,319,6537497
38,320,7205788
38,321,7798296
38,322,8360595
38,323,8956073
38,324,9611380
38,325,10323482
38,326,11026427
38,327,11531244
38,328,11646240
38,329,11057336
38,330,9776313
38,331,8376230
38,332,7442405
38,333,6697376
38,334,5656021
38,335,3849240
38,336,2154038
38,337,507223
38,338,58187
38,339,952
38,340,1000
38,341,957
38,342,880
38,343,826
38,344,732
38,345,692
38,346,691
38,347,575
38,348,576
38,349,458
38,350,434
38,351,381
38,352,323
38,353,278
38,354,258
38,355,199
38,356,160
38,357,142
38,358,114
38,359,93
38,360,86
38,361,88
38,362,72
38,363,71
38,364,75
38,365,58
38,366,43
38,367,55
38,368,51
38,369,63
38,370,48
38,371,50
38,372,37
38,373,38
38,374,52
38,375,39
38,376,47
38,377,52
38,378,46
38,379,48
38,380,39
38,381,44
38,382,58
38,383,65
38,384,53
38,385,53
38,386,59
38,387,58
38,388,35
38,389,40
38,390,29
38,391,40
38,392,27
38,393,26
38,394,40
38,395,35
38,396,23
38,397,22
38,398,18
38,399,18
38,400,9
38,401,16
38,402,10
38,403,8
38,404,5
38,405,7
38,406,6
38,407,4
38,408,1
38,411,1
39,289,3
39,291,6
39,292,16
39,293,25
39,294,34
39,295,46
39,296,118
39,297,230
39,298,528
39,299,1028
39,300,2217
39,301,5794
39,302,15585
39,303,38571
39,304,84639
39,305,160449
39,306,264254
39,307,391920
39,308,547543
39,309,710045
39,310,885828
39,311,1070196
39,312,1284198
39,313,1553704
39,314,1887201
39,315,2279972
39,316,2739959
39,317,3227639
39,318,3697329
39,319,4095159
39,320,4440694
39,321,4777577
39,322,5169808
39,323,5644297
39,324,6196451
39,325,6829550
39,326,7470326
39,327,8002986
39,328,8371838
39,329,8478994
39,330,8273543
39,331,7964544
39,332,7728715
39,333,7453133
39,334,7122039
39,335,6657992
39,336,6209053
39,337,5701361
39,338,5173409
39,339,4494950
39,340,3719820
39,341,3103317
39,342,2698106
39,343,2411798
39,344,2086429
39,345,1704589
39,346,1286614
39,347,914507
39,348,652765
39,349,465605
39,350,337019
39,351,232852
39,352,162150
39,353,112988
39,354,77776
39,355,54782
39,356,37703
39,357,24601
39,358,14847
39,359,8107
39,360,4303
39,361,2194
39,362,1175
39,363,692
39,364,456
39,365,281
39,366,137
39,367,86
39,368,55
39,369,71
39,370,64
39,371,66
39,372,49
39,373,54
39,374,68
39,375,59
39,376,52
39,377,48
39,378,58
39,379,53
39,380,54
39,381,41
39,382,57
39,383,75
39,384,66
39,385,66
39,386,66
39,387,73
39,388,67
39,389,69
39,390,70
39,391,73
39,392,67
39,393,61
39,394,57
39,395,57
39,396,51
39,397,44
39,398,30
39,399,23
39,400,23
39,401,22
39,402,24
39,403,19
39,404,10
39,405,20
39,406,6
39,407,9
39,408,2
39,409,6
39,411,3
39,412,3
39,413,1
39,415,1
40,291,1
40,292,1
40,293,1
40,294,2
40,295,7
40,296,15
40,297,48
40,298,105
40,299,261
40,300,805
40,301,2801
40,302,8953
40,303,23880
40,304,53736
40,305,99105
40,306,155064
40,307,222232
40,308,297047
40,309,375519
40,310,453651
40,311,551795
40,312,682284
40,313,849776
40,314,1057941
40,315,1309848
40,316,1577750
40,317,1827562
40,318,2030128
40,319,2195113
40,320,2368530
40,321,2592881
40,322,2880481
40,323,3231841
40,324,3624819
40,325,4044613
40,326,4443239
40,327,4765035
40,328,4975674
40,329,5124996
40,330,5252114
40,331,5350805
40,332,5426515
40,333,5448125
40,334,5429321
40,335,5351452
40,336,5204499
40,337,4960611
40,338,4599244
40,339,4179019
40,340,3764240
40,341,3367074
40,342,2994560
40,343,2587265
40,344,2157657
40,345,1738253
40,346,1349972
40,347,1030224
40,348,774463
40,349,580216
40,350,429636
40,351,316591
40,352,231375
40,353,169654
40,354,125746
40,355,94291
40,356,72197
40,357,54986
40,358,42827
40,359,33696
40,360,26865
40,361,21134
40,362,16485
40,363,12460
40,364,8934
40,365,5645
40,366,2996
40,367,1570
40,368,970
40,369,585
40,370,352
40,371,315
40,372,250
40,373,185
40,374,114
40,375,82
40,376,82
40,377,70
40,378,90
40,379,58
40,380,76
40,381,76
40,382,65
40,383,65
40,384,96
40,385,77
40,386,69
40,387,68
40,388,86
40,389,76
40,390,94
40,391,104
40,392,84
40,393,82
40,394,67
40,395,59
40,396,59
40,397,61
40,398,62
40,399,55
40,400,35
40,401,35
40,402,29
40,403,33
40,404,15
40,405,27
40,406,14
40,407,7
40,408,15
40,409,3
40,410,2
40,411,10
40,412,3
40,413,1
40,414,2
40,416,1
40,417,1
41,295,1
41,296,1
41,297,5
41,298,25
41,299,79
41,300,320
41,301,1469
41,302,5282
41,303,14396
41,304,31490
41,305,54541
41,306,80036
41,307,107714
41,308,138897
41,309,172631
41,310,211274
41,311,263632
41,312,335144
41,313,431225
41,314,548436
41,315,674333
41,316,782796
41,317,871992
41,318,945288
41,319,1027637
41,320,1141922
41,321,1289906
41,322,1471476
41,323,1678308
41,324,1904914
41,325,2132108
41,326,2324006
41,327,2459263
41,328,2570238
41,329,2696756
41,330,2845395
41,331,2980206
41,332,3073875
41,333,3141651
41,334,3195300
41,335,3206341
41,336,3159983
41,337,3057039
41,338,2896059
41,339,2710633
41,340,2490939
41,341,2244336
41,342,1965262
41,343,1662518
41,344,1365446
41,345,1099316
41,346,866329
41,347,678884
41,348,526172
41,349,404623
41,350,306601
41,351,229219
41,352,172271
41,353,129007
41,354,97734
41,355,75994
41,356,58954
41,357,47672
41,358,39408
41,359,33377
41,360,27853
41,361,23305
41,362,19329
41,363,15469
41,364,11912
41,365,8270
41,366,5356
41,367,3329
41,368,2119
41,369,1396
41,370,940
41,371,735
41,372,546
41,373,363
41,374,236
41,375,205
41,376,162
41,377,132
41,378,97
41,379,82
41,380,58
41,381,70
41,382,67
41,383,65
41,384,74
41,385,72
41,386,68
41,387,65
41,388,78
41,389,85
41,390,65
41,391,65
41,392,71
41,393,66
41,394,69
41,395,62
41,396,71
41,397,49
41,398,59
41,399,48
41,400,30
41,401,25
41,402,32
41,403,30
41,404,25
41,405,28
41,406,21
41,407,22
41,408,15
41,409,16
41,410,13
41,411,6
41,412,5
41,413,6
41,414,3
41,415,1
41,416,1
41,417,2
41,418,1
41,419,1
41,420,2
41,423,1
42,297,1
42,298,6
42,299,19
42,300,136
42,301,834
42,302,3010
42,303,7819
42,304,16003
42,305,25534
42,306,35186
42,307,45317
42,308,58754
42,309,75063
42,310,95510
42,311,122476
42,312,159090
42,313,205124
42,314,253412
42,315,297681
42,316,331382
42,317,360556
42,318,394809
42,319,443042
42,320,510078
42,321,586731
42,322,679947
42,323,784093
42,324,886612
42,325,975859
42,326,1044608
42,327,1106112
42,328,1177079
42,329,1258650
42,330,1338854
42,331,1409410
42,332,1468054
42,333,1525960
42,334,1572268
42,335,1585328
42,336,1560938
42,337,1513998
42,338,1448626
42,339,1365679
42,340,1259487
42,341,1128544
42,342,982442
42,343,831219
42,344,692920
42,345,570104
42,346,466406
42,347,378128
42,348,300030
42,349,234261
42,350,179121
42,351,135450
42,352,103133
42,353,79206
42,354,61701
42,355,50152
42,356,41594
42,357,35187
42,358,30274
42,359,26272
42,360,22338
42,361,18782
42,362,15633
42,363,12611
42,364,9864
42,365,7211
42,366,5308
42,367,3664
42,368,2346
42,369,1626
42,370,1201
42,371,855
42,372,639
42,373,419
42,374,343
42,375,263
42,376,199
42,377,145
42,378,95
42,379,79
42,380,72
42,381,62
42,382,57
42,383,75
42,384,62
42,385,60
42,386,68
42,387,55
42,388,57
42,389,56
42,390,60
42,391,56
42,392,51
42,393,45
42,394,48
42,395,51
42,396,46
42,397,39
42,398,37
42,399,45
42,400,24
42,401,32
42,402,26
42,403,40
42,404,21
42,405,23
42,406,23
42,407,22
42,408,25
42,409,14
42,410,12
42,411,17
42,412,7
42,413,12
42,414,6
42,415,4
42,416,2
42,417,7
42,418,3
42,419,4
42,421,1
42,422,1
42,423,1
43,298,1
43,299,4
43,300,70
43,301,458
43,302,1505
43,303,3593
43,304,6677
43,305,9550
43,306,13047
43,307,17575
43,308,24104
43,309,31766
43,310,42259
43,311,56145
43,312,72792
43,313,90568
43,314,105432
43,315,118396
43,316,129071
43,317,142948
43,318,162486
43,319,186159
43,320,213736
43,321,246357
43,322,284289
43,323,322221
43,324,355176
43,325,384670
43,326,413508
43,327,443698
43,328,477562
43,329,511298
43,330,543028
43,331,574120
43,332,608605
43,333,639294
43,334,655535
43,335,657439
43,336,649506
43,337,638003
43,338,619080
43,339,584509
43,340,540130
43,341,484226
43,342,427579
43,343,370769
43,344,321983
43,345,275915
43,346,233544
43,347,193395
43,348,156279
43,349,123174
43,350,95236
43,351,73734
43,352,58025
43,353,46672
43,354,39139
43,355,33338
43,356,29059
43,357,25196
43,358,21444
43,359,18082
43,360,15009
43,361,12213
43,362,10147
43,363,7862
43,364,6238
43,365,4680
43,366,3442
43,367,2441
43,368,1761
43,369,1246
43,370,987
43,371,698
43,372,548
43,373,364
43,374,330
43,375,234
43,376,229
43,377,169
43,378,114
43,379,107
43,380,70
43,381,76
43,382,74
43,383,90
43,384,64
43,385,44
43,386,56
43,387,39
43,388,49
43,389,42
43,390,47
43,391,51
43,392,42
43,393,48
43,394,42
43,395,47
43,396,43
43,397,30
43,398,36
43,399,26
43,400,18
43,401,22
43,402,17
43,403,19
43,404,22
43,405,29
43,406,24
43,407,19
43,408,20
43,409,13
43,410,20
43,411,12
43,412,14
43,413,14
43,414,9
43,415,12
43,416,9
43,417,10
43,418,11
43,419,4
43,420,3
43,421,7
43,422,3
43,423,3
43,424,3
43,425,3
43,427,1
43,430,1
44,299,1
44,300,38
44,301,220
44,302,627
44,303,1285
44,304,2134
44,305,3005
44,306,4378
44,307,6309
44,308,9066
44,309,12746
44,310,17678
44,311,23690
44,312,30876
44,313,37549
44,314,43499
44,315,49910
44,316,57267
44,317,64970
44,318,73295
44,319,80667
44,320,89842
44,321,101255
44,322,112624
44,323,123979
44,324,134494
44,325,143845
44,326,154325
44,327,164357
44,328,175650
44,329,187311
44,330,200768
44,331,213894
44,332,227698
44,333,236566
44,334,240414
44,335,244845
44,336,247590
44,337,246763
44,338,239828
44,339,227116
44,340,213143
44,341,196371
44,342,179560
44,343,163458
44,344,148846
44,345,132160
44,346,115001
44,347,97088
44,348,79639
44,349,64863
44,350,52120
44,351,43047
44,352,36134
44,353,31538
44,354,28295
44,355,24814
44,356,21628
44,357,18594
44,358,15222
44,359,12481
44,360,9934
44,361,7758
44,362,6385
44,363,4978
44,364,3788
44,365,2863
44,366,2205
44,367,1640
44,368,1275
44,369,951
44,370,741
44,371,537
44,372,429
44,373,306
44,374,302
44,375,266
44,376,231
44,377,164
44,378,124
44,379,95
44,380,89
44,381,102
44,382,86
44,383,73
44,384,78
44,385,76
44,386,60
44,387,62
44,388,71
44,389,41
44,390,60
44,391,49
44,392,61
44,393,51
44,394,52
44,395,55
44,396,44
44,397,37
44,398,22
44,399,28
44,400,30
44,401,26
44,402,22
44,403,16
44,404,12
44,405,17
44,406,18
44,407,16
44,408,12
44,409,11
44,410,17
44,411,8
44,412,11
44,413,15
44,414,18
44,415,19
44,416,19
44,417,16
44,418,14
44,419,14
44,420,19
44,421,11
44,422,10
44,423,14
44,424,13
44,425,17
44,426,8
44,427,7
44,428,9
44,429,6
44,430,10
44,431,4
44,432,7
44,433,5
44,434,2
44,435,2
44,436,1
44,437,3
44,438,6
44,439,1
44,440,1
44,441,2
45,300,18
45,301,86
45,302,190
45,303,363
45,304,582
45,305,924
45,306,1382
45,307,2160
45,308,3204
45,309,4672
45,310,6769
45,311,9142
45,312,12425
45,313,15906
45,314,19862
45,315,24417
45,316,29259
45,317,33721
45,318,37319
45,319,40936
45,320,44868
45,321,48928
45,322,52238
45,323,54961
45,324,58116
45,325,60681
45,326,63090
45,327,66978
45,328,70595
45,329,75238
45,330,80371
45,331,83024
45,332,86834
45,333,89309
45,334,91773
45,335,95727
45,336,97081
45,337,96757
45,338,95227
45,339,92077
45,340,88765
45,341,85468
45,342,81531
45,343,77211
45,344,73272
45,345,66449
45,346,59426
45,347,51652
45,348,44131
45,349,38071
45,350,32705
45,351,29237
45,352,26718
45,353,24523
45,354,22634
45,355,20099
45,356,17202
45,357,14459
45,358,11651
45,359,9507
45,360,7537
45,361,5987
45,362,4659
45,363,3841
45,364,2703
45,365,2216
45,366,1733
45,367,1372
45,368,1034
45,369,809
45,370,602
45,371,484
45,372,425
45,373,326
45,374,275
45,375,253
45,376,217
45,377,183
45,378,152
45,379,142
45,380,138
45,381,101
45,382,113
45,383,111
45,384,98
45,385,97
45,386,82
45,387,94
45,388,88
45,389,71
45,390,85
45,391,76
45,392,61
45,393,57
45,394,74
45,395,43
45,396,56
45,397,40
45,398,49
45,399,42
45,400,33
45,401,34
45,402,24
45,403,15
45,404,24
45,405,25
45,406,19
45,407,15
45,408,23
45,409,21
45,410,15
45,411,11
45,412,12
45,413,17
45,414,17
45,415,16
45,416,23
45,417,20
45,418,25
45,419,36
45,420,31
45,421,35
45,422,37
45,423,34
45,424,28
45,425,45
45,426,35
45,427,42
45,428,34
45,429,47
45,430,43
45,431,40
45,432,30
45,433,24
45,434,31
45,435,27
45,436,34
45,437,26
45,438,20
45,439,15
45,440,17
45,441,13
45,442,12
45,443,6
45,444,1
45,445,3
45,446,4
45,448,2
46,300,6
46,301,25
46,302,40
46,303,91
46,304,160
46,305,258
46,306,410
46,307,661
46,308,1037
46,309,1596
46,310,2448
46,311,3553
46,312,5250
46,313,7315
46,314,9823
46,315,12957
46,316,15874
46,317,18752
46,318,21478
46,319,24047
46,320,26985
46,321,28822
46,322,31071
46,323,32108
46,324,33838
46,325,35240
46,326,36252
46,327,38988
46,328,39860
46,329,41222
46,330,42082
46,331,41578
46,332,41959
46,333,43320
46,334,44056
46,335,45481
46,336,45757
46,337,45527
46,338,45328
46,339,45240
46,340,44056
46,341,44045
46,342,43621
46,343,42209
46,344,40906
46,345,37471
46,346,34468
46,347,30787
46,348,27764
46,349,25227
46,350,23230
46,351,22081
46,352,21015
46,353,19659
46,354,18050
46,355,15960
46,356,13751
46,357,11645
46,358,9636
46,359,7913
46,360,6442
46,361,5121
46,362,4036
46,363,3339
46,364,2489
46,365,2052
46,366,1606
46,367,1322
46,368,1015
46,369,898
46,370,632
46,371,593
46,372,465
46,373,385
46,374,325
46,375,267
46,376,245
46,377,203
46,378,191
46,379,154
46,380,165
46,381,152
46,382,136
46,383,150
46,384,116
46,385,135
46,386,106
46,387,120
46,388,132
46,389,108
46,390,114
46,391,109
46,392,107
46,393,82
46,394,78
46,395,82
46,396,69
46,397,64
46,398,56
46,399,70
46,400,63
46,401,46
46,402,37
46,403,26
46,404,32
46,405,17
46,406,21
46,407,23
46,408,22
46,409,29
46,410,18
46,411,18
46,412,26
46,413,12
46,414,12
46,415,16
46,416,14
46,417,20
46,418,25
46,419,27
46,420,28
46,421,38
46,422,46
46,423,57
46,424,56
46,425,62
46,426,58
46,427,72
46,428,82
46,429,75
46,430,102
46,431,79
46,432,83
46,433,78
46,434,66
46,435,70
46,436,54
46,437,58
46,438,49
46,439,46
46,440,34
46,441,26
46,442,28
46,443,16
46,444,15
46,445,11
46,446,10
46,447,4
46,448,5
47,300,1
47,301,5
47,302,8
47,303,22
47,304,34
47,305,63
47,306,104
47,307,167
47,308,294
47,309,530
47,310,924
47,311,1496
47,312,2470
47,313,3709
47,314,5082
47,315,6889
47,316,8562
47,317,10611
47,318,13052
47,319,15293
47,320,17680
47,321,19277
47,322,21229
47,323,22141
47,324,24046
47,325,25565
47,326,26735
47,327,28426
47,328,29393
47,329,29681
47,330,29635
47,331,29354
47,332,29634
47,333,29557
47,334,28838
47,335,28397
47,336,28129
47,337,27869
47,338,27031
47,339,27389
47,340,27302
47,341,27693
47,342,27627
47,343,26916
47,344,25877
47,345,23994
47,346,22079
47,347,20541
47,348,19205
47,349,18214
47,350,17549
47,351,17167
47,352,16453
47,353,15152
47,354,13726
47,355,11933
47,356,10375
47,357,8870
47,358,7435
47,359,6581
47,360,5640
47,361,4768
47,362,4028
47,363,3423
47,364,2809
47,365,2404
47,366,1989
47,367,1650
47,368,1301
47,369,1108
47,370,826
47,371,761
47,372,616
47,373,554
47,374,455
47,375,368
47,376,291
47,377,245
47,378,255
47,379,217
47,380,167
47,381,180
47,382,164
47,383,158
47,384,143
47,385,141
47,386,127
47,387,135
47,388,135
47,389,138
47,390,123
47,391,124
47,392,134
47,393,107
47,394,116
47,395,95
47,396,100
47,397,92
47,398,98
47,399,91
47,400,85
47,401,59
47,402,77
47,403,52
47,404,45
47,405,48
47,406,44
47,407,49
47,408,41
47,409,36
47,410,20
47,411,21
47,412,14
47,413,22
47,414,28
47,415,18
47,416,22
47,417,19
47,418,22
47,419,19
47,420,25
47,421,25
47,422,35
47,423,38
47,424,36
47,425,36
47,426,64
47,427,72
47,428,79
47,429,82
47,430,86
47,431,90
47,432,100
47,433,73
47,434,84
47,435,73
47,436,70
47,437,52
47,438,72
47,439,49
47,440,41
47,441,31
47,442,31
47,443,26
47,444,19
47,445,24
47,446,20
47,447,9
47,448,12
47,449,4
47,450,1
47,451,3
47,452,2
48,301,1
48,303,5
48,304,9
48,305,7
48,306,13
48,307,40
48,308,81
48,309,184
48,310,392
48,311,706
48,312,1204
48,313,1836
48,314,2459
48,315,3360
48,316,4338
48,317,5663
48,318,7083
48,319,8671
48,320,10099
48,321,11610
48,322,13238
48,323,14857
48,324,16554
48,325,18277
48,326,20041
48,327,21334
48,328,22459
48,329,23510
48,330,25123
48,331,25984
48,332,27042
48,333,26629
48,334,26521
48,335,25273
48,336,24245
48,337,22934
48,338,22394
48,339,22042
48,340,21980
48,341,21888
48,342,21485
48,343,20437
48,344,19124
48,345,18166
48,346,17022
48,347,15998
48,348,15628
48,349,14844
48,350,14744
48,351,14048
48,352,12870
48,353,11657
48,354,10556
48,355,9153
48,356,8038
48,357,7010
48,358,6368
48,359,5661
48,360,5472
48,361,4974
48,362,4309
48,363,4025
48,364,3716
48,365,3269
48,366,2971
48,367,2619
48,368,2242
48,369,1873
48,370,1536
48,371,1265
48,372,1041
48,373,915
48,374,710
48,375,584
48,376,483
48,377,386
48,378,282
48,379,260
48,380,228
48,381,199
48,382,196
48,383,212
48,384,176
48,385,167
48,386,160
48,387,142
48,388,146
48,389,147
48,390,122
48,391,126
48,392,140
48,393,122
48,394,123
48,395,125
48,396,132
48,397,106
48,398,115
48,399,85
48,400,67
48,401,83
48,402,61
48,403,55
48,404,61
48,405,60
48,406,54
48,407,48
48,408,50
48,409,37
48,410,41
48,411,26
48,412,28
48,413,23
48,414,23
48,415,27
48,416,21
48,417,18
48,418,27
48,419,17
48,420,19
48,421,23
48,422,22
48,423,32
48,424,32
48,425,32
48,426,44
48,427,40
48,428,47
48,429,49
48,430,53
48,431,52
48,432,50
48,433,70
48,434,53
48,435,61
48,436,57
48,437,57
48,438,41
48,439,39
48,440,31
48,441,39
48,442,31
48,443,34
48,444,27
48,445,26
48,446,24
48,447,9
48,448,15
48,449,9
48,450,9
48,451,9
48,452,7
48,453,11
48,454,5
48,455,2
48,456,2
48,457,2
48,458,4
48,459,6
48,460,1
48,461,1
48,462,1
49,303,1
49,306,2
49,307,8
49,308,23
49,309,77
49,310,177
49,311,309
49,312,522
49,313,740
49,314,981
49,315,1403
49,316,1870
49,317,2545
49,318,3191
49,319,4038
49,320,4816
49,321,5949
49,322,7195
49,323,8487
49,324,10497
49,325,11958
49,326,13915
49,327,15410
49,328,17513
49,329,19224
49,330,21162
49,331,22927
49,332,24479
49,333,26370
49,334,27219
49,335,27615
49,336,27357
49,337,26356
49,338,25174
49,339,23798
49,340,22430
49,341,21192
49,342,20013
49,343,19244
49,344,18190
49,345,17369
49,346,16323
49,347,15680
49,348,15087
49,349,14395
49,350,13433
49,351,12327
49,352,11457
49,353,10377
49,354,9381
49,355,8346
49,356,7491
49,357,7112
49,358,6379
49,359,6211
49,360,5778
49,361,5378
49,362,5151
49,363,4837
49,364,4711
49,365,4579
49,366,4300
49,367,4002
49,368,3764
49,369,3442
49,370,3098
49,371,2596
49,372,2136
49,373,1625
49,374,1274
49,375,1004
49,376,724
49,377,600
49,378,449
49,379,388
49,380,346
49,381,308
49,382,295
49,383,250
49,384,217
49,385,226
49,386,182
49,387,200
49,388,158
49,389,138
49,390,135
49,391,114
49,392,133
49,393,111
49,394,109
49,395,144
49,396,126
49,397,107
49,398,89
49,399,94
49,400,82
49,401,61
49,402,90
49,403,67
49,404,60
49,405,60
49,406,63
49,407,43
49,408,58
49,409,24
49,410,27
49,411,26
49,412,29
49,413,24
49,414,31
49,415,20
49,416,24
49,417,12
49,418,25
49,419,19
49,420,18
49,421,17
49,422,15
49,423,17
49,424,20
49,425,17
49,426,26
49,427,22
49,428,23
49,429,20
49,430,20
49,431,37
49,432,30
49,433,24
49,434,21
49,435,28
49,436,40
49,437,28
49,438,30
49,439,36
49,440,26
49,441,24
49,442,26
49,443,19
49,444,21
49,445,32
49,446,21
49,447,14
49,448,13
49,449,11
49,450,12
49,451,15
49,452,12
49,453,16
49,454,17
49,455,13
49,456,19
49,457,15
49,458,12
49,459,9
49,460,5
49,461,5
49,462,1
49,463,4
50,307,1
50,308,6
50,309,33
50,310,71
50,311,110
50,312,159
50,313,205
50,314,315
50,315,468
50,316,689
50,317,905
50,318,1202
50,319,1593
50,320,2097
50,321,2801
50,322,3663
50,323,4934
50,324,6149
50,325,8030
50,326,9603
50,327,11792
50,328,13986
50,329,16118
50,330,18415
50,331,21017
50,332,23051
50,333,25227
50,334,27542
50,335,29086
50,336,30010
50,337,29937
50,338,28355
50,339,26606
50,340,24649
50,341,22855
50,342,21262
50,343,20243
50,344,19431
50,345,18406
50,346,17752
50,347,17166
50,348,16033
50,349,14894
50,350,13851
50,351,12947
50,352,11789
50,353,10988
50,354,10099
50,355,9365
50,356,9278
50,357,8511
50,358,8035
50,359,7534
50,360,6856
50,361,6391
50,362,6026
50,363,5875
50,364,5713
50,365,5600
50,366,5250
50,367,5296
50,368,5169
50,369,5022
50,370,4581
50,371,4189
50,372,3286
50,373,2705
50,374,2046
50,375,1501
50,376,1057
50,377,854
50,378,711
50,379,601
50,380,516
50,381,427
50,382,366
50,383,321
50,384,258
50,385,248
50,386,245
50,387,232
50,388,206
50,389,172
50,390,156
50,391,141
50,392,135
50,393,115
50,394,123
50,395,111
50,396,94
50,397,91
50,398,79
50,399,76
50,400,75
50,401,77
50,402,62
50,403,61
50,404,51
50,405,61
50,406,44
50,407,48
50,408,55
50,409,41
50,410,34
50,411,31
50,412,46
50,413,38
50,414,29
50,415,30
50,416,22
50,417,31
50,418,25
50,419,33
50,420,15
50,421,17
50,422,10
50,423,17
50,424,12
50,425,14
50,426,14
50,427,13
50,428,16
50,429,19
50,430,14
50,431,11
50,432,10
50,433,15
50,434,12
50,435,5
50,436,15
50,437,9
50,438,21
50,439,19
50,440,14
50,441,18
50,442,10
50,443,14
50,444,14
50,445,10
50,446,18
50,447,19
50,448,12
50,449,19
50,450,21
50,451,22
50,452,17
50,453,20
50,454,19
50,455,16
50,456,17
50,457,16
50,458,13
50,459,11
50,460,4
50,461,6
50,462,4
50,463,4
50,464,2
50,465,1
51,308,1
51,309,12
51,310,17
51,311,16
51,312,29
51,313,39
51,314,87
51,315,126
51,316,197
51,317,267
51,318,406
51,319,590
51,320,882
51,321,1359
51,322,1966
51,323,2798
51,324,3831
51,325,5264
51,326,6750
51,327,8783
51,328,10892
51,329,13675
51,330,16260
51,331,19013
51,332,21601
51,333,23513
51,334,26122
51,335,28356
51,336,30177
51,337,30540
51,338,29716
51,339,28157
51,340,26946
51,341,25655
51,342,23117
51,343,21556
51,344,20271
51,345,19821
51,346,18979
51,347,17820
51,348,17004
51,349,15971
51,350,15046
51,351,13953
51,352,13345
51,353,12840
51,354,12451
51,355,12261
51,356,11285
51,357,10719
51,358,10117
51,359,9242
51,360,8562
51,361,8051
51,362,7551
51,363,7158
51,364,6760
51,365,6171
51,366,6277
51,367,6263
51,368,5922
51,369,5816
51,370,5638
51,371,5356
51,372,4921
51,373,4278
51,374,3243
51,375,2403
51,376,1736
51,377,1298
51,378,1005
51,379,778
51,380,650
51,381,571
51,382,491
51,383,418
51,384,358
51,385,299
51,386,309
51,387,316
51,388,263
51,389,230
51,390,223
51,391,192
51,392,169
51,393,171
51,394,159
51,395,125
51,396,133
51,397,99
51,398,94
51,399,91
51,400,90
51,401,92
51,402,75
51,403,75
51,404,62
51,405,55
51,406,48
51,407,51
51,408,59
51,409,62
51,410,57
51,411,48
51,412,39
51,413,56
51,414,49
51,415,41
51,416,32
51,417,39
51,418,29
51,419,29
51,420,25
51,421,28
51,422,22
51,423,13
51,424,24
51,425,20
51,426,15
51,427,13
51,428,5
51,429,12
51,430,16
51,431,9
51,432,12
51,433,16
51,434,7
51,435,4
51,436,10
51,437,2
51,438,8
51,439,9
51,440,7
51,441,8
51,442,10
51,443,8
51,444,9
51,445,7
51,446,11
51,447,12
51,448,11
51,449,20
51,450,13
51,451,7
51,452,16
51,453,18
51,454,17
51,455,16
51,456,11
51,457,14
51,458,9
51,459,7
51,460,5
51,461,4
51,462,2
51,463,1
51,464,3
51,465,1
51,466,1
51,469,1
52,309,2
52,310,1
52,311,1
52,312,4
52,313,7
52,314,13
52,315,28
52,316,38
52,317,67
52,318,120
52,319,217
52,320,418
52,321,619
52,322,1043
52,323,1498
52,324,2315
52,325,3196
52,326,4518
52,327,5916
52,328,7953
52,329,10281
52,330,12881
52,331,15781
52,332,18309
52,333,20815
52,334,22626
52,335,25012
52,336,26888
52,337,28514
52,338,29209
52,339,28802
52,340,28263
52,341,26674
52,342,25048
52,343,22835
52,344,20889
52,345,19413
52,346,18152
52,347,17184
52,348,16285
52,349,15791
52,350,15188
52,351,15210
52,352,15214
52,353,14966
52,354,14569
52,355,13832
52,356,13153
52,357,12477
52,358,11653
52,359,10945
52,360,10322
52,361,9710
52,362,9176
52,363,8111
52,364,7517
52,365,7211
52,366,7080
52,367,6603
52,368,6542
52,369,6275
52,370,6278
52,371,6190
52,372,6023
52,373,5553
52,374,4729
52,375,3740
52,376,2832
52,377,2179
52,378,1628
52,379,1280
52,380,975
52,381,802
52,382,699
52,383,584
52,384,527
52,385,489
52,386,416
52,387,354
52,388,332
52,389,312
52,390,301
52,391,253
52,392,262
52,393,236
52,394,202
52,395,204
52,396,169
52,397,157
52,398,143
52,399,129
52,400,153
52,401,123
52,402,102
52,403,97
52,404,106
52,405,80
52,406,73
52,407,82
52,408,75
52,409,68
52,410,63
52,411,60
52,412,51
52,413,56
52,414,46
52,415,42
52,416,52
52,417,52
52,418,44
52,419,41
52,420,47
52,421,44
52,422,30
52,423,26
52,424,30
52,425,25
52,426,23
52,427,17
52,428,24
52,429,19
52,430,17
52,431,12
52,432,13
52,433,11
52,434,7
52,435,12
52,436,16
52,437,13
52,438,6
52,439,14
52,440,9
52,441,6
52,442,7
52,443,8
52,444,3
52,445,7
52,446,5
52,447,5
52,448,11
52,449,9
52,450,8
52,451,4
52,452,14
52,453,8
52,454,12
52,455,8
52,456,9
52,457,5
52,458,5
52,459,3
52,460,4
52,461,6
52,462,6
52,463,2
52,464,3
52,466,1
52,467,1
52,472,1
53,313,1
53,314,1
53,315,3
53,316,4
53,317,15
53,318,40
53,319,83
53,320,129
53,321,263
53,322,469
53,323,739
53,324,1179
53,325,1732
53,326,2603
53,327,3559
53,328,4923
53,329,6529
53,330,8521
53,331,10811
53,332,13338
53,333,15613
53,334,17890
53,335,19817
53,336,21834
53,337,23678
53,338,24960
53,339,26410
53,340,26744
53,341,27052
53,342,25943
53,343,23844
53,344,21702
53,345,19124
53,346,16845
53,347,15305
53,348,14680
53,349,14434
53,350,14814
53,351,15325
53,352,15267
53,353,15211
53,354,14710
53,355,14020
53,356,13538
53,357,13017
53,358,12468
53,359,11910
53,360,11263
53,361,10413
53,362,9536
53,363,9088
53,364,8679
53,365,8276
53,366,7686
53,367,7307
53,368,6825
53,369,6601
53,370,6511
53,371,6324
53,372,5974
53,373,5635
53,374,5312
53,375,4908
53,376,4362
53,377,3694
53,378,2833
53,379,2337
53,380,1785
53,381,1473
53,382,1103
53,383,959
53,384,770
53,385,771
53,386,608
53,387,528
53,388,450
53,389,421
53,390,396
53,391,372
53,392,328
53,393,332
53,394,314
53,395,280
53,396,248
53,397,217
53,398,220
53,399,180
53,400,169
53,401,153
53,402,175
53,403,119
53,404,133
53,405,125
53,406,116
53,407,111
53,408,97
53,409,109
53,410,107
53,411,87
53,412,93
53,413,72
53,414,77
53,415,66
53,416,44
53,417,62
53,418,51
53,419,58
53,420,51
53,421,45
53,422,44
53,423,45
53,424,44
53,425,30
53,426,31
53,427,31
53,428,31
53,429,20
53,430,17
53,431,27
53,432,24
53,433,11
53,434,18
53,435,17
53,436,21
53,437,13
53,438,13
53,439,12
53,440,14
53,441,12
53,442,14
53,443,8
53,444,11
53,445,12
53,446,12
53,447,5
53,448,12
53,449,9
53,450,11
53,451,3
53,452,3
53,453,6
53,454,7
53,455,3
53,456,4
53,457,2
53,458,8
53,459,7
53,460,2
53,461,3
53,462,2
53,464,2
53,465,1
53,466,1
53,467,1
53,469,2
53,477,1
54,316,2
54,317,1
54,318,2
54,319,26
54,320,31
54,321,89
54,322,156
54,323,300
54,324,510
54,325,777
54,326,1190
54,327,1769
54,328,2508
54,329,3451
54,330,4637
54,331,6032
54,332,7719
54,333,9402
54,334,11323
54,335,13200
54,336,15159
54,337,16892
54,338,18900
54,339,20410
54,340,21770
54,341,22817
54,342,23213
54,343,23029
54,344,21620
54,345,19936
54,346,18657
54,347,17150
54,348,15800
54,349,14863
54,350,14458
54,351,14026
54,352,13766
54,353,13392
54,354,13108
54,355,12849
54,356,12631
54,357,12302
54,358,12051
54,359,11590
54,360,10983
54,361,10218
54,362,9996
54,363,9598
54,364,9279
54,365,8686
54,366,8000
54,367,7408
54,368,6858
54,369,6568
54,370,6036
54,371,5660
54,372,5235
54,373,5147
54,374,5069
54,375,5008
54,376,4932
54,377,4778
54,378,4324
54,379,3869
54,380,3304
54,381,2798
54,382,2192
54,383,1766
54,384,1553
54,385,1264
54,386,1068
54,387,947
54,388,778
54,389,624
54,390,609
54,391,524
54,392,483
54,393,454
54,394,404
54,395,391
54,396,359
54,397,336
54,398,326
54,399,255
54,400,252
54,401,225
54,402,233
54,403,191
54,404,226
54,405,190
54,406,176
54,407,178
54,408,166
54,409,150
54,410,161
54,411,140
54,412,130
54,413,92
54,414,91
54,415,99
54,416,103
54,417,75
54,418,80
54,419,86
54,420,72
54,421,56
54,422,68
54,423,56
54,424,53
54,425,51
54,426,41
54,427,50
54,428,43
54,429,38
54,430,46
54,431,27
54,432,30
54,433,27
54,434,27
54,435,29
54,436,28
54,437,19
54,438,32
54,439,26
54,440,19
54,441,17
54,442,15
54,443,20
54,444,12
54,445,11
54,446,11
54,447,10
54,448,17
54,449,15
54,450,10
54,451,5
54,452,10
54,453,4
54,454,4
54,455,5
54,456,4
54,457,2
54,458,2
54,459,4
54,460,1
54,461,1
54,462,3
54,463,2
54,464,1
54,465,2
54,466,1
54,467,1
54,472,1
55,320,11
55,321,18
55,322,47
55,323,86
55,324,160
55,325,273
55,326,425
55,327,674
55,328,1027
55,329,1498
55,330,2067
55,331,2776
55,332,3529
55,333,4534
55,334,5591
55,335,6768
55,336,8056
55,337,9535
55,338,11411
55,339,12845
55,340,14327
55,341,15314
55,342,16074
55,343,16822
55,344,17003
55,345,17294
55,346,17364
55,347,17551
55,348,17663
55,349,17197
55,350,16686
55,351,15485
55,352,14484
55,353,13926
55,354,12963
55,355,12444
55,356,11892
55,357,11544
55,358,11156
55,359,10702
55,360,10338
55,361,10002
55,362,9668
55,363,9316
55,364,8819
55,365,8268
55,366,7749
55,367,7065
55,368,6587
55,369,6176
55,370,5506
55,371,5062
55,372,4833
55,373,4680
55,374,4403
55,375,4417
55,376,4402
55,377,4463
55,378,4355
55,379,4409
55,380,4198
55,381,4081
55,382,3757
55,383,3320
55,384,2922
55,385,2501
55,386,2025
55,387,1772
55,388,1455
55,389,1221
55,390,1063
55,391,882
55,392,848
55,393,750
55,394,698
55,395,655
55,396,592
55,397,502
55,398,449
55,399,457
55,400,408
55,401,343
55,402,374
55,403,329
55,404,300
55,405,284
55,406,297
55,407,286
55,408,263
55,409,232
55,410,221
55,411,200
55,412,198
55,413,172
55,414,149
55,415,159
55,416,152
55,417,155
55,418,127
55,419,99
55,420,112
55,421,96
55,422,95
55,423,94
55,424,76
55,425,71
55,426,82
55,427,66
55,428,65
55,429,78
55,430,65
55,431,52
55,432,43
55,433,38
55,434,38
55,435,29
55,436,43
55,437,35
55,438,23
55,439,31
55,440,30
55,441,23
55,442,24
55,443,22
55,444,22
55,445,15
55,446,18
55,447,15
55,448,17
55,449,13
55,450,15
55,451,14
55,452,13
55,453,9
55,454,5
55,455,10
55,456,6
55,457,6
55,458,5
55,459,4
55,460,3
55,461,3
55,463,2
55,464,3
55,467,1
55,468,1
55,469,1
55,471,1
55,472,1
56,321,5
56,322,10
56,323,16
56,324,40
56,325,68
56,326,128
56,327,209
56,328,343
56,329,512
56,330,739
56,331,1024
56,332,1274
56,333,1770
56,334,2101
56,335,2793
56,336,3413
56,337,4248
56,338,5072
56,339,5931
56,340,6833
56,341,7503
56,342,8268
56,343,8837
56,344,9679
56,345,10262
56,346,10891
56,347,11670
56,348,12320
56,349,12656
56,350,12973
56,351,12920
56,352,12792
56,353,12667
56,354,12460
56,355,12698
56,356,12220
56,357,12160
56,358,11634
56,359,11437
56,360,11058
56,361,10582
56,362,10011
56,363,9580
56,364,9035
56,365,8412
56,366,7690
56,367,7007
56,368,6467
56,369,5890
56,370,5378
56,371,4930
56,372,4596
56,373,4256
56,374,3975
56,375,3744
56,376,3486
56,377,3532
56,378,3457
56,379,3538
56,380,3537
56,381,3486
56,382,3593
56,383,3460
56,384,3448
56,385,3191
56,386,3012
56,387,2691
56,388,2504
56,389,2255
56,390,2073
56,391,1892
56,392,1625
56,393,1459
56,394,1356
56,395,1227
56,396,1102
56,397,1069
56,398,924
56,399,885
56,400,807
56,401,762
56,402,714
56,403,675
56,404,567
56,405,521
56,406,485
56,407,428
56,408,413
56,409,359
56,410,352
56,411,295
56,412,311
56,413,300
56,414,261
56,415,256
56,416,232
56,417,253
56,418,221
56,419,184
56,420,173
56,421,164
56,422,144
56,423,164
56,424,130
56,425,122
56,426,115
56,427,107
56,428,109
56,429,95
56,430,84
56,431,82
56,432,66
56,433,70
56,434,51
56,435,46
56,436,42
56,437,58
56,438,46
56,439,49
56,440,40
56,441,31
56,442,32
56,443,31
56,444,24
56,445,26
56,446,14
56,447,18
56,448,17
56,449,15
56,450,17
56,451,15
56,452,9
56,453,13
56,454,8
56,455,11
56,456,12
56,457,4
56,458,10
56,459,9
56,460,4
56,461,1
56,462,2
56,463,2
56,464,2
56,465,3
56,466,3
56,467,2
56,468,2
56,469,1
56,470,1
56,471,1
56,472,1
56,474,1
57,322,2
57,323,1
57,324,6
57,325,11
57,326,34
57,327,45
57,328,94
57,329,123
57,330,212
57,331,278
57,332,369
57,333,530
57,334,665
57,335,946
57,336,1144
57,337,1478
57,338,1806
57,339,2143
57,340,2540
57,341,2744
57,342,3254
57,343,3567
57,344,4090
57,345,4422
57,346,5042
57,347,5422
57,348,5924
57,349,6241
57,350,6693
57,351,6968
57,352,7259
57,353,7685
57,354,7870
57,355,8322
57,356,8454
57,357,8512
57,358,8771
57,359,8921
57,360,8796
57,361,8629
57,362,8476
57,363,8355
57,364,7716
57,365,7253
57,366,7037
57,367,6622
57,368,6098
57,369,5632
57,370,5250
57,371,4851
57,372,4533
57,373,4066
57,374,3729
57,375,3539
57,376,3259
57,377,2954
57,378,2857
57,379,2842
57,380,2737
57,381,2583
57,382,2610
57,383,2531
57,384,2505
57,385,2477
57,386,2452
57,387,2409
57,388,2307
57,389,2313
57,390,2166
57,391,2135
57,392,2061
57,393,1862
57,394,1876
57,395,1851
57,396,1799
57,397,1597
57,398,1630
57,399,1497
57,400,1439
57,401,1341
57,402,1267
57,403,1126
57,404,1128
57,405,953
57,406,854
57,407,856
57,408,754
57,409,695
57,410,644
57,411,585
57,412,520
57,413,518
57,414,495
57,415,462
57,416,375
57,417,352
57,418,318
57,419,341
57,420,273
57,421,258
57,422,247
57,423,248
57,424,207
57,425,201
57,426,172
57,427,176
57,428,179
57,429,130
57,430,136
57,431,137
57,432,114
57,433,87
57,434,88
57,435,84
57,436,71
57,437,58
57,438,57
57,439,64
57,440,49
57,441,42
57,442,42
57,443,48
57,444,42
57,445,35
57,446,30
57,447,29
57,448,21
57,449,23
57,450,20
57,451,13
57,452,19
57,453,17
57,454,13
57,455,13
57,456,8
57,457,5
57,458,10
57,459,6
57,460,9
57,461,4
57,462,3
57,463,7
57,464,7
57,465,4
57,466,5
57,467,4
57,468,2
57,469,1
57,470,1
57,471,5
57,474,1
57,477,1
57,478,1
57,479,2
57,481,2
57,486,1
57,492,1
57,496,1
58,325,2
58,326,5
58,327,9
58,328,14
58,329,26
58,330,37
58,331,60
58,332,85
58,333,136
58,334,180
58,335,251
58,336,335
58,337,440
58,338,523
58,339,654
58,340,780
58,341,876
58,342,1077
58,343,1178
58,344,1460
58,345,1606
58,346,1799
58,347,2070
58,348,2213
58,349,2528
58,350,2684
58,351,2906
58,352,3161
58,353,3403
58,354,3687
58,355,3907
58,356,4099
58,357,4368
58,358,4561
58,359,4649
58,360,4773
58,361,4994
58,362,4821
58,363,4976
58,364,4885
58,365,4837
58,366,4679
58,367,4429
58,368,4299
58,369,4162
58,370,4011
58,371,3696
58,372,3457
58,373,3250
58,374,3177
58,375,2907
58,376,2697
58,377,2501
58,378,2400
58,379,2305
58,380,2129
58,381,2040
58,382,2024
58,383,1858
58,384,1855
58,385,1770
58,386,1704
58,387,1727
58,388,1667
58,389,1727
58,390,1632
58,391,1622
58,392,1614
58,393,1620
58,394,1542
58,395,1580
58,396,1552
58,397,1531
58,398,1561
58,399,1444
58,400,1442
58,401,1370
58,402,1360
58,403,1290
58,404,1234
58,405,1188
58,406,1104
58,407,1068
58,408,972
58,409,922
58,410,881
58,411,863
58,412,806
58,413,752
58,414,669
58,415,633
58,416,611
58,417,562
58,418,477
58,419,458
58,420,454
58,421,448
58,422,391
58,423,382
58,424,322
58,425,315
58,426,298
58,427,264
58,428,254
58,429,242
58,430,220
58,431,188
58,432,211
58,433,168
58,434,159
58,435,146
58,436,140
58,437,128
58,438,115
58,439,102
58,440,96
58,441,77
58,442,80
58,443,69
58,444,75
58,445,65
58,446,43
58,447,50
58,448,56
58,449,44
58,450,35
58,451,51
58,452,36
58,453,37
58,454,36
58,455,21
58,456,28
58,457,18
58,458,19
58,459,19
58,460,14
58,461,17
58,462,6
58,463,11
58,464,7
58,465,18
58,466,12
58,467,6
58,468,8
58,469,10
58,470,9
58,471,9
58,472,12
58,473,4
58,474,6
58,475,5
58,476,6
58,477,7
58,478,8
58,479,9
58,480,3
58,482,2
58,483,2
58,484,2
58,485,7
58,486,2
58,487,3
58,489,1
58,490,3
58,491,2
58,492,2
58,494,1
58,495,3
58,496,2
58,497,1
58,499,1
58,500,1
58,501,1
58,502,1
58,503,3
58,504,1
58,506,1
58,507,1
58,509,1
58,511,1
58,513,1
59,327,2
59,329,4
59,331,10
59,332,17
59,333,31
59,334,38
59,335,62
59,336,85
59,337,124
59,338,143
59,339,185
59,340,248
59,341,276
59,342,367
59,343,386
59,344,470
59,345,566
59,346,629
59,347,744
59,348,813
59,349,934
59,350,995
59,351,1148
59,352,1271
59,353,1400
59,354,1561
59,355,1688
59,356,1856
59,357,2022
59,358,2145
59,359,2371
59,360,2386
59,361,2543
59,362,2677
59,363,2736
59,364,2751
59,365,2792
59,366,2818
59,367,2761
59,368,2780
59,369,2760
59,370,2661
59,371,2541
59,372,2555
59,373,2467
59,374,2423
59,375,2260
59,376,2205
59,377,2100
59,378,2084
59,379,1928
59,380,1934
59,381,1785
59,382,1695
59,383,1669
59,384,1582
59,385,1575
59,386,1514
59,387,1443
59,388,1418
59,389,1385
59,390,1243
59,391,1372
59,392,1334
59,393,1366
59,394,1324
59,395,1329
59,396,1331
59,397,1364
59,398,1343
59,399,1345
59,400,1326
59,401,1314
59,402,1302
59,403,1343
59,404,1263
59,405,1270
59,406,1235
59,407,1230
59,408,1200
59,409,1182
59,410,1082
59,411,1034
59,412,1000
59,413,988
59,414,872
59,415,956
59,416,860
59,417,849
59,418,821
59,419,752
59,420,741
59,421,656
59,422,642
59,423,677
59,424,644
59,425,611
59,426,559
59,427,542
59,428,498
59,429,471
59,430,468
59,431,405
59,432,427
59,433,403
59,434,360
59,435,342
59,436,369
59,437,326
59,438,309
59,439,327
59,440,261
59,441,238
59,442,230
59,443,234
59,444,208
59,445,236
59,446,218
59,447,175
59,448,152
59,449,161
59,450,150
59,451,160
59,452,155
59,453,131
59,454,124
59,455,122
59,456,102
59,457,129
59,458,101
59,459,122
59,460,98
59,461,86
59,462,82
59,463,72
59,464,63
59,465,69
59,466,72
59,467,55
59,468,47
59,469,54
59,470,44
59,471,41
59,472,41
59,473,51
59,474,52
59,475,48
59,476,43
59,477,40
59,478,49
59,479,41
59,480,38
59,481,28
59,482,19
59,483,27
59,484,12
59,485,21
59,486,15
59,487,19
59,488,12
59,489,15
59,490,13
59,491,15
59,492,16
59,493,11
59,494,14
59,495,12
59,496,8
59,497,12
59,498,7
59,499,6
59,500,2
59,501,3
59,502,5
59,503,3
59,504,3
59,505,2
59,506,1
59,507,2
59,508,1
59,509,1
59,510,1
59,511,4
59,512,1
59,514,1
59,521,1
60,332,2
60,333,8
60,334,6
60,335,16
60,336,25
60,337,41
60,338,52
60,339,56
60,340,90
60,341,97
60,342,142
60,343,151
60,344,172
60,345,226
60,346,262
60,347,329
60,348,343
60,349,425
60,350,465
60,351,570
60,352,636
60,353,761
60,354,816
60,355,1039
60,356,1148
60,357,1399
60,358,1496
60,359,1698
60,360,1918
60,361,2010
60,362,2217
60,363,2259
60,364,2524
60,365,2519
60,366,2716
60,367,2735
60,368,2907
60,369,2933
60,370,3050
60,371,3024
60,372,3174
60,373,3205
60,374,3170
60,375,3147
60,376,3187
60,377,3257
60,378,3199
60,379,3175
60,380,3073
60,381,3039
60,382,3038
60,383,3001
60,384,2846
60,385,2769
60,386,2737
60,387,2774
60,388,2510
60,389,2488
60,390,2370
60,391,2543
60,392,2458
60,393,2375
60,394,2282
60,395,2458
60,396,2304
60,397,2318
60,398,2261
60,399,2384
60,400,2380
60,401,2364
60,402,2347
60,403,2371
60,404,2349
60,405,2357
60,406,2438
60,407,2364
60,408,2377
60,409,2202
60,410,2260
60,411,2156
60,412,2205
60,413,2140
60,414,2147
60,415,2043
60,416,2077
60,417,1942
60,418,1925
60,419,1912
60,420,1796
60,421,1822
60,422,1827
60,423,1672
60,424,1626
60,425,1529
60,426,1595
60,427,1465
60,428,1416
60,429,1318
60,430,1336
60,431,1276
60,432,1210
60,433,1092
60,434,1102
60,435,1118
60,436,1053
60,437,1000
60,438,911
60,439,876
60,440,835
60,441,762
60,442,815
60,443,756
60,444,729
60,445,718
60,446,589
60,447,615
60,448,589
60,449,563
60,450,523
60,451,495
60,452,464
60,453,462
60,454,414
60,455,415
60,456,361
60,457,378
60,458,351
60,459,325
60,460,282
60,461,261
60,462,241
60,463,249
60,464,239
60,465,238
60,466,198
60,467,200
60,468,195
60,469,178
60,470,153
60,471,188
60,472,172
60,473,135
60,474,141
60,475,127
60,476,123
60,477,126
60,478,122
60,479,109
60,480,97
60,481,95
60,482,95
60,483,80
60,484,65
60,485,75
60,486,75
60,487,67
60,488,56
60,489,59
60,490,41
60,491,39
60,492,42
60,493,40
60,494,36
60,495,31
60,496,33
60,497,22
60,498,21
60,499,32
60,500,23
60,501,22
60,502,11
60,503,9
60,504,11
60,505,9
60,506,6
60,507,5
60,508,7
60,509,5
60,510,1
60,511,4
60,512,6
60,513,3
60,514,1
60,515,1
60,516,3
60,518,1
60,519,1
60,521,2
60,522,2
60,527,1
61,333,1
61,334,1
61,335,2
61,336,9
61,337,14
61,338,17
61,339,15
61,340,33
61,341,40
61,342,51
61,343,55
61,344,65
61,345,103
61,346,126
61,347,161
61,348,157
61,349,235
61,350,267
61,351,375
61,352,397
61,353,544
61,354,709
61,355,941
61,356,1124
61,357,1404
61,358,1700
61,359,2058
61,360,2455
61,361,2736
61,362,3247
61,363,3560
61,364,4088
61,365,4359
61,366,4777
61,367,5180
61,368,5609
61,369,5903
61,370,6348
61,371,6601
61,372,7003
61,373,7197
61,374,7501
61,375,7796
61,376,8155
61,377,8301
61,378,8327
61,379,8262
61,380,8370
61,381,8285
61,382,8092
61,383,7918
61,384,7621
61,385,7593
61,386,7189
61,387,6809
61,388,6334
61,389,6119
61,390,5862
61,391,5459
61,392,5134
61,393,4736
61,394,4624
61,395,4370
61,396,4189
61,397,3938
61,398,3826
61,399,3875
61,400,3613
61,401,3513
61,402,3486
61,403,3482
61,404,3631
61,405,3587
61,406,3637
61,407,3575
61,408,3702
61,409,3725
61,410,3821
61,411,3821
61,412,3799
61,413,3705
61,414,3717
61,415,3571
61,416,3451
61,417,3316
61,418,3232
61,419,3012
61,420,2849
61,421,2640
61,422,2428
61,423,2140
61,424,2084
61,425,1711
61,426,1626
61,427,1394
61,428,1305
61,429,1223
61,430,1133
61,431,1032
61,432,940
61,433,940
61,434,841
61,435,830
61,436,845
61,437,784
61,438,742
61,439,720
61,440,613
61,441,658
61,442,619
61,443,608
61,444,590
61,445,522
61,446,472
61,447,432
61,448,392
61,449,345
61,450,312
61,451,324
61,452,297
61,453,296
61,454,262
61,455,245
61,456,235
61,457,205
61,458,195
61,459,151
61,460,144
61,461,162
61,462,145
61,463,127
61,464,150
61,465,119
61,466,140
61,467,144
61,468,131
61,469,138
61,470,143
61,471,147
61,472,118
61,473,109
61,474,104
61,475,117
61,476,99
61,477,105
61,478,91
61,479,78
61,480,84
61,481,91
61,482,67
61,483,65
61,484,83
61,485,84
61,486,80
61,487,80
61,488,52
61,489,64
61,490,69
61,491,67
61,492,31
61,493,49
61,494,47
61,495,47
61,496,29
61,497,31
61,498,28
61,499,34
61,500,28
61,501,18
61,502,24
61,503,15
61,504,10
61,505,9
61,506,13
61,507,16
61,508,4
61,509,10
61,510,5
61,511,6
61,512,7
61,513,2
61,514,4
61,515,7
61,516,4
61,517,2
61,518,1
61,519,3
61,520,2
61,521,1
61,522,1
61,523,2
61,524,1
62,336,1
62,337,2
62,338,4
62,339,2
62,340,8
62,341,14
62,342,15
62,343,16
62,344,20
62,345,38
62,346,48
62,347,63
62,348,66
62,349,120
62,350,146
62,351,240
62,352,301
62,353,503
62,354,659
62,355,984
62,356,1241
62,357,1753
62,358,2280
62,359,2868
62,360,3650
62,361,4356
62,362,5428
62,363,6086
62,364,7235
62,365,8061
62,366,9338
62,367,10289
62,368,11286
62,369,12193
62,370,13162
62,371,13947
62,372,14363
62,373,14832
62,374,15163
62,375,15602
62,376,15260
62,377,14949
62,378,14039
62,379,13515
62,380,12221
62,381,10652
62,382,8863
62,383,7616
62,384,6594
62,385,5493
62,386,4856
62,387,4155
62,388,4020
62,389,3929
62,390,3768
62,391,3482
62,392,3487
62,393,3251
62,394,3286
62,395,2776
62,396,2973
62,397,3061
62,398,3069
62,399,2877
62,400,2879
62,401,2867
62,402,3183
62,403,3313
62,404,3513
62,405,3758
62,406,3967
62,407,4125
62,408,4517
62,409,4626
62,410,5016
62,411,5272
62,412,5422
62,413,5122
62,414,4707
62,415,4070
62,416,3418
62,417,2646
62,418,2081
62,419,1648
62,420,1303
62,421,1065
62,422,1011
62,423,952
62,424,960
62,425,959
62,426,946
62,427,1029
62,428,908
62,429,935
62,430,882
62,431,893
62,432,856
62,433,869
62,434,811
62,435,794
62,436,753
62,437,764
62,438,732
62,439,693
62,440,738
62,441,681
62,442,632
62,443,575
62,444,598
62,445,526
62,446,405
62,447,408
62,448,365
62,449,327
62,450,293
62,451,257
62,452,224
62,453,212
62,454,234
62,455,197
62,456,193
62,457,167
62,458,173
62,459,171
62,460,158
62,461,165
62,462,133
62,463,150
62,464,153
62,465,147
62,466,140
62,467,143
62,468,152
62,469,137
62,470,157
62,471,146
62,472,161
62,473,125
62,474,122
62,475,152
62,476,110
62,477,110
62,478,108
62,479,103
62,480,107
62,481,87
62,482,84
62,483,85
62,484,70
62,485,71
62,486,75
62,487,87
62,488,86
62,489,72
62,490,73
62,491,61
62,492,85
62,493,74
62,494,61
62,495,57
62,496,48
62,497,35
62,498,41
62,499,37
62,500,35
62,501,30
62,502,29
62,503,26
62,504,19
62,505,18
62,506,18
62,507,17
62,508,14
62,509,10
62,510,9
62,511,9
62,512,9
62,513,6
62,514,6
62,515,1
62,516,2
62,517,7
62,518,5
62,520,1
62,521,2
62,522,2
62,523,1
62,524,1
62,525,2
62,526,2
63,341,2
63,342,2
63,343,2
63,344,4
63,345,8
63,346,11
63,347,15
63,348,17
63,349,50
63,350,79
63,351,159
63,352,242
63,353,404
63,354,627
63,355,956
63,356,1439
63,357,2047
63,358,2831
63,359,3847
63,360,5009
63,361,6314
63,362,7679
63,363,9449
63,364,11145
63,365,13321
63,366,14876
63,367,16472
63,368,17722
63,369,18790
63,370,19642
63,371,20107
63,372,20779
63,373,21072
63,374,21240
63,375,19780
63,376,17378
63,377,13946
63,378,11416
63,379,9728
63,380,8679
63,381,8183
63,382,8009
63,383,7510
63,384,7284
63,385,6664
63,386,6602
63,387,6648
63,388,6718
63,389,6383
63,390,6125
63,391,5612
63,392,5453
63,393,4906
63,394,4841
63,395,4833
63,396,4897
63,397,4439
63,398,3997
63,399,3655
63,400,3909
63,401,4002
63,402,4196
63,403,4388
63,404,4651
63,405,4868
63,406,5036
63,407,5358
63,408,6123
63,409,6891
63,410,7565
63,411,7355
63,412,6515
63,413,5089
63,414,3713
63,415,2704
63,416,2030
63,417,1652
63,418,1429
63,419,1195
63,420,1055
63,421,1032
63,422,1031
63,423,1019
63,424,1027
63,425,1067
63,426,1090
63,427,1119
63,428,1092
63,429,968
63,430,985
63,431,855
63,432,835
63,433,778
63,434,802
63,435,799
63,436,722
63,437,767
63,438,783
63,439,752
63,440,778
63,441,770
63,442,756
63,443,694
63,444,593
63,445,520
63,446,499
63,447,448
63,448,432
63,449,391
63,450,321
63,451,293
63,452,257
63,453,247
63,454,241
63,455,201
63,456,206
63,457,177
63,458,173
63,459,163
63,460,151
63,461,150
63,462,146
63,463,157
63,464,151
63,465,143
63,466,132
63,467,138
63,468,133
63,469,135
63,470,133
63,471,137
63,472,146
63,473,151
63,474,149
63,475,127
63,476,135
63,477,109
63,478,111
63,479,122
63,480,84
63,481,97
63,482,98
63,483,92
63,484,82
63,485,81
63,486,92
63,487,78
63,488,90
63,489,88
63,490,92
63,491,72
63,492,77
63,493,64
63,494,68
63,495,58
63,496,57
63,497,52
63,498,43
63,499,54
63,500,36
63,501,42
63,502,43
63,503,31
63,504,29
63,505,24
63,506,29
63,507,21
63,508,14
63,509,14
63,510,13
63,511,10
63,512,12
63,513,7
63,514,12
63,515,6
63,516,9
63,517,10
63,518,5
63,519,7
63,520,3
63,521,2
63,522,1
63,523,3
63,524,3
63,525,1
63,527,1
63,528,1
63,529,1
63,530,1
63,531,1
63,535,1
64,345,1
64,346,1
64,347,1
64,348,6
64,349,17
64,350,53
64,351,79
64,352,180
64,353,279
64,354,538
64,355,847
64,356,1353
64,357,2191
64,358,3052
64,359,4489
64,360,5620
64,361,7551
64,362,9624
64,363,12168
64,364,14858
64,365,17140
64,366,19228
64,367,20837
64,368,22319
64,369,23868
64,370,25104
64,371,25958
64,372,26748
64,373,25651
64,374,22074
64,375,18003
64,376,15968
64,377,15048
64,378,14350
64,379,13850
64,380,13492
64,381,12917
64,382,12801
64,383,12161
64,384,11959
64,385,11990
64,386,12171
64,387,12082
64,388,11400
64,389,10390
64,390,9980
64,391,9270
64,392,8887
64,393,9055
64,394,8890
64,395,8055
64,396,7108
64,397,6365
64,398,5955
64,399,6058
64,400,6083
64,401,5937
64,402,5885
64,403,5771
64,404,5488
64,405,5644
64,406,6351
64,407,7434
64,408,8408
64,409,9077
64,410,9263
64,411,8431
64,412,6506
64,413,4671
64,414,3313
64,415,2816
64,416,2475
64,417,2002
64,418,1641
64,419,1378
64,420,1161
64,421,1174
64,422,1144
64,423,1136
64,424,1137
64,425,1191
64,426,1117
64,427,1147
64,428,1126
64,429,1036
64,430,1027
64,431,911
64,432,888
64,433,873
64,434,815
64,435,755
64,436,799
64,437,784
64,438,806
64,439,761
64,440,827
64,441,885
64,442,824
64,443,677
64,444,685
64,445,623
64,446,622
64,447,532
64,448,554
64,449,487
64,450,442
64,451,378
64,452,369
64,453,330
64,454,289
64,455,256
64,456,245
64,457,227
64,458,219
64,459,196
64,460,152
64,461,174
64,462,157
64,463,139
64,464,149
64,465,128
64,466,132
64,467,122
64,468,126
64,469,110
64,470,110
64,471,110
64,472,113
64,473,130
64,474,107
64,475,100
64,476,96
64,477,132
64,478,97
64,479,102
64,480,100
64,481,96
64,482,83
64,483,93
64,484,85
64,485,111
64,486,84
64,487,81
64,488,71
64,489,83
64,490,85
64,491,92
64,492,72
64,493,83
64,494,67
64,495,69
64,496,61
64,497,54
64,498,65
64,499,61
64,500,43
64,501,57
64,502,47
64,503,54
64,504,33
64,505,40
64,506,44
64,507,23
64,508,33
64,509,30
64,510,27
64,511,20
64,512,18
64,513,21
64,514,13
64,515,15
64,516,10
64,517,21
64,518,13
64,519,8
64,520,8
64,521,4
64,522,6
64,523,9
64,524,2
64,525,5
64,526,3
64,527,1
64,528,2
64,529,5
64,530,2
64,532,1
64,533,1
64,537,2
64,538,1
65,348,4
65,349,4
65,350,29
65,351,32
65,352,113
65,353,179
65,354,339
65,355,712
65,356,1067
65,357,2009
65,358,2644
65,359,3960
65,360,5456
65,361,7577
65,362,10366
65,363,12846
65,364,16283
65,365,19078
65,366,21683
65,367,23463
65,368,25580
65,369,27824
65,370,30061
65,371,31307
65,372,31308
65,373,27879
65,374,23509
65,375,21720
65,376,20839
65,377,20352
65,378,20312
65,379,19041
65,380,19071
65,381,18577
65,382,18531
65,383,18863
65,384,19182
65,385,19003
65,386,18701
65,387,17419
65,388,16393
65,389,16023
65,390,15488
65,391,15424
65,392,15001
65,393,14068
65,394,12766
65,395,11431
65,396,10376
65,397,10178
65,398,9807
65,399,9306
65,400,8822
65,401,7997
65,402,7054
65,403,6703
65,404,6745
65,405,7744
65,406,8336
65,407,8874
65,408,9167
65,409,10022
65,410,11019
65,411,10357
65,412,7617
65,413,5448
65,414,4423
65,415,3738
65,416,3133
65,417,2601
65,418,2029
65,419,1833
65,420,1679
65,421,1563
65,422,1433
65,423,1322
65,424,1169
65,425,1146
65,426,1270
65,427,1314
65,428,1260
65,429,1197
65,430,1198
65,431,1156
65,432,1035
65,433,1056
65,434,960
65,435,963
65,436,889
65,437,788
65,438,771
65,439,848
65,440,831
65,441,735
65,442,718
65,443,745
65,444,754
65,445,713
65,446,736
65,447,673
65,448,710
65,449,608
65,450,551
65,451,445
65,452,482
65,453,387
65,454,375
65,455,381
65,456,294
65,457,285
65,458,231
65,459,228
65,460,217
65,461,210
65,462,202
65,463,182
65,464,167
65,465,165
65,466,145
65,467,138
65,468,122
65,469,137
65,470,115
65,471,105
65,472,112
65,473,102
65,474,81
65,475,102
65,476,102
65,477,101
65,478,95
65,479,102
65,480,75
65,481,106
65,482,101
65,483,92
65,484,116
65,485,100
65,486,84
65,487,92
65,488,67
65,489,89
65,490,86
65,491,102
65,492,94
65,493,92
65,494,65
65,495,70
65,496,77
65,497,60
65,498,69
65,499,51
65,500,40
65,501,51
65,502,47
65,503,42
65,504,35
65,505,50
65,506,50
65,507,36
65,508,30
65,509,38
65,510,33
65,511,24
65,512,26
65,513,25
65,514,29
65,515,25
65,516,35
65,517,20
65,518,19
65,519,14
65,520,21
65,521,16
65,522,13
65,523,8
65,524,6
65,525,13
65,526,13
65,527,7
65,528,8
65,529,6
65,530,8
65,531,3
65,532,1
65,533,2
65,534,3
65,535,1
65,536,1
65,537,1
65,538,1
65,543,1
65,548,1
65,549,1
65,554,1
66,348,1
66,350,12
66,351,16
66,352,44
66,353,108
66,354,185
66,355,538
66,356,701
66,357,1311
66,358,1897
66,359,2910
66,360,4671
66,361,6259
66,362,8995
66,363,11504
66,364,15173
66,365,18945
66,366,21727
66,367,24606
66,368,26869
66,369,30213
66,370,32822
66,371,35204
66,372,35162
66,373,32435
66,374,29546
66,375,27173
66,376,26574
66,377,25101
66,378,25101
66,379,24934
66,380,25063
66,381,25458
66,382,25944
66,383,25786
66,384,25764
66,385,24689
66,386,23921
66,387,23591
66,388,22878
66,389,22761
66,390,22320
66,391,21214
66,392,19764
66,393,18331
66,394,16861
66,395,16202
66,396,15246
66,397,14366
66,398,13287
66,399,11997
66,400,10358
66,401,9419
66,402,8899
66,403,9208
66,404,9256
66,405,9386
66,406,8681
66,407,8661
66,408,9629
66,409,10725
66,410,11703
66,411,11791
66,412,9905
66,413,7641
66,414,5858
66,415,4851
66,416,3992
66,417,3418
66,418,2966
66,419,2746
66,420,2384
66,421,2007
66,422,1773
66,423,1541
66,424,1500
66,425,1588
66,426,1498
66,427,1424
66,428,1411
66,429,1489
66,430,1460
66,431,1500
66,432,1512
66,433,1504
66,434,1321
66,435,1029
66,436,979
66,437,892
66,438,846
66,439,773
66,440,729
66,441,739
66,442,678
66,443,750
66,444,783
66,445,798
66,446,768
66,447,702
66,448,691
66,449,704
66,450,678
66,451,620
66,452,579
66,453,543
66,454,531
66,455,429
66,456,368
66,457,340
66,458,336
66,459,332
66,460,305
66,461,278
66,462,289
66,463,260
66,464,235
66,465,210
66,466,202
66,467,182
66,468,165
66,469,169
66,470,157
66,471,126
66,472,114
66,473,121
66,474,111
66,475,103
66,476,99
66,477,105
66,478,104
66,479,89
66,480,102
66,481,102
66,482,113
66,483,90
66,484,87
66,485,108
66,486,88
66,487,95
66,488,97
66,489,92
66,490,83
66,491,89
66,492,81
66,493,74
66,494,83
66,495,68
66,496,81
66,497,61
66,498,67
66,499,56
66,500,57
66,501,49
66,502,45
66,503,47
66,504,41
66,505,39
66,506,43
66,507,41
66,508,32
66,509,40
66,510,34
66,511,25
66,512,27
66,513,33
66,514,35
66,515,17
66,516,23
66,517,27
66,518,25
66,519,25
66,520,29
66,521,25
66,522,27
66,523,19
66,524,20
66,525,18
66,526,17
66,527,18
66,528,11
66,529,4
66,530,13
66,531,4
66,532,10
66,533,4
66,534,7
66,535,6
66,536,9
66,537,3
66,538,4
66,539,2
66,540,2
66,541,6
66,542,1
66,544,3
66,546,3
66,547,1
66,550,2
66,551,2
66,554,1
67,350,2
67,351,7
67,352,11
67,353,71
67,354,94
67,355,246
67,356,395
67,357,670
67,358,1282
67,359,1875
67,360,3150
67,361,4559
67,362,6328
67,363,9150
67,364,11711
67,365,16094
67,366,19488
67,367,23723
67,368,26435
67,369,29509
67,370,32842
67,371,36344
67,372,39953
67,373,38886
67,374,36085
67,375,32493
67,376,31299
67,377,30261
67,378,30811
67,379,31293
67,380,31623
67,381,31863
67,382,32253
67,383,31598
67,384,31168
67,385,30825
67,386,30239
67,387,30002
67,388,29627
67,389,28541
67,390,27504
67,391,25810
67,392,24146
67,393,23218
67,394,22125
67,395,20710
67,396,18703
67,397,17009
67,398,14983
67,399,13761
67,400,12778
67,401,11998
67,402,11471
67,403,10993
67,404,9813
67,405,9132
67,406,9002
67,407,9067
67,408,9269
67,409,10241
67,410,10827
67,411,11803
67,412,11464
67,413,10358
67,414,7974
67,415,6538
67,416,5327
67,417,4835
67,418,4131
67,419,3547
67,420,2989
67,421,2463
67,422,2398
67,423,2277
67,424,2058
67,425,2013
67,426,1847
67,427,1726
67,428,1821
67,429,1976
67,430,2146
67,431,2051
67,432,1928
67,433,1698
67,434,1605
67,435,1483
67,436,1328
67,437,1052
67,438,1032
67,439,893
67,440,873
67,441,863
67,442,770
67,443,700
67,444,687
67,445,758
67,446,703
67,447,669
67,448,711
67,449,729
67,450,746
67,451,695
67,452,729
67,453,692
67,454,637
67,455,570
67,456,495
67,457,472
67,458,454
67,459,418
67,460,406
67,461,366
67,462,370
67,463,303
67,464,315
67,465,309
67,466,273
67,467,265
67,468,242
67,469,201
67,470,231
67,471,195
67,472,188
67,473,177
67,474,187
67,475,164
67,476,140
67,477,148
67,478,135
67,479,110
67,480,124
67,481,95
67,482,98
67,483,121
67,484,90
67,485,92
67,486,104
67,487,80
67,488,86
67,489,94
67,490,81
67,491,76
67,492,87
67,493,81
67,494,76
67,495,86
67,496,62
67,497,90
67,498,57
67,499,55
67,500,57
67,501,55
67,502,49
67,503,46
67,504,40
67,505,41
67,506,61
67,507,47
67,508,33
67,509,48
67,510,31
67,511,34
67,512,41
67,513,30
67,514,20
67,515,29
67,516,34
67,517,27
67,518,16
67,519,25
67,520,24
67,521,33
67,522,39
67,523,33
67,524,30
67,525,25
67,526,17
67,527,27
67,528,25
67,529,26
67,530,12
67,531,20
67,532,16
67,533,17
67,534,19
67,535,11
67,536,17
67,537,8
67,538,11
67,539,14
67,540,7
67,541,14
67,542,12
67,543,5
67,544,12
67,545,5
67,546,7
67,547,4
67,548,5
67,549,3
67,550,3
67,552,1
67,553,2
67,554,5
67,555,3
67,556,1
67,557,2
67,561,1
68,351,4
68,352,2
68,353,22
68,354,38
68,355,81
68,356,201
68,357,329
68,358,647
68,359,1127
68,360,1688
68,361,2863
68,362,3858
68,363,5992
68,364,8045
68,365,11636
68,366,15292
68,367,19847
68,368,23546
68,369,27310
68,370,31969
68,371,36116
68,372,41499
68,373,42971
68,374,41847
68,375,39258
68,376,38511
68,377,37462
68,378,36836
68,379,37120
68,380,38080
68,381,38819
68,382,38556
68,383,38995
68,384,38600
68,385,38586
68,386,38583
68,387,37765
68,388,36948
68,389,35523
68,390,33806
68,391,32200
68,392,31445
68,393,29690
68,394,27034
68,395,24334
68,396,21605
68,397,19933
68,398,18688
68,399,16689
68,400,15327
68,401,13902
68,402,12431
68,403,11348
68,404,10437
68,405,9413
68,406,8644
68,407,8803
68,408,8461
68,409,9011
68,410,9173
68,411,10048
68,412,10494
68,413,11326
68,414,10456
68,415,9063
68,416,7179
68,417,5922
68,418,4811
68,419,4108
68,420,3891
68,421,3617
68,422,3279
68,423,2968
68,424,2712
68,425,2387
68,426,2401
68,427,2453
68,428,2697
68,429,2621
68,430,2554
68,431,2370
68,432,2364
68,433,2242
68,434,2027
68,435,1632
68,436,1575
68,437,1575
68,438,1519
68,439,1444
68,440,1222
68,441,1066
68,442,858
68,443,885
68,444,774
68,445,706
68,446,667
68,447,592
68,448,608
68,449,619
68,450,696
68,451,670
68,452,778
68,453,779
68,454,686
68,455,709
68,456,667
68,457,623
68,458,601
68,459,538
68,460,510
68,461,502
68,462,449
68,463,403
68,464,458
68,465,454
68,466,391
68,467,364
68,468,333
68,469,316
68,470,310
68,471,272
68,472,270
68,473,257
68,474,244
68,475,225
68,476,212
68,477,197
68,478,212
68,479,145
68,480,130
68,481,181
68,482,136
68,483,143
68,484,117
68,485,114
68,486,118
68,487,118
68,488,82
68,489,66
68,490,76
68,491,81
68,492,76
68,493,70
68,494,57
68,495,65
68,496,61
68,497,59
68,498,52
68,499,69
68,500,66
68,501,43
68,502,45
68,503,74
68,504,55
68,505,50
68,506,53
68,507,55
68,508,41
68,509,40
68,510,34
68,511,40
68,512,33
68,513,41
68,514,40
68,515,34
68,516,31
68,517,24
68,518,25
68,519,25
68,520,19
68,521,41
68,522,20
68,523,33
68,524,25
68,525,32
68,526,32
68,527,35
68,528,40
68,529,29
68,530,24
68,531,26
68,532,28
68,533,31
68,534,34
68,535,22
68,536,23
68,537,25
68,538,17
68,539,30
68,540,17
68,541,18
68,542,23
68,543,29
68,544,19
68,545,23
68,546,12
68,547,15
68,548,8
68,549,8
68,550,9
68,551,4
68,552,5
68,553,7
68,554,9
68,555,8
68,556,2
68,557,6
68,558,1
68,559,5
68,562,2
69,351,1
69,353,3
69,354,14
69,355,25
69,356,72
69,357,151
69,358,249
69,359,529
69,360,832
69,361,1389
69,362,2146
69,363,3335
69,364,5080
69,365,7371
69,366,10312
69,367,14211
69,368,19384
69,369,24247
69,370,29486
69,371,33646
69,372,39051
69,373,45341
69,374,48596
69,375,47805
69,376,45503
69,377,45628
69,378,45600
69,379,46134
69,380,46197
69,381,47878
69,382,48855
69,383,50340
69,384,51882
69,385,51619
69,386,52086
69,387,51553
69,388,50094
69,389,48961
69,390,47736
69,391,46055
69,392,43235
69,393,39804
69,394,35958
69,395,32963
69,396,30675
69,397,27432
69,398,24077
69,399,21269
69,400,18726
69,401,16812
69,402,15149
69,403,12945
69,404,10904
69,405,9942
69,406,8904
69,407,8756
69,408,8036
69,409,7707
69,410,7444
69,411,7904
69,412,8790
69,413,9648
69,414,10423
69,415,10373
69,416,9327
69,417,6890
69,418,5650
69,419,4864
69,420,4713
69,421,4205
69,422,3812
69,423,3349
69,424,3347
69,425,3249
69,426,3290
69,427,3248
69,428,3129
69,429,2971
69,430,2890
69,431,2821
69,432,2485
69,433,2185
69,434,2176
69,435,2243
69,436,2212
69,437,2297
69,438,2058
69,439,1705
69,440,1415
69,441,1430
69,442,1298
69,443,1085
69,444,850
69,445,787
69,446,637
69,447,599
69,448,563
69,449,600
69,450,581
69,451,658
69,452,580
69,453,621
69,454,657
69,455,646
69,456,736
69,457,695
69,458,695
69,459,727
69,460,620
69,461,633
69,462,654
69,463,598
69,464,555
69,465,562
69,466,505
69,467,480
69,468,471
69,469,411
69,470,409
69,471,392
69,472,380
69,473,368
69,474,337
69,475,301
69,476,310
69,477,282
69,478,242
69,479,208
69,480,221
69,481,230
69,482,184
69,483,172
69,484,183
69,485,140
69,486,124
69,487,129
69,488,115
69,489,116
69,490,129
69,491,94
69,492,95
69,493,90
69,494,62
69,495,61
69,496,48
69,497,67
69,498,57
69,499,54
69,500,45
69,501,40
69,502,47
69,503,52
69,504,44
69,505,60
69,506,46
69,507,57
69,508,49
69,509,53
69,510,47
69,511,53
69,512,42
69,513,32
69,514,35
69,515,42
69,516,21
69,517,29
69,518,22
69,519,20
69,520,27
69,521,37
69,522,26
69,523,30
69,524,40
69,525,28
69,526,33
69,527,41
69,528,34
69,529,39
69,530,34
69,531,31
69,532,35
69,533,33
69,534,34
69,535,32
69,536,41
69,537,39
69,538,27
69,539,28
69,540,27
69,541,27
69,542,31
69,543,27
69,544,27
69,545,26
69,546,29
69,547,29
69,548,20
69,549,17
69,550,19
69,551,18
69,552,15
69,553,13
69,554,6
69,555,6
69,556,8
69,557,10
69,558,7
69,559,4
69,561,4
69,562,1
69,563,3
69,564,1
69,565,1
70,354,3
70,355,8
70,356,15
70,357,47
70,358,93
70,359,166
70,360,336
70,361,578
70,362,1076
70,363,1747
70,364,2781
70,365,4261
70,366,6680
70,367,9764
70,368,14278
70,369,19228
70,370,25159
70,371,31323
70,372,38025
70,373,44708
70,374,50782
70,375,53943
70,376,53987
70,377,55678
70,378,56798
70,379,57455
70,380,58330
70,381,61179
70,382,65859
70,383,68252
70,384,71557
70,385,73804
70,386,74235
70,387,74840
70,388,75385
70,389,74650
70,390,72915
70,391,70105
70,392,65505
70,393,61160
70,394,57271
70,395,52816
70,396,46885
70,397,41541
70,398,36341
70,399,32974
70,400,29455
70,401,25463
70,402,20846
70,403,17014
70,404,14502
70,405,12947
70,406,11674
70,407,9715
70,408,8320
70,409,7354
70,410,7061
70,411,6907
70,412,7254
70,413,7451
70,414,8656
70,415,9361
70,416,10189
70,417,8703
70,418,7003
70,419,5488
70,420,4581
70,421,4150
70,422,3963
70,423,3838
70,424,3882
70,425,3896
70,426,3693
70,427,3698
70,428,3584
70,429,3345
70,430,2865
70,431,2439
70,432,2413
70,433,2380
70,434,2663
70,435,2734
70,436,2584
70,437,2218
70,438,1935
70,439,1962
70,440,1975
70,441,1632
70,442,1446
70,443,1095
70,444,934
70,445,876
70,446,838
70,447,737
70,448,763
70,449,681
70,450,631
70,451,637
70,452,532
70,453,504
70,454,559
70,455,546
70,456,550
70,457,588
70,458,646
70,459,664
70,460,750
70,461,731
70,462,814
70,463,727
70,464,685
70,465,691
70,466,662
70,467,583
70,468,574
70,469,557
70,470,520
70,471,498
70,472,526
70,473,479
70,474,454
70,475,380
70,476,392
70,477,330
70,478,318
70,479,322
70,480,280
70,481,266
70,482,246
70,483,237
70,484,218
70,485,190
70,486,208
70,487,172
70,488,149
70,489,157
70,490,137
70,491,152
70,492,116
70,493,115
70,494,106
70,495,99
70,496,85
70,497,63
70,498,71
70,499,60
70,500,63
70,501,48
70,502,53
70,503,57
70,504,33
70,505,50
70,506,39
70,507,49
70,508,55
70,509,33
70,510,50
70,511,32
70,512,38
70,513,44
70,514,50
70,515,38
70,516,50
70,517,37
70,518,37
70,519,24
70,520,32
70,521,43
70,522,41
70,523,49
70,524,31
70,525,30
70,526,32
70,527,29
70,528,31
70,529,38
70,530,35
70,531,30
70,532,52
70,533,39
70,534,33
70,535,47
70,536,44
70,537,42
70,538,37
70,539,49
70,540,36
70,541,37
70,542,28
70,543,29
70,544,28
70,545,27
70,546,37
70,547,32
70,548,17
70,549,25
70,550,31
70,551,16
70,552,14
70,553,23
70,554,17
70,555,11
70,556,7
70,557,11
70,558,11
70,559,10
70,560,1
70,561,2
70,562,3
70,563,4
70,564,2
71,355,1
71,356,2
71,357,7
71,358,23
71,359,45
71,360,121
71,361,244
71,362,445
71,363,829
71,364,1423
71,365,2522
71,366,4035
71,367,6281
71,368,9488
71,369,14146
71,370,20432
71,371,27535
71,372,34026
71,373,40977
71,374,49372
71,375,57885
71,376,61879
71,377,61896
71,378,65387
71,379,69847
71,380,74559
71,381,78004
71,382,83591
71,383,89882
71,384,94930
71,385,100077
71,386,104387
71,387,107673
71,388,110155
71,389,110253
71,390,108037
71,391,104015
71,392,100774
71,393,96126
71,394,89666
71,395,81470
71,396,74125
71,397,68197
71,398,62005
71,399,55916
71,400,47776
71,401,39604
71,402,32848
71,403,28440
71,404,24669
71,405,20649
71,406,16611
71,407,13158
71,408,10946
71,409,9467
71,410,8169
71,411,7170
71,412,7123
71,413,6661
71,414,7111
71,415,7984
71,416,9090
71,417,10249
71,418,9415
71,419,7118
71,420,4897
71,421,4264
71,422,4030
71,423,4146
71,424,4000
71,425,4045
71,426,3942
71,427,3884
71,428,3459
71,429,2906
71,430,2697
71,431,2507
71,432,2792
71,433,2702
71,434,2633
71,435,2228
71,436,2097
71,437,2096
71,438,2218
71,439,2109
71,440,1827
71,441,1516
71,442,1440
71,443,1335
71,444,1255
71,445,1157
71,446,1083
71,447,1089
71,448,963
71,449,923
71,450,801
71,451,779
71,452,758
71,453,676
71,454,622
71,455,502
71,456,516
71,457,497
71,458,581
71,459,592
71,460,655
71,461,698
71,462,688
71,463,777
71,464,730
71,465,756
71,466,712
71,467,728
71,468,695
71,469,637
71,470,674
71,471,600
71,472,601
71,473,582
71,474,530
71,475,491
71,476,493
71,477,483
71,478,410
71,479,373
71,480,362
71,481,326
71,482,328
71,483,311
71,484,282
71,485,266
71,486,235
71,487,233
71,488,212
71,489,198
71,490,195
71,491,175
71,492,190
71,493,155
71,494,158
71,495,119
71,496,120
71,497,102
71,498,101
71,499,101
71,500,84
71,501,72
71,502,64
71,503,83
71,504,76
71,505,55
71,506,47
71,507,34
71,508,39
71,509,46
71,510,51
71,511,48
71,512,42
71,513,39
71,514,43
71,515,44
71,516,45
71,517,47
71,518,52
71,519,47
71,520,52
71,521,34
71,522,45
71,523,38
71,524,39
71,525,30
71,526,46
71,527,33
71,528,51
71,529,46
71,530,37
71,531,40
71,532,38
71,533,47
71,534,40
71,535,48
71,536,46
71,537,40
71,538,41
71,539,42
71,540,53
71,541,38
71,542,44
71,543,37
71,544,38
71,545,28
71,546,39
71,547,29
71,548,24
71,549,29
71,550,17
71,551,27
71,552,21
71,553,16
71,554,18
71,555,15
71,556,16
71,557,19
71,558,10
71,559,2
71,560,9
71,561,9
71,562,5
71,563,3
71,564,2
71,565,1
71,566,1
72,357,1
72,358,5
72,359,14
72,360,34
72,361,90
72,362,169
72,363,402
72,364,710
72,365,1288
72,366,2198
72,367,3625
72,368,5986
72,369,9577
72,370,14227
72,371,21152
72,372,28464
72,373,36034
72,374,44557
72,375,53040
72,376,61778
72,377,65998
72,378,70564
72,379,76617
72,380,84279
72,381,90876
72,382,96427
72,383,104875
72,384,113354
72,385,122240
72,386,131183
72,387,138139
72,388,141498
72,389,142479
72,390,142527
72,391,141437
72,392,139196
72,393,132104
72,394,124224
72,395,117686
72,396,110767
72,397,103229
72,398,93556
72,399,81792
72,400,70358
72,401,61468
72,402,53951
72,403,46229
72,404,38246
72,405,30703
72,406,24678
72,407,19931
72,408,16565
72,409,13596
72,410,11465
72,411,9424
72,412,8211
72,413,7581
72,414,7424
72,415,7625
72,416,8534
72,417,10107
72,418,11183
72,419,10447
72,420,7345
72,421,5373
72,422,4802
72,423,4468
72,424,4308
72,425,4041
72,426,3783
72,427,3497
72,428,3326
72,429,2965
72,430,2957
72,431,2932
72,432,2720
72,433,2354
72,434,2038
72,435,2007
72,436,2006
72,437,2001
72,438,1747
72,439,1641
72,440,1708
72,441,1629
72,442,1707
72,443,1735
72,444,1717
72,445,1693
72,446,1537
72,447,1344
72,448,1186
72,449,1211
72,450,1141
72,451,1107
72,452,1015
72,453,878
72,454,793
72,455,778
72,456,874
72,457,783
72,458,744
72,459,639
72,460,610
72,461,595
72,462,619
72,463,694
72,464,746
72,465,724
72,466,832
72,467,721
72,468,745
72,469,689
72,470,756
72,471,687
72,472,665
72,473,614
72,474,576
72,475,617
72,476,613
72,477,563
72,478,545
72,479,488
72,480,484
72,481,441
72,482,384
72,483,410
72,484,358
72,485,313
72,486,308
72,487,310
72,488,287
72,489,256
72,490,235
72,491,220
72,492,221
72,493,224
72,494,215
72,495,193
72,496,183
72,497,157
72,498,172
72,499,139
72,500,115
72,501,117
72,502,96
72,503,98
72,504,83
72,505,85
72,506,72
72,507,77
72,508,53
72,509,66
72,510,67
72,511,47
72,512,57
72,513,43
72,514,57
72,515,59
72,516,63
72,517,51
72,518,44
72,519,48
72,520,50
72,521,56
72,522,53
72,523,57
72,524,53
72,525,61
72,526,48
72,527,46
72,528,52
72,529,40
72,530,45
72,531,53
72,532,46
72,533,46
72,534,50
72,535,57
72,536,38
72,537,41
72,538,47
72,539,48
72,540,45
72,541,51
72,542,36
72,543,22
72,544,32
72,545,38
72,546,25
72,547,27
72,548,38
72,549,25
72,550,25
72,551,17
72,552,30
72,553,14
72,554,30
72,555,13
72,556,18
72,557,15
72,558,24
72,559,12
72,560,8
72,561,11
72,562,6
72,563,6
72,564,5
72,565,8
72,566,5
72,567,1
72,568,1
72,569,1
72,570,1
72,571,1
73,358,1
73,359,4
73,360,9
73,361,34
73,362,69
73,363,146
73,364,305
73,365,557
73,366,1032
73,367,1960
73,368,3220
73,369,5628
73,370,8859
73,371,13685
73,372,20566
73,373,28133
73,374,36515
73,375,43788
73,376,52726
73,377,62233
73,378,69158
73,379,75075
73,380,81377
73,381,91455
73,382,99399
73,383,107928
73,384,117740
73,385,129477
73,386,139980
73,387,147873
73,388,154882
73,389,160104
73,390,164061
73,391,163870
73,392,160351
73,393,156285
73,394,152326
73,395,146834
73,396,139609
73,397,128017
73,398,116031
73,399,104454
73,400,94453
73,401,84070
73,402,72412
73,403,61036
73,404,50469
73,405,41441
73,406,33857
73,407,28371
73,408,22884
73,409,18596
73,410,15151
73,411,12694
73,412,10979
73,413,9886
73,414,8902
73,415,8622
73,416,8970
73,417,9855
73,418,11235
73,419,12197
73,420,12120
73,421,9034
73,422,6486
73,423,5049
73,424,4522
73,425,4150
73,426,4129
73,427,3729
73,428,3536
73,429,3237
73,430,3003
73,431,2761
73,432,2638
73,433,2356
73,434,2159
73,435,2028
73,436,1787
73,437,1673
73,438,1728
73,439,1740
73,440,1722
73,441,1819
73,442,1887
73,443,1922
73,444,2009
73,445,1886
73,446,1747
73,447,1650
73,448,1604
73,449,1645
73,450,1417
73,451,1309
73,452,1252
73,453,1249
73,454,1360
73,455,1262
73,456,1117
73,457,1046
73,458,978
73,459,852
73,460,839
73,461,830
73,462,850
73,463,886
73,464,890
73,465,779
73,466,846
73,467,764
73,468,725
73,469,713
73,470,694
73,471,716
73,472,634
73,473,642
73,474,620
73,475,662
73,476,648
73,477,608
73,478,646
73,479,641
73,480,600
73,481,562
73,482,500
73,483,457
73,484,447
73,485,401
73,486,400
73,487,410
73,488,375
73,489,319
73,490,282
73,491,287
73,492,277
73,493,280
73,494,251
73,495,241
73,496,230
73,497,195
73,498,174
73,499,203
73,500,181
73,501,182
73,502,157
73,503,140
73,504,138
73,505,107
73,506,110
73,507,105
73,508,103
73,509,103
73,510,80
73,511,70
73,512,71
73,513,80
73,514,51
73,515,62
73,516,57
73,517,60
73,518,55
73,519,49
73,520,61
73,521,62
73,522,58
73,523,58
73,524,62
73,525,62
73,526,58
73,527,75
73,528,62
73,529,58
73,530,59
73,531,52
73,532,64
73,533,51
73,534,59
73,535,42
73,536,57
73,537,43
73,538,56
73,539,50
73,540,48
73,541,45
73,542,50
73,543,39
73,544,31
73,545,26
73,546,36
73,547,28
73,548,30
73,549,31
73,550,28
73,551,30
73,552,31
73,553,28
73,554,32
73,555,19
73,556,28
73,557,24
73,558,18
73,559,17
73,560,11
73,561,19
73,562,15
73,563,13
73,564,13
73,565,14
73,566,3
73,567,7
73,568,11
73,569,3
73,570,3
73,572,2
73,573,1
73,575,1
73,578,1
74,359,1
74,360,2
74,361,6
74,362,19
74,363,39
74,364,91
74,365,227
74,366,396
74,367,865
74,368,1540
74,369,2773
74,370,4709
74,371,7664
74,372,11940
74,373,18029
74,374,25322
74,375,33114
74,376,40324
74,377,48868
74,378,57573
74,379,65907
74,380,72514
74,381,79184
74,382,88330
74,383,98486
74,384,107791
74,385,117114
74,386,127016
74,387,136497
74,388,147357
74,389,156036
74,390,160334
74,391,161380
74,392,163108
74,393,162422
74,394,159903
74,395,153978
74,396,145269
74,397,136717
74,398,127751
74,399,117517
74,400,106860
74,401,93721
74,402,81521
74,403,69701
74,404,58818
74,405,49833
74,406,41661
74,407,34274
74,408,28022
74,409,23107
74,410,19716
74,411,17087
74,412,14506
74,413,12943
74,414,11567
74,415,11111
74,416,10975
74,417,10682
74,418,11022
74,419,12157
74,420,13401
74,421,13148
74,422,10792
74,423,7624
74,424,5859
74,425,5103
74,426,4641
74,427,4226
74,428,3829
74,429,3547
74,430,3287
74,431,3088
74,432,2782
74,433,2593
74,434,2272
74,435,2109
74,436,2057
74,437,1963
74,438,1913
74,439,1840
74,440,1769
74,441,1705
74,442,1863
74,443,1864
74,444,1761
74,445,1817
74,446,1949
74,447,2000
74,448,1898
74,449,1714
74,450,1577
74,451,1649
74,452,1797
74,453,1766
74,454,1569
74,455,1581
74,456,1428
74,457,1436
74,458,1400
74,459,1346
74,460,1268
74,461,1360
74,462,1256
74,463,1185
74,464,1161
74,465,1076
74,466,878
74,467,818
74,468,695
74,469,722
74,470,688
74,471,640
74,472,671
74,473,620
74,474,644
74,475,619
74,476,673
74,477,604
74,478,650
74,479,659
74,480,620
74,481,624
74,482,670
74,483,584
74,484,552
74,485,566
74,486,464
74,487,444
74,488,482
74,489,354
74,490,352
74,491,348
74,492,360
74,493,310
74,494,355
74,495,293
74,496,259
74,497,253
74,498,232
74,499,258
74,500,223
74,501,211
74,502,225
74,503,197
74,504,195
74,505,159
74,506,139
74,507,151
74,508,153
74,509,135
74,510,118
74,511,117
74,512,78
74,513,101
74,514,88
74,515,93
74,516,77
74,517,87
74,518,76
74,519,71
74,520,84
74,521,71
74,522,78
74,523,64
74,524,66
74,525,83
74,526,57
74,527,75
74,528,75
74,529,63
74,530,74
74,531,62
74,532,69
74,533,60
74,534,66
74,535,75
74,536,66
74,537,59
74,538,55
74,539,60
74,540,50
74,541,29
74,542,41
74,543,47
74,544,41
74,545,30
74,546,39
74,547,27
74,548,33
74,549,32
74,550,27
74,551,27
74,552,17
74,553,36
74,554,28
74,555,25
74,556,14
74,557,15
74,558,18
74,559,16
74,560,25
74,561,21
74,562,27
74,563,19
74,564,9
74,565,13
74,566,12
74,567,6
74,568,5
74,569,3
74,570,3
74,571,4
74,572,3
74,573,1
74,574,1
74,575,2
74,576,4
74,577,6
74,579,2
74,580,2
74,585,1
74,586,1
74,587,1
75,362,2
75,363,11
75,364,20
75,365,66
75,366,132
75,367,300
75,368,611
75,369,1194
75,370,1996
75,371,3609
75,372,5776
75,373,9176
75,374,13863
75,375,19510
75,376,26732
75,377,34002
75,378,41804
75,379,48354
75,380,56635
75,381,64298
75,382,70776
75,383,78340
75,384,86281
75,385,94808
75,386,102820
75,387,112590
75,388,121333
75,389,128682
75,390,135176
75,391,141382
75,392,146584
75,393,147882
75,394,145182
75,395,143366
75,396,139304
75,397,133189
75,398,126641
75,399,117397
75,400,107542
75,401,96364
75,402,85167
75,403,74914
75,404,65022
75,405,55048
75,406,46213
75,407,38505
75,408,32866
75,409,28047
75,410,23870
75,411,20181
75,412,17677
75,413,16311
75,414,15282
75,415,13928
75,416,12953
75,417,11770
75,418,11649
75,419,11813
75,420,11777
75,421,12158
75,422,12383
75,423,11587
75,424,9731
75,425,7412
75,426,5787
75,427,4825
75,428,4366
75,429,4005
75,430,3585
75,431,3282
75,432,2917
75,433,2650
75,434,2490
75,435,2338
75,436,2225
75,437,1956
75,438,1746
75,439,1630
75,440,1742
75,441,1661
75,442,1524
75,443,1525
75,444,1649
75,445,1755
75,446,1741
75,447,1824
75,448,1740
75,449,1945
75,450,2002
75,451,2050
75,452,1823
75,453,1747
75,454,1711
75,455,1673
75,456,1771
75,457,1757
75,458,1839
75,459,1844
75,460,1755
75,461,1696
75,462,1649
75,463,1538
75,464,1320
75,465,1078
75,466,905
75,467,874
75,468,741
75,469,619
75,470,629
75,471,597
75,472,610
75,473,630
75,474,593
75,475,598
75,476,626
75,477,586
75,478,657
75,479,645
75,480,636
75,481,676
75,482,618
75,483,692
75,484,677
75,485,637
75,486,591
75,487,562
75,488,578
75,489,481
75,490,492
75,491,446
75,492,441
75,493,399
75,494,401
75,495,354
75,496,295
75,497,348
75,498,276
75,499,272
75,500,261
75,501,260
75,502,227
75,503,269
75,504,197
75,505,208
75,506,222
75,507,197
75,508,177
75,509,157
75,510,200
75,511,166
75,512,136
75,513,123
75,514,123
75,515,114
75,516,127
75,517,102
75,518,121
75,519,95
75,520,89
75,521,86
75,522,88
75,523,98
75,524,88
75,525,87
75,526,86
75,527,90
75,528,81
75,529,74
75,530,86
75,531,57
75,532,80
75,533,63
75,534,72
75,535,68
75,536,74
75,537,89
75,538,79
75,539,79
75,540,55
75,541,60
75,542,46
75,543,34
75,544,29
75,545,36
75,546,43
75,547,29
75,548,30
75,549,25
75,550,30
75,551,26
75,552,14
75,553,23
75,554,24
75,555,16
75,556,22
75,557,20
75,558,26
75,559,12
75,560,13
75,561,9
75,562,18
75,563,18
75,564,15
75,565,12
75,566,8
75,567,6
75,568,7
75,569,10
75,570,6
75,571,8
75,572,5
75,573,4
75,574,7
75,575,2
75,576,1
75,577,3
75,578,2
75,579,5
75,580,5
75,581,3
75,582,4
75,583,1
75,584,4
75,585,1
75,586,4
75,587,1
75,588,1
75,589,1
75,591,2
76,363,2
76,364,3
76,365,14
76,366,33
76,367,91
76,368,178
76,369,419
76,370,687
76,371,1357
76,372,2333
76,373,3731
76,374,6019
76,375,8919
76,376,13516
76,377,18317
76,378,24389
76,379,30617
76,380,37516
76,381,44863
76,382,50663
76,383,57712
76,384,63681
76,385,69714
76,386,76571
76,387,82862
76,388,88814
76,389,94394
76,390,100586
76,391,106049
76,392,110478
76,393,114174
76,394,116951
76,395,116945
76,396,114515
76,397,110905
76,398,106815
76,399,100482
76,400,92438
76,401,85220
76,402,77077
76,403,67977
76,404,59001
76,405,50598
76,406,43718
76,407,37890
76,408,32757
76,409,27280
76,410,23176
76,411,20796
76,412,19314
76,413,17446
76,414,15762
76,415,13870
76,416,12832
76,417,12265
76,418,11234
76,419,10387
76,420,9536
76,421,9449
76,422,10034
76,423,10664
76,424,10896
76,425,10284
76,426,9042
76,427,7568
76,428,6173
76,429,4875
76,430,4180
76,431,3515
76,432,3179
76,433,2931
76,434,2657
76,435,2381
76,436,2180
76,437,1787
76,438,1799
76,439,1778
76,440,1594
76,441,1473
76,442,1392
76,443,1526
76,444,1484
76,445,1546
76,446,1591
76,447,1664
76,448,1750
76,449,1866
76,450,1792
76,451,1706
76,452,1740
76,453,1663
76,454,1820
76,455,1782
76,456,1871
76,457,1925
76,458,1888
76,459,1836
76,460,1881
76,461,1797
76,462,1654
76,463,1499
76,464,1235
76,465,1144
76,466,950
76,467,835
76,468,702
76,469,665
76,470,624
76,471,555
76,472,552
76,473,533
76,474,543
76,475,539
76,476,609
76,477,654
76,478,614
76,479,661
76,480,652
76,481,669
76,482,686
76,483,720
76,484,753
76,485,666
76,486,692
76,487,690
76,488,676
76,489,629
76,490,594
76,491,599
76,492,558
76,493,435
76,494,411
76,495,421
76,496,367
76,497,374
76,498,357
76,499,321
76,500,313
76,501,300
76,502,281
76,503,273
76,504,292
76,505,222
76,506,221
76,507,224
76,508,243
76,509,203
76,510,196
76,511,176
76,512,205
76,513,209
76,514,169
76,515,132
76,516,144
76,517,134
76,518,157
76,519,133
76,520,133
76,521,112
76,522,106
76,523,110
76,524,106
76,525,103
76,526,122
76,527,99
76,528,105
76,529,91
76,530,108
76,531,100
76,532,105
76,533,86
76,534,94
76,535,85
76,536,90
76,537,92
76,538,73
76,539,78
76,540,65
76,541,61
76,542,58
76,543,58
76,544,60
76,545,55
76,546,44
76,547,53
76,548,43
76,549,28
76,550,26
76,551,27
76,552,28
76,553,27
76,554,26
76,555,18
76,556,18
76,557,19
76,558,23
76,559,13
76,560,17
76,561,14
76,562,16
76,563,13
76,564,6
76,565,11
76,566,20
76,567,17
76,568,11
76,569,12
76,570,8
76,571,9
76,572,13
76,573,6
76,574,5
76,575,12
76,576,9
76,577,9
76,578,9
76,579,14
76,580,10
76,581,9
76,582,11
76,583,3
76,584,4
76,585,4
76,586,2
76,587,1
76,588,1
76,589,2
76,590,2
76,591,1
76,594,1
77,364,1
77,365,2
77,366,5
77,367,23
77,368,34
77,369,111
77,370,189
77,371,376
77,372,738
77,373,1188
77,374,2103
77,375,3275
77,376,5058
77,377,7432
77,378,10338
77,379,14322
77,380,18758
77,381,24316
77,382,29860
77,383,35817
77,384,41954
77,385,47598
77,386,52954
77,387,57789
77,388,62222
77,389,65549
77,390,69014
77,391,72127
77,392,75880
77,393,78729
77,394,79738
77,395,79571
77,396,80512
77,397,79749
77,398,77664
77,399,73504
77,400,69139
77,401,64008
77,402,57876
77,403,50878
77,404,44612
77,405,39840
77,406,35142
77,407,29729
77,408,24963
77,409,21758
77,410,19449
77,411,17299
77,412,15401
77,413,13434
77,414,11915
77,415,11336
77,416,10502
77,417,9414
77,418,7958
77,419,7343
77,420,7104
77,421,7121
77,422,7326
77,423,7685
77,424,7921
77,425,8300
77,426,8650
77,427,8606
77,428,8558
77,429,7680
77,430,6981
77,431,5659
77,432,4576
77,433,3960
77,434,3365
77,435,2786
77,436,2409
77,437,2269
77,438,2214
77,439,2054
77,440,1650
77,441,1679
77,442,1645
77,443,1554
77,444,1534
77,445,1491
77,446,1569
77,447,1608
77,448,1597
77,449,1465
77,450,1489
77,451,1448
77,452,1595
77,453,1532
77,454,1658
77,455,1736
77,456,1709
77,457,1765
77,458,1764
77,459,1698
77,460,1686
77,461,1591
77,462,1479
77,463,1332
77,464,1167
77,465,1116
77,466,1104
77,467,895
77,468,840
77,469,790
77,470,739
77,471,672
77,472,650
77,473,628
77,474,570
77,475,549
77,476,563
77,477,607
77,478,564
77,479,651
77,480,584
77,481,617
77,482,667
77,483,721
77,484,764
77,485,694
77,486,731
77,487,795
77,488,707
77,489,721
77,490,681
77,491,712
77,492,689
77,493,555
77,494,515
77,495,541
77,496,537
77,497,454
77,498,429
77,499,421
77,500,363
77,501,364
77,502,291
77,503,337
77,504,317
77,505,279
77,506,249
77,507,228
77,508,236
77,509,246
77,510,230
77,511,235
77,512,248
77,513,237
77,514,222
77,515,225
77,516,200
77,517,156
77,518,188
77,519,143
77,520,145
77,521,165
77,522,141
77,523,147
77,524,117
77,525,148
77,526,135
77,527,121
77,528,124
77,529,123
77,530,133
77,531,128
77,532,130
77,533,121
77,534,115
77,535,90
77,536,95
77,537,110
77,538,98
77,539,100
77,540,94
77,541,92
77,542,74
77,543,71
77,544,65
77,545,74
77,546,74
77,547,55
77,548,72
77,549,54
77,550,43
77,551,51
77,552,33
77,553,35
77,554,34
77,555,38
77,556,24
77,557,26
77,558,20
77,559,30
77,560,25
77,561,31
77,562,21
77,563,16
77,564,29
77,565,21
77,566,12
77,567,28
77,568,23
77,569,15
77,570,12
77,571,16
77,572,16
77,573,10
77,574,17
77,575,7
77,576,8
77,577,9
77,578,17
77,579,12
77,580,11
77,581,20
77,582,14
77,583,12
77,584,13
77,585,6
77,586,6
77,587,9
77,588,2
77,589,4
77,590,7
77,591,3
77,592,2
77,593,5
78,367,3
78,368,5
78,369,18
78,370,34
78,371,82
78,372,152
78,373,303
78,374,530
78,375,900
78,376,1393
78,377,2171
78,378,3339
78,379,4793
78,380,6843
78,381,9205
78,382,12252
78,383,15794
78,384,20101
78,385,24681
78,386,29755
78,387,34602
78,388,39126
78,389,43010
78,390,47183
78,391,50868
78,392,52684
78,393,53089
78,394,53506
78,395,54032
78,396,53701
78,397,52480
78,398,50706
78,399,48426
78,400,46193
78,401,43063
78,402,39497
78,403,35780
78,404,32366
78,405,28058
78,406,23698
78,407,20488
78,408,17771
78,409,15528
78,410,13586
78,411,11746
78,412,10185
78,413,9261
78,414,8200
78,415,7558
78,416,6336
78,417,5740
78,418,5139
78,419,4957
78,420,4843
78,421,4889
78,422,4724
78,423,4645
78,424,4976
78,425,5360
78,426,5931
78,427,6010
78,428,6587
78,429,6787
78,430,7163
78,431,7074
78,432,6973
78,433,6912
78,434,6307
78,435,5480
78,436,4383
78,437,4046
78,438,3460
78,439,3042
78,440,2561
78,441,2434
78,442,2238
78,443,2059
78,444,1913
78,445,1742
78,446,1682
78,447,1565
78,448,1487
78,449,1448
78,450,1413
78,451,1367
78,452,1403
78,453,1487
78,454,1433
78,455,1496
78,456,1526
78,457,1596
78,458,1530
78,459,1554
78,460,1512
78,461,1400
78,462,1319
78,463,1307
78,464,1284
78,465,1253
78,466,1096
78,467,1120
78,468,1065
78,469,934
78,470,940
78,471,865
78,472,860
78,473,834
78,474,745
78,475,734
78,476,682
78,477,692
78,478,617
78,479,662
78,480,639
78,481,648
78,482,631
78,483,667
78,484,666
78,485,663
78,486,676
78,487,716
78,488,711
78,489,744
78,490,756
78,491,778
78,492,731
78,493,728
78,494,724
78,495,649
78,496,694
78,497,588
78,498,593
78,499,609
78,500,489
78,501,495
78,502,466
78,503,402
78,504,386
78,505,363
78,506,328
78,507,331
78,508,312
78,509,276
78,510,272
78,511,250
78,512,251
78,513,277
78,514,247
78,515,237
78,516,224
78,517,236
78,518,220
78,519,196
78,520,216
78,521,224
78,522,199
78,523,197
78,524,187
78,525,174
78,526,157
78,527,173
78,528,161
78,529,127
78,530,181
78,531,141
78,532,175
78,533,137
78,534,123
78,535,118
78,536,119
78,537,119
78,538,120
78,539,111
78,540,123
78,541,109
78,542,109
78,543,106
78,544,93
78,545,83
78,546,88
78,547,85
78,548,77
78,549,96
78,550,53
78,551,71
78,552,71
78,553,54
78,554,45
78,555,41
78,556,46
78,557,45
78,558,48
78,559,38
78,560,32
78,561,40
78,562,34
78,563,46
78,564,33
78,565,26
78,566,39
78,567,37
78,568,32
78,569,25
78,570,40
78,571,34
78,572,16
78,573,29
78,574,28
78,575,20
78,576,22
78,577,21
78,578,19
78,579,11
78,580,8
78,581,18
78,582,24
78,583,8
78,584,15
78,585,9
78,586,15
78,587,8
78,588,9
78,589,6
78,590,6
78,591,6
78,592,2
78,593,1
78,594,1
78,595,2
78,596,1
79,368,1
79,370,3
79,371,8
79,372,18
79,373,50
79,374,83
79,375,165
79,376,271
79,377,461
79,378,783
79,379,1145
79,380,1744
79,381,2557
79,382,3639
79,383,4973
79,384,6692
79,385,8838
79,386,11071
79,387,13996
79,388,16820
79,389,20461
79,390,24283
79,391,27809
79,392,30751
79,393,33021
79,394,35522
79,395,37577
79,396,38433
79,397,37978
79,398,36810
79,399,35766
79,400,33955
79,401,31555
79,402,29036
79,403,26097
79,404,23147
79,405,20829
79,406,18253
79,407,15939
79,408,14140
79,409,12353
79,410,10670
79,411,9297
79,412,8064
79,413,7184
79,414,6161
79,415,5303
79,416,4675
79,417,4174
79,418,3965
79,419,3806
79,420,3558
79,421,3320
79,422,3202
79,423,3229
79,424,3298
79,425,3300
79,426,3413
79,427,3586
79,428,3943
79,429,4367
79,430,4572
79,431,4963
79,432,5304
79,433,5765
79,434,6027
79,435,6164
79,436,6239
79,437,6525
79,438,6338
79,439,5563
79,440,5203
79,441,4652
79,442,4331
79,443,3645
79,444,3378
79,445,2967
79,446,2609
79,447,2417
79,448,2215
79,449,1983
79,450,1797
79,451,1734
79,452,1593
79,453,1560
79,454,1478
79,455,1453
79,456,1383
79,457,1410
79,458,1430
79,459,1431
79,460,1388
79,461,1381
79,462,1456
79,463,1392
79,464,1392
79,465,1347
79,466,1256
79,467,1249
79,468,1233
79,469,1142
79,470,1192
79,471,1150
79,472,1064
79,473,1017
79,474,975
79,475,943
79,476,878
79,477,935
79,478,874
79,479,832
79,480,794
79,481,843
79,482,773
79,483,724
79,484,708
79,485,686
79,486,719
79,487,703
79,488,715
79,489,742
79,490,736
79,491,766
79,492,740
79,493,826
79,494,739
79,495,733
79,496,742
79,497,739
79,498,673
79,499,746
79,500,649
79,501,694
79,502,639
79,503,596
79,504,579
79,505,480
79,506,527
79,507,490
79,508,457
79,509,429
79,510,385
79,511,352
79,512,349
79,513,321
79,514,309
79,515,310
79,516,317
79,517,295
79,518,270
79,519,265
79,520,247
79,521,273
79,522,269
79,523,244
79,524,240
79,525,219
79,526,218
79,527,206
79,528,232
79,529,224
79,530,200
79,531,187
79,532,193
79,533,187
79,534,180
79,535,201
79,536,170
79,537,171
79,538,161
79,539,138
79,540,163
79,541,129
79,542,156
79,543,152
79,544,121
79,545,108
79,546,123
79,547,117
79,548,117
79,549,124
79,550,106
79,551,100
79,552,111
79,553,109
79,554,95
79,555,87
79,556,79
79,557,82
79,558,68
79,559,71
79,560,64
79,561,73
79,562,64
79,563,69
79,564,53
79,565,60
79,566,60
79,567,52
79,568,67
79,569,43
79,570,39
79,571,45
79,572,28
79,573,38
79,574,47
79,575,38
79,576,40
79,577,30
79,578,34
79,579,26
79,580,28
79,581,23
79,582,22
79,583,22
79,584,12
79,585,10
79,586,6
79,587,14
79,588,5
79,589,9
79,590,6
79,591,8
79,592,4
79,593,7
79,594,1
79,595,1
79,596,2
79,597,2
79,600,1
79,601,1
79,602,1
79,603,1
79,604,1
79,605,1
79,606,1
79,608,1
79,609,1
79,611,1
80,372,3
80,373,1
80,374,10
80,375,13
80,376,37
80,377,65
80,378,108
80,379,180
80,380,302
80,381,501
80,382,730
80,383,1132
80,384,1522
80,385,2238
80,386,2937
80,387,4042
80,388,5185
80,389,6749
80,390,8483
80,391,10166
80,392,11833
80,393,13810
80,394,15998
80,395,18269
80,396,19521
80,397,20706
80,398,21741
80,399,22898
80,400,23295
80,401,22722
80,402,21902
80,403,21133
80,404,20155
80,405,18844
80,406,16991
80,407,15478
80,408,13972
80,409,12829
80,410,11630
80,411,10207
80,412,9397
80,413,8262
80,414,7400
80,415,6464
80,416,5808
80,417,5218
80,418,4768
80,419,4282
80,420,3865
80,421,3473
80,422,3302
80,423,2999
80,424,2853
80,425,2661
80,426,2644
80,427,2688
80,428,2766
80,429,2827
80,430,2687
80,431,3061
80,432,3168
80,433,3424
80,434,3572
80,435,3900
80,436,4365
80,437,4669
80,438,4902
80,439,5004
80,440,5244
80,441,5482
80,442,5414
80,443,5207
80,444,5006
80,445,4959
80,446,4434
80,447,4201
80,448,3910
80,449,3559
80,450,3207
80,451,2947
80,452,2771
80,453,2520
80,454,2345
80,455,2080
80,456,1933
80,457,1773
80,458,1654
80,459,1563
80,460,1616
80,461,1575
80,462,1487
80,463,1427
80,464,1397
80,465,1404
80,466,1427
80,467,1434
80,468,1467
80,469,1349
80,470,1289
80,471,1314
80,472,1315
80,473,1227
80,474,1204
80,475,1170
80,476,1096
80,477,1054
80,478,1047
80,479,1050
80,480,1017
80,481,998
80,482,1006
80,483,900
80,484,891
80,485,836
80,486,836
80,487,810
80,488,797
80,489,769
80,490,764
80,491,769
80,492,765
80,493,826
80,494,781
80,495,728
80,496,748
80,497,774
80,498,781
80,499,765
80,500,770
80,501,757
80,502,763
80,503,774
80,504,725
80,505,680
80,506,654
80,507,682
80,508,652
80,509,591
80,510,543
80,511,564
80,512,502
80,513,492
80,514,477
80,515,468
80,516,441
80,517,428
80,518,385
80,519,379
80,520,374
80,521,355
80,522,356
80,523,317
80,524,325
80,525,296
80,526,309
80,527,251
80,528,286
80,529,240
80,530,295
80,531,243
80,532,230
80,533,249
80,534,223
80,535,227
80,536,253
80,537,242
80,538,226
80,539,221
80,540,210
80,541,204
80,542,209
80,543,195
80,544,199
80,545,176
80,546,160
80,547,166
80,548,168
80,549,142
80,550,166
80,551,140
80,552,176
80,553,145
80,554,160
80,555,130
80,556,120
80,557,118
80,558,116
80,559,122
80,560,110
80,561,94
80,562,89
80,563,93
80,564,84
80,565,69
80,566,78
80,567,61
80,568,62
80,569,61
80,570,66
80,571,59
80,572,54
80,573,47
80,574,61
80,575,51
80,576,43
80,577,52
80,578,43
80,579,51
80,580,36
80,581,26
80,582,38
80,583,35
80,584,22
80,585,24
80,586,29
80,587,15
80,588,17
80,589,14
80,590,16
80,591,9
80,592,3
80,593,10
80,594,3
80,595,4
80,596,2
80,597,6
80,598,4
80,599,5
80,600,2
80,602,1
80,603,4
80,604,2
80,605,2
80,606,1
80,607,1
80,608,1
80,610,1
80,611,1
80,612,1
81,376,3
81,377,3
81,378,10
81,379,18
81,380,28
81,381,66
81,382,84
81,383,155
81,384,233
81,385,388
81,386,567
81,387,827
81,388,1130
81,389,1580
81,390,2130
81,391,2618
81,392,3296
81,393,4116
81,394,5191
81,395,5884
81,396,6686
81,397,7416
81,398,8620
81,399,9331
81,400,9763
81,401,10050
81,402,10504
81,403,11020
81,404,10862
81,405,10813
81,406,10374
81,407,10356
81,408,10286
81,409,9736
81,410,9419
81,411,9019
81,412,8331
81,413,8199
81,414,7550
81,415,7144
81,416,6661
81,417,6215
81,418,5703
81,419,5322
81,420,5011
81,421,4530
81,422,4251
81,423,4050
81,424,3671
81,425,3463
81,426,3280
81,427,3185
81,428,2820
81,429,2790
81,430,2610
81,431,2564
81,432,2642
81,433,2553
81,434,2540
81,435,2518
81,436,2693
81,437,2707
81,438,2875
81,439,3012
81,440,3269
81,441,3361
81,442,3543
81,443,3627
81,444,3673
81,445,3821
81,446,3741
81,447,3802
81,448,3765
81,449,3577
81,450,3557
81,451,3458
81,452,3339
81,453,3165
81,454,2982
81,455,2965
81,456,2665
81,457,2716
81,458,2505
81,459,2385
81,460,2211
81,461,2086
81,462,1959
81,463,1974
81,464,1846
81,465,1804
81,466,1713
81,467,1653
81,468,1653
81,469,1603
81,470,1467
81,471,1479
81,472,1461
81,473,1394
81,474,1376
81,475,1353
81,476,1291
81,477,1293
81,478,1260
81,479,1286
81,480,1150
81,481,1123
81,482,1121
81,483,1088
81,484,1062
81,485,1022
81,486,911
81,487,912
81,488,942
81,489,901
81,490,869
81,491,860
81,492,816
81,493,844
81,494,804
81,495,786
81,496,776
81,497,758
81,498,790
81,499,782
81,500,782
81,501,749
81,502,697
81,503,672
81,504,711
81,505,714
81,506,697
81,507,662
81,508,638
81,509,669
81,510,671
81,511,654
81,512,616
81,513,604
81,514,583
81,515,569
81,516,562
81,517,564
81,518,501
81,519,513
81,520,503
81,521,490
81,522,447
81,523,455
81,524,416
81,525,398
81,526,388
81,527,397
81,528,368
81,529,378
81,530,357
81,531,359
81,532,285
81,533,279
81,534,299
81,535,291
81,536,283
81,537,283
81,538,261
81,539,248
81,540,262
81,541,277
81,542,241
81,543,243
81,544,232
81,545,245
81,546,268
81,547,211
81,548,231
81,549,212
81,550,230
81,551,220
81,552,181
81,553,213
81,554,184
81,555,187
81,556,162
81,557,163
81,558,151
81,559,155
81,560,130
81,561,124
81,562,118
81,563,113
81,564,115
81,565,90
81,566,106
81,567,96
81,568,70
81,569,84
81,570,71
81,571,88
81,572,78
81,573,63
81,574,78
81,575,59
81,576,62
81,577,59
81,578,65
81,579,49
81,580,64
81,581,40
81,582,36
81,583,39
81,584,38
81,585,22
81,586,29
81,587,24
81,588,24
81,589,21
81,590,21
81,591,21
81,592,15
81,593,18
81,594,9
81,595,6
81,596,11
81,597,7
81,598,5
81,599,5
81,600,6
81,601,6
81,602,7
81,603,4
81,604,6
81,605,4
81,606,4
81,607,6
81,609,4
81,610,2
81,611,3
81,612,2
81,613,2
81,615,1
82,380,1
82,381,1
82,382,4
82,383,10
82,384,21
82,385,37
82,386,66
82,387,96
82,388,182
82,389,237
82,390,349
82,391,449
82,392,668
82,393,890
82,394,1131
82,395,1297
82,396,1580
82,397,1983
82,398,2369
82,399,2573
82,400,2745
82,401,3132
82,402,3381
82,403,3762
82,404,3671
82,405,3854
82,406,4004
82,407,4302
82,408,4436
82,409,4403
82,410,4375
82,411,4505
82,412,4499
82,413,4481
82,414,4358
82,415,4278
82,416,4208
82,417,3995
82,418,3883
82,419,3777
82,420,3504
82,421,3438
82,422,3352
82,423,3136
82,424,2999
82,425,2945
82,426,2820
82,427,2762
82,428,2555
82,429,2414
82,430,2354
82,431,2273
82,432,2221
82,433,2139
82,434,2011
82,435,1946
82,436,2005
82,437,1983
82,438,2022
82,439,2051
82,440,2054
82,441,2113
82,442,2176
82,443,2174
82,444,2211
82,445,2245
82,446,2346
82,447,2275
82,448,2290
82,449,2285
82,450,2284
82,451,2327
82,452,2273
82,453,2180
82,454,2181
82,455,2220
82,456,2135
82,457,2151
82,458,1987
82,459,2023
82,460,1977
82,461,1907
82,462,1865
82,463,1741
82,464,1750
82,465,1645
82,466,1602
82,467,1597
82,468,1474
82,469,1556
82,470,1358
82,471,1397
82,472,1336
82,473,1349
82,474,1256
82,475,1218
82,476,1252
82,477,1172
82,478,1250
82,479,1164
82,480,1173
82,481,1135
82,482,1115
82,483,1115
82,484,1087
82,485,1101
82,486,1037
82,487,1018
82,488,1005
82,489,911
82,490,926
82,491,910
82,492,867
82,493,846
82,494,819
82,495,719
82,496,755
82,497,765
82,498,727
82,499,755
82,500,726
82,501,672
82,502,672
82,503,652
82,504,635
82,505,612
82,506,657
82,507,575
82,508,593
82,509,602
82,510,567
82,511,536
82,512,525
82,513,556
82,514,495
82,515,517
82,516,480
82,517,566
82,518,518
82,519,491
82,520,510
82,521,475
82,522,481
82,523,503
82,524,460
82,525,438
82,526,470
82,527,425
82,528,426
82,529,403
82,530,405
82,531,356
82,532,378
82,533,376
82,534,392
82,535,378
82,536,363
82,537,347
82,538,328
82,539,305
82,540,299
82,541,305
82,542,288
82,543,268
82,544,298
82,545,267
82,546,262
82,547,274
82,548,256
82,549,266
82,550,253
82,551,208
82,552,229
82,553,190
82,554,201
82,555,206
82,556,200
82,557,177
82,558,208
82,559,162
82,560,129
82,561,146
82,562,141
82,563,136
82,564,138
82,565,102
82,566,113
82,567,109
82,568,91
82,569,100
82,570,88
82,571,95
82,572,84
82,573,75
82,574,65
82,575,80
82,576,81
82,577,86
82,578,66
82,579,52
82,580,50
82,581,61
82,582,54
82,583,49
82,584,49
82,585,39
82,586,35
82,587,42
82,588,26
82,589,34
82,590,33
82,591,33
82,592,23
82,593,22
82,594,30
82,595,16
82,596,13
82,597,15
82,598,22
82,599,13
82,600,12
82,601,13
82,602,17
82,603,11
82,604,7
82,605,9
82,606,12
82,607,14
82,608,10
82,609,11
82,610,5
82,611,7
82,612,7
82,613,2
82,614,6
82,616,2
82,617,1
82,618,2
82,619,2
82,622,1
82,627,1
83,383,1
83,384,1
83,385,2
83,386,3
83,387,7
83,388,14
83,389,18
83,390,37
83,391,60
83,392,91
83,393,125
83,394,149
83,395,220
83,396,283
83,397,367
83,398,409
83,399,498
83,400,571
83,401,722
83,402,787
83,403,797
83,404,914
83,405,982
83,406,1131
83,407,1211
83,408,1302
83,409,1356
83,410,1496
83,411,1576
83,412,1627
83,413,1683
83,414,1672
83,415,1651
83,416,1766
83,417,1746
83,418,1740
83,419,1709
83,420,1727
83,421,1767
83,422,1783
83,423,1791
83,424,1733
83,425,1737
83,426,1664
83,427,1653
83,428,1652
83,429,1645
83,430,1608
83,431,1564
83,432,1551
83,433,1534
83,434,1503
83,435,1500
83,436,1474
83,437,1430
83,438,1449
83,439,1435
83,440,1457
83,441,1463
83,442,1470
83,443,1362
83,444,1364
83,445,1373
83,446,1338
83,447,1350
83,448,1390
83,449,1382
83,450,1381
83,451,1254
83,452,1250
83,453,1284
83,454,1298
83,455,1258
83,456,1252
83,457,1192
83,458,1270
83,459,1188
83,460,1170
83,461,1179
83,462,1218
83,463,1143
83,464,1096
83,465,1084
83,466,1057
83,467,1055
83,468,995
83,469,975
83,470,983
83,471,993
83,472,954
83,473,988
83,474,950
83,475,907
83,476,909
83,477,920
83,478,842
83,479,915
83,480,843
83,481,903
83,482,828
83,483,868
83,484,836
83,485,867
83,486,837
83,487,792
83,488,827
83,489,777
83,490,758
83,491,782
83,492,708
83,493,762
83,494,684
83,495,658
83,496,617
83,497,645
83,498,594
83,499,612
83,500,594
83,501,579
83,502,541
83,503,542
83,504,542
83,505,521
83,506,490
83,507,490
83,508,479
83,509,488
83,510,473
83,511,475
83,512,454
83,513,397
83,514,390
83,515,403
83,516,420
83,517,406
83,518,413
83,519,386
83,520,424
83,521,416
83,522,377
83,523,370
83,524,369
83,525,437
83,526,425
83,527,367
83,528,355
83,529,375
83,530,344
83,531,350
83,532,344
83,533,343
83,534,337
83,535,359
83,536,282
83,537,326
83,538,344
83,539,331
83,540,339
83,541,290
83,542,289
83,543,312
83,544,295
83,545,304
83,546,270
83,547,259
83,548,289
83,549,250
83,550,241
83,551,248
83,552,265
83,553,215
83,554,214
83,555,215
83,556,208
83,557,198
83,558,183
83,559,189
83,560,176
83,561,142
83,562,144
83,563,147
83,564,124
83,565,126
83,566,109
83,567,107
83,568,109
83,569,102
83,570,115
83,571,101
83,572,81
83,573,86
83,574,93
83,575,87
83,576,77
83,577,82
83,578,81
83,579,69
83,580,60
83,581,61
83,582,66
83,583,53
83,584,54
83,585,60
83,586,45
83,587,52
83,588,44
83,589,35
83,590,42
83,591,40
83,592,36
83,593,25
83,594,31
83,595,28
83,596,22
83,597,33
83,598,31
83,599,19
83,600,20
83,601,22
83,602,25
83,603,18
83,604,24
83,605,23
83,606,10
83,607,8
83,608,14
83,609,15
83,610,11
83,611,12
83,612,13
83,613,9
83,614,5
83,615,5
83,616,1
83,617,2
83,618,2
83,619,2
83,620,2
83,621,2
83,622,1
84,388,1
84,389,1
84,390,2
84,391,6
84,392,7
84,393,14
84,394,14
84,395,27
84,396,38
84,397,42
84,398,63
84,399,69
84,400,102
84,401,105
84,402,134
84,403,147
84,404,171
84,405,188
84,406,224
84,407,257
84,408,307
84,409,336
84,410,377
84,411,413
84,412,456
84,413,480
84,414,521
84,415,538
84,416,564
84,417,602
84,418,588
84,419,649
84,420,704
84,421,752
84,422,781
84,423,792
84,424,861
84,425,831
84,426,883
84,427,870
84,428,908
84,429,872
84,430,924
84,431,947
84,432,951
84,433,966
84,434,958
84,435,963
84,436,991
84,437,1012
84,438,1000
84,439,988
84,440,1003
84,441,938
84,442,950
84,443,936
84,444,921
84,445,921
84,446,862
84,447,870
84,448,885
84,449,841
84,450,804
84,451,756
84,452,744
84,453,755
84,454,729
84,455,722
84,456,709
84,457,690
84,458,626
84,459,657
84,460,663
84,461,660
84,462,602
84,463,614
84,464,600
84,465,578
84,466,589
84,467,554
84,468,592
84,469,571
84,470,551
84,471,563
84,472,593
84,473,606
84,474,622
84,475,546
84,476,577
84,477,609
84,478,564
84,479,551
84,480,529
84,481,519
84,482,581
84,483,557
84,484,526
84,485,566
84,486,547
84,487,528
84,488,555
84,489,553
84,490,529
84,491,537
84,492,490
84,493,495
84,494,483
84,495,471
84,496,423
84,497,430
84,498,458
84,499,417
84,500,436
84,501,412
84,502,411
84,503,400
84,504,362
84,505,404
84,506,358
84,507,402
84,508,365
84,509,356
84,510,333
84,511,319
84,512,355
84,513,272
84,514,322
84,515,301
84,516,312
84,517,295
84,518,301
84,519,319
84,520,295
84,521,287
84,522,273
84,523,258
84,524,279
84,525,265
84,526,257
84,527,257
84,528,253
84,529,237
84,530,235
84,531,231
84,532,255
84,533,244
84,534,231
84,535,258
84,536,236
84,537,230
84,538,241
84,539,246
84,540,249
84,541,232
84,542,205
84,543,220
84,544,181
84,545,232
84,546,228
84,547,232
84,548,197
84,549,229
84,550,211
84,551,212
84,552,201
84,553,202
84,554,199
84,555,208
84,556,171
84,557,180
84,558,191
84,559,160
84,560,155
84,561,125
84,562,128
84,563,120
84,564,115
84,565,116
84,566,107
84,567,104
84,568,98
84,569,90
84,570,103
84,571,104
84,572,108
84,573,95
84,574,71
84,575,84
84,576,85
84,577,64
84,578,66
84,579,62
84,580,62
84,581,80
84,582,51
84,583,47
84,584,55
84,585,64
84,586,45
84,587,42
84,588,33
84,589,47
84,590,42
84,591,19
84,592,33
84,593,18
84,594,27
84,595,23
84,596,16
84,597,16
84,598,26
84,599,23
84,600,19
84,601,14
84,602,15
84,603,8
84,604,9
84,605,18
84,606,13
84,607,15
84,608,11
84,609,18
84,610,9
84,611,12
84,612,9
84,613,8
84,614,3
84,615,5
84,616,4
84,617,2
84,618,4
84,619,2
84,620,5
84,621,1
84,622,1
85,393,2
85,395,3
85,396,5
85,397,4
85,398,12
85,399,8
85,400,15
85,401,21
85,402,21
85,403,30
85,404,30
85,405,34
85,406,50
85,407,45
85,408,69
85,409,60
85,410,97
85,411,96
85,412,127
85,413,123
85,414,138
85,415,145
85,416,171
85,417,173
85,418,212
85,419,227
85,420,257
85,421,278
85,422,303
85,423,304
85,424,364
85,425,346
85,426,396
85,427,375
85,428,399
85,429,440
85,430,430
85,431,487
85,432,490
85,433,515
85,434,511
85,435,541
85,436,568
85,437,548
85,438,586
85,439,556
85,440,555
85,441,561
85,442,497
85,443,549
85,444,490
85,445,532
85,446,495
85,447,523
85,448,493
85,449,462
85,450,436
85,451,452
85,452,396
85,453,394
85,454,374
85,455,375
85,456,329
85,457,333
85,458,303
85,459,321
85,460,317
85,461,306
85,462,293
85,463,298
85,464,275
85,465,275
85,466,314
85,467,286
85,468,262
85,469,298
85,470,291
85,471,284
85,472,315
85,473,281
85,474,300
85,475,316
85,476,292
85,477,299
85,478,291
85,479,303
85,480,293
85,481,302
85,482,299
85,483,295
85,484,299
85,485,279
85,486,314
85,487,285
85,488,303
85,489,298
85,490,316
85,491,275
85,492,265
85,493,253
85,494,283
85,495,230
85,496,263
85,497,254
85,498,263
85,499,218
85,500,234
85,501,243
85,502,212
85,503,213
85,504,227
85,505,222
85,506,222
85,507,225
85,508,202
85,509,189
85,510,187
85,511,184
85,512,199
85,513,200
85,514,180
85,515,166
85,516,174
85,517,164
85,518,192
85,519,184
85,520,185
85,521,163
85,522,163
85,523,125
85,524,167
85,525,149
85,526,167
85,527,151
85,528,152
85,529,131
85,530,143
85,531,139
85,532,144
85,533,135
85,534,140
85,535,111
85,536,121
85,537,134
85,538,131
85,539,127
85,540,129
85,541,128
85,542,120
85,543,123
85,544,124
85,545,136
85,546,135
85,547,142
85,548,142
85,549,121
85,550,141
85,551,137
85,552,139
85,553,124
85,554,114
85,555,120
85,556,143
85,557,127
85,558,135
85,559,116
85,560,100
85,561,111
85,562,93
85,563,89
85,564,96
85,565,94
85,566,82
85,567,77
85,568,90
85,569,79
85,570,70
85,571,80
85,572,66
85,573,60
85,574,69
85,575,51
85,576,58
85,577,41
85,578,74
85,579,42
85,580,51
85,581,48
85,582,51
85,583,29
85,584,39
85,585,37
85,586,33
85,587,24
85,588,29
85,589,16
85,590,23
85,591,23
85,592,14
85,593,18
85,594,18
85,595,18
85,596,16
85,597,14
85,598,15
85,599,14
85,600,16
85,601,9
85,602,13
85,603,11
85,604,9
85,605,12
85,606,5
85,607,6
85,608,9
85,609,11
85,610,6
85,611,7
85,612,10
85,613,7
85,614,4
85,615,4
85,616,5
85,617,5
85,618,4
85,619,6
85,620,1
85,621,3
85,622,1
85,624,1
85,625,3
85,627,1
85,628,1
85,629,1
85,631,1
85,632,1
85,636,1
86,400,2
86,401,4
86,402,2
86,403,7
86,404,3
86,405,6
86,406,11
86,407,12
86,408,13
86,409,13
86,410,29
86,411,23
86,412,41
86,413,20
86,414,41
86,415,36
86,416,44
86,417,60
86,418,65
86,419,71
86,420,81
86,421,89
86,422,111
86,423,103
86,424,138
86,425,132
86,426,153
86,427,151
86,428,159
86,429,196
86,430,167
86,431,222
86,432,198
86,433,262
86,434,225
86,435,262
86,436,260
86,437,254
86,438,268
86,439,268
86,440,264
86,441,284
86,442,243
86,443,283
86,444,245
86,445,270
86,446,248
86,447,255
86,448,230
86,449,265
86,450,234
86,451,239
86,452,181
86,453,194
86,454,185
86,455,189
86,456,169
86,457,177
86,458,138
86,459,166
86,460,140
86,461,155
86,462,128
86,463,152
86,464,135
86,465,148
86,466,129
86,467,139
86,468,134
86,469,144
86,470,121
86,471,154
86,472,128
86,473,145
86,474,140
86,475,128
86,476,142
86,477,142
86,478,149
86,479,138
86,480,153
86,481,155
86,482,161
86,483,136
86,484,161
86,485,138
86,486,166
86,487,133
86,488,142
86,489,146
86,490,148
86,491,135
86,492,146
86,493,122
86,494,141
86,495,111
86,496,122
86,497,136
86,498,126
86,499,116
86,500,120
86,501,121
86,502,104
86,503,107
86,504,109
86,505,96
86,506,123
86,507,101
86,508,97
86,509,107
86,510,96
86,511,89
86,512,90
86,513,108
86,514,105
86,515,89
86,516,98
86,517,84
86,518,82
86,519,99
86,520,84
86,521,76
86,522,82
86,523,95
86,524,84
86,525,75
86,526,76
86,527,80
86,528,74
86,529,79
86,530,74
86,531,86
86,532,83
86,533,49
86,534,72
86,535,63
86,536,72
86,537,63
86,538,65
86,539,57
86,540,67
86,541,63
86,542,81
86,543,50
86,544,69
86,545,66
86,546,80
86,547,59
86,548,76
86,549,59
86,550,76
86,551,73
86,552,67
86,553,65
86,554,76
86,555,62
86,556,87
86,557,75
86,558,82
86,559,64
86,560,71
86,561,61
86,562,71
86,563,68
86,564,57
86,565,64
86,566,63
86,567,49
86,568,62
86,569,58
86,570,60
86,571,54
86,572,53
86,573,39
86,574,40
86,575,42
86,576,44
86,577,33
86,578,37
86,579,34
86,580,39
86,581,31
86,582,44
86,583,21
86,584,32
86,585,27
86,586,24
86,587,17
86,588,20
86,589,19
86,590,22
86,591,15
86,592,15
86,593,11
86,594,14
86,595,7
86,596,19
86,597,5
86,598,16
86,599,2
86,600,14
86,601,13
86,602,9
86,603,9
86,604,13
86,605,5
86,606,13
86,607,6
86,608,6
86,609,4
86,610,8
86,611,12
86,612,7
86,613,6
86,614,8
86,615,6
86,616,1
86,617,5
86,618,5
86,619,10
86,620,3
86,621,5
86,622,3
86,623,4
86,624,3
86,625,4
86,626,4
86,627,6
86,628,2
86,629,8
86,630,4
86,631,5
86,633,1
86,634,2
86,635,2
86,636,1
86,637,2
86,639,2
86,642,1
86,647,1
87,403,1
87,405,2
87,407,2
87,408,2
87,409,1
87,410,6
87,411,1
87,412,5
87,413,4
87,414,6
87,415,9
87,416,6
87,417,16
87,418,12
87,419,17
87,420,23
87,421,23
87,422,38
87,423,26
87,424,43
87,425,41
87,426,48
87,427,55
87,428,47
87,429,76
87,430,50
87,431,93
87,432,66
87,433,98
87,434,96
87,435,102
87,436,122
87,437,109
87,438,112
87,439,128
87,440,118
87,441,143
87,442,127
87,443,146
87,444,124
87,445,150
87,446,123
87,447,145
87,448,138
87,449,147
87,450,134
87,451,140
87,452,130
87,453,129
87,454,128
87,455,130
87,456,102
87,457,132
87,458,106
87,459,129
87,460,110
87,461,113
87,462,95
87,463,107
87,464,100
87,465,116
87,466,90
87,467,101
87,468,89
87,469,87
87,470,93
87,471,92
87,472,85
87,473,76
87,474,79
87,475,97
87,476,81
87,477,94
87,478,76
87,479,91
87,480,74
87,481,92
87,482,83
87,483,95
87,484,76
87,485,78
87,486,83
87,487,90
87,488,77
87,489,98
87,490,84
87,491,74
87,492,84
87,493,74
87,494,76
87,495,94
87,496,83
87,497,83
87,498,73
87,499,76
87,500,82
87,501,73
87,502,71
87,503,61
87,504,90
87,505,68
87,506,74
87,507,71
87,508,54
87,509,64
87,510,51
87,511,68
87,512,57
87,513,58
87,514,72
87,515,57
87,516,59
87,517,59
87,518,53
87,519,55
87,520,55
87,521,62
87,522,44
87,523,46
87,524,55
87,525,50
87,526,49
87,527,48
87,528,59
87,529,50
87,530,50
87,531,53
87,532,47
87,533,51
87,534,53
87,535,46
87,536,44
87,537,46
87,538,44
87,539,44
87,540,42
87,541,38
87,542,33
87,543,45
87,544,41
87,545,42
87,546,44
87,547,40
87,548,37
87,549,36
87,550,53
87,551,44
87,552,62
87,553,35
87,554,44
87,555,40
87,556,38
87,557,38
87,558,48
87,559,37
87,560,50
87,561,38
87,562,44
87,563,50
87,564,41
87,565,44
87,566,55
87,567,40
87,568,34
87,569,44
87,570,45
87,571,40
87,572,56
87,573,32
87,574,43
87,575,39
87,576,36
87,577,37
87,578,40
87,579,27
87,580,39
87,581,32
87,582,28
87,583,29
87,584,35
87,585,21
87,586,32
87,587,19
87,588,33
87,589,18
87,590,25
87,591,25
87,592,18
87,593,16
87,594,21
87,595,13
87,596,16
87,597,9
87,598,14
87,599,8
87,600,10
87,601,13
87,602,13
87,603,8
87,604,14
87,605,5
87,606,10
87,607,9
87,608,13
87,609,6
87,610,10
87,611,7
87,612,11
87,613,4
87,614,10
87,615,8
87,616,8
87,617,5
87,618,7
87,619,7
87,620,4
87,621,4
87,622,7
87,623,7
87,624,3
87,625,2
87,626,4
87,627,2
87,628,3
87,629,7
87,630,7
87,631,2
87,632,1
87,633,8
87,634,1
87,635,3
87,636,2
87,637,2
87,638,2
87,639,3
87,640,3
87,642,2
87,643,2
87,644,4
87,645,2
87,646,1
87,647,1
87,649,1
87,651,3
87,652,3
87,653,1
87,657,1
87,667,1
88,417,2
88,418,2
88,419,4
88,420,3
88,421,6
88,422,7
88,423,5
88,424,9
88,425,8
88,426,11
88,427,15
88,428,6
88,429,21
88,430,13
88,431,25
88,432,19
88,433,25
88,434,33
88,435,32
88,436,35
88,437,41
88,438,42
88,439,45
88,440,48
88,441,59
88,442,57
88,443,76
88,444,54
88,445,86
88,446,73
88,447,79
88,448,92
88,449,86
88,450,103
88,451,94
88,452,109
88,453,97
88,454,104
88,455,107
88,456,101
88,457,114
88,458,106
88,459,112
88,460,106
88,461,111
88,462,108
88,463,101
88,464,90
88,465,107
88,466,87
88,467,93
88,468,89
88,469,93
88,470,81
88,471,94
88,472,68
88,473,81
88,474,73
88,475,83
88,476,66
88,477,70
88,478,62
88,479,68
88,480,50
88,481,70
88,482,60
88,483,67
88,484,44
88,485,54
88,486,45
88,487,72
88,488,49
88,489,68
88,490,43
88,491,68
88,492,41
88,493,71
88,494,53
88,495,68
88,496,55
88,497,62
88,498,63
88,499,68
88,500,74
88,501,60
88,502,75
88,503,69
88,504,66
88,505,54
88,506,65
88,507,53
88,508,58
88,509,59
88,510,55
88,511,58
88,512,45
88,513,60
88,514,59
88,515,43
88,516,58
88,517,48
88,518,40
88,519,48
88,520,44
88,521,41
88,522,44
88,523,45
88,524,42
88,525,42
88,526,36
88,527,34
88,528,56
88,529,48
88,530,36
88,531,46
88,532,32
88,533,45
88,534,45
88,535,47
88,536,38
88,537,41
88,538,36
88,539,37
88,540,39
88,541,32
88,542,37
88,543,44
88,544,30
88,545,40
88,546,26
88,547,37
88,548,35
88,549,36
88,550,27
88,551,40
88,552,48
88,553,32
88,554,29
88,555,34
88,556,25
88,557,29
88,558,23
88,559,23
88,560,34
88,561,39
88,562,29
88,563,32
88,564,29
88,565,23
88,566,22
88,567,26
88,568,23
88,569,37
88,570,28
88,571,30
88,572,36
88,573,24
88,574,34
88,575,33
88,576,29
88,577,28
88,578,37
88,579,28
88,580,21
88,581,27
88,582,26
88,583,18
88,584,32
88,585,21
88,586,22
88,587,24
88,588,29
88,589,24
88,590,29
88,591,15
88,592,31
88,593,22
88,594,24
88,595,19
88,596,17
88,597,17
88,598,25
88,599,15
88,600,25
88,601,8
88,602,11
88,603,10
88,604,7
88,605,8
88,606,11
88,607,9
88,608,18
88,609,6
88,610,9
88,611,7
88,612,5
88,613,7
88,614,7
88,615,5
88,616,11
88,617,3
88,618,9
88,619,2
88,620,4
88,621,2
88,622,5
88,623,6
88,624,4
88,625,4
88,626,4
88,627,4
88,628,4
88,629,2
88,630,6
88,631,3
88,632,6
88,633,2
88,635,1
88,636,1
88,637,2
88,638,3
88,639,5
88,640,1
88,641,1
88,642,2
88,643,3
88,644,4
88,645,4
88,646,3
88,647,3
88,648,2
88,649,5
88,650,3
88,651,1
88,652,3
88,653,1
88,654,2
88,655,3
88,656,6
88,657,3
88,659,1
88,660,1
88,661,1
88,662,1
88,663,1
88,664,2
88,665,2
88,666,2
88,669,1
88,670,1
88,681,1
88,682,1
89,422,1
89,424,1
89,426,1
89,427,2
89,428,2
89,429,4
89,430,3
89,431,6
89,432,4
89,433,6
89,434,6
89,435,4
89,436,11
89,437,4
89,438,13
89,439,9
89,440,11
89,441,23
89,442,10
89,443,34
89,444,25
89,445,34
89,446,38
89,447,42
89,448,48
89,449,51
89,450,59
89,451,57
89,452,72
89,453,62
89,454,78
89,455,90
89,456,70
89,457,93
89,458,86
89,459,93
89,460,102
89,461,84
89,462,107
89,463,86
89,464,107
89,465,93
89,466,108
89,467,86
89,468,92
89,469,89
89,470,93
89,471,93
89,472,94
89,473,99
89,474,94
89,475,88
89,476,76
89,477,84
89,478,83
89,479,77
89,480,74
89,481,66
89,482,73
89,483,72
89,484,71
89,485,67
89,486,68
89,487,54
89,488,50
89,489,70
89,490,55
89,491,64
89,492,53
89,493,45
89,494,53
89,495,58
89,496,63
89,497,67
89,498,59
89,499,61
89,500,60
89,501,67
89,502,63
89,503,69
89,504,64
89,505,83
89,506,59
89,507,73
89,508,59
89,509,61
89,510,63
89,511,69
89,512,82
89,513,63
89,514,61
89,515,49
89,516,52
89,517,57
89,518,51
89,519,54
89,520,50
89,521,55
89,522,38
89,523,58
89,524,36
89,525,40
89,526,47
89,527,50
89,528,45
89,529,54
89,530,32
89,531,49
89,532,44
89,533,51
89,534,38
89,535,46
89,536,49
89,537,49
89,538,36
89,539,53
89,540,46
89,541,36
89,542,41
89,543,39
89,544,43
89,545,51
89,546,43
89,547,38
89,548,42
89,549,45
89,550,30
89,551,31
89,552,30
89,553,39
89,554,36
89,555,34
89,556,33
89,557,34
89,558,24
89,559,31
89,560,30
89,561,27
89,562,29
89,563,30
89,564,24
89,565,18
89,566,17
89,567,22
89,568,16
89,569,32
89,570,29
89,571,24
89,572,27
89,573,23
89,574,13
89,575,32
89,576,26
89,577,22
89,578,18
89,579,26
89,580,21
89,581,29
89,582,22
89,583,18
89,584,22
89,585,21
89,586,19
89,587,13
89,588,28
89,589,18
89,590,26
89,591,22
89,592,26
89,593,18
89,594,15
89,595,18
89,596,23
89,597,19
89,598,24
89,599,19
89,600,20
89,601,20
89,602,16
89,603,11
89,604,18
89,605,13
89,606,17
89,607,10
89,608,18
89,609,15
89,610,14
89,611,7
89,612,13
89,613,11
89,614,10
89,615,9
89,616,2
89,617,13
89,618,7
89,619,8
89,620,7
89,621,6
89,622,7
89,623,7
89,624,6
89,625,5
89,626,8
89,627,8
89,628,7
89,629,4
89,630,4
89,631,4
89,632,3
89,633,4
89,634,2
89,635,3
89,636,5
89,637,1
89,638,1
89,639,5
89,640,5
89,641,5
89,642,2
89,643,4
89,644,3
89,645,1
89,646,3
89,647,3
89,648,2
89,649,4
89,650,4
89,651,4
89,652,3
89,653,5
89,654,6
89,655,6
89,656,5
89,657,1
89,658,2
89,659,6
89,660,5
89,661,5
89,662,4
89,663,2
89,664,4
89,665,1
89,666,2
89,667,4
89,668,2
89,669,3
89,670,2
89,671,1
89,672,1
89,673,3
89,674,2
89,675,4
89,676,1
89,679,2
89,680,2
89,682,1
89,683,1
89,684,1
89,685,1
89,686,2
89,689,1
89,692,1
89,701,1
90,432,1
90,434,1
90,436,1
90,437,4
90,438,1
90,439,5
90,440,3
90,441,6
90,442,10
90,443,10
90,444,14
90,445,17
90,446,22
90,447,25
90,448,31
90,449,35
90,450,44
90,451,42
90,452,42
90,453,69
90,454,48
90,455,70
90,456,66
90,457,82
90,458,81
90,459,85
90,460,102
90,461,86
90,462,106
90,463,84
90,464,109
90,465,80
90,466,125
90,467,78
90,468,110
90,469,113
90,470,118
90,471,104
90,472,118
90,473,123
90,474,111
90,475,115
90,476,107
90,477,113
90,478,92
90,479,111
90,480,105
90,481,104
90,482,102
90,483,86
90,484,107
90,485,96
90,486,101
90,487,99
90,488,100
90,489,76
90,490,82
90,491,77
90,492,92
90,493,80
90,494,83
90,495,77
90,496,71
90,497,81
90,498,66
90,499,75
90,500,80
90,501,82
90,502,68
90,503,89
90,504,70
90,505,86
90,506,63
90,507,89
90,508,76
90,509,101
90,510,74
90,511,79
90,512,77
90,513,74
90,514,88
90,515,65
90,516,80
90,517,68
90,518,62
90,519,72
90,520,65
90,521,76
90,522,53
90,523,78
90,524,72
90,525,76
90,526,65
90,527,68
90,528,42
90,529,58
90,530,53
90,531,55
90,532,48
90,533,68
90,534,58
90,535,60
90,536,48
90,537,48
90,538,47
90,539,50
90,540,70
90,541,69
90,542,71
90,543,55
90,544,58
90,545,73
90,546,50
90,547,52
90,548,48
90,549,46
90,550,55
90,551,49
90,552,53
90,553,48
90,554,36
90,555,51
90,556,39
90,557,49
90,558,43
90,559,47
90,560,35
90,561,41
90,562,27
90,563,36
90,564,27
90,565,37
90,566,28
90,567,27
90,568,39
90,569,24
90,570,27
90,571,29
90,572,25
90,573,25
90,574,38
90,575,22
90,576,25
90,577,32
90,578,27
90,579,39
90,580,27
90,581,29
90,582,28
90,583,29
90,584,27
90,585,26
90,586,33
90,587,26
90,588,34
90,589,22
90,590,29
90,591,27
90,592,29
90,593,22
90,594,24
90,595,22
90,596,25
90,597,29
90,598,19
90,599,17
90,600,38
90,601,25
90,602,22
90,603,19
90,604,25
90,605,13
90,606,17
90,607,15
90,608,25
90,609,13
90,610,28
90,611,15
90,612,23
90,613,14
90,614,14
90,615,17
90,616,11
90,617,20
90,618,11
90,619,14
90,620,13
90,621,18
90,622,11
90,623,18
90,624,6
90,625,12
90,626,10
90,627,13
90,628,14
90,629,8
90,630,13
90,631,10
90,632,10
90,633,8
90,634,5
90,635,3
90,636,8
90,637,12
90,638,6
90,639,10
90,640,3
90,641,7
90,642,5
90,643,5
90,644,11
90,645,4
90,646,4
90,647,8
90,648,4
90,649,6
90,650,4
90,651,6
90,652,5
90,653,8
90,654,4
90,655,4
90,656,3
90,657,5
90,658,3
90,659,1
90,660,4
90,661,2
90,662,4
90,663,5
90,664,5
90,665,2
90,666,3
90,667,2
90,668,1
90,669,5
90,670,4
90,671,2
90,672,6
90,673,1
90,674,1
90,675,5
90,676,3
90,677,2
90,678,3
90,679,1
90,680,3
90,681,4
90,682,2
90,683,1
90,684,1
90,685,1
90,686,2
90,687,6
90,688,1
90,689,4
90,690,2
90,691,1
90,692,1
90,693,4
90,695,3
90,696,1
90,697,2
90,699,1
90,700,1
90,701,2
90,702,1
90,703,1
90,705,1
90,706,1
90,707,1
90,708,2
90,709,1
90,711,1
90,715,1
90,717,1
90,720,1
91,437,1
91,438,1
91,439,3
91,440,3
91,441,7
91,442,5
91,443,8
91,444,13
91,445,9
91,446,29
91,447,11
91,448,31
91,449,26
91,450,34
91,451,43
91,452,34
91,453,68
91,454,45
91,455,81
91,456,56
91,457,89
91,458,76
91,459,87
91,460,91
91,461,90
91,462,109
91,463,76
91,464,142
91,465,91
91,466,137
91,467,99
91,468,135
91,469,122
91,470,157
91,471,136
91,472,129
91,473,144
91,474,126
91,475,141
91,476,128
91,477,152
91,478,123
91,479,137
91,480,129
91,481,126
91,482,134
91,483,135
91,484,144
91,485,135
91,486,151
91,487,127
91,488,120
91,489,133
91,490,116
91,491,112
91,492,148
91,493,115
91,494,107
91,495,123
91,496,113
91,497,93
91,498,109
91,499,118
91,500,107
91,501,110
91,502,98
91,503,103
91,504,98
91,505,109
91,506,84
91,507,130
91,508,114
91,509,92
91,510,97
91,511,95
91,512,103
91,513,107
91,514,106
91,515,89
91,516,103
91,517,91
91,518,91
91,519,108
91,520,101
91,521,99
91,522,99
91,523,96
91,524,81
91,525,109
91,526,87
91,527,70
91,528,69
91,529,80
91,530,76
91,531,83
91,532,72
91,533,69
91,534,81
91,535,90
91,536,83
91,537,85
91,538,64
91,539,75
91,540,93
91,541,107
91,542,68
91,543,86
91,544,82
91,545,61
91,546,84
91,547,73
91,548,70
91,549,69
91,550,79
91,551,68
91,552,78
91,553,69
91,554,65
91,555,53
91,556,67
91,557,58
91,558,63
91,559,76
91,560,44
91,561,60
91,562,49
91,563,56
91,564,51
91,565,48
91,566,39
91,567,53
91,568,47
91,569,42
91,570,52
91,571,37
91,572,38
91,573,37
91,574,50
91,575,30
91,576,36
91,577,43
91,578,32
91,579,38
91,580,39
91,581,38
91,582,47
91,583,37
91,584,41
91,585,34
91,586,59
91,587,35
91,588,49
91,589,44
91,590,39
91,591,23
91,592,49
91,593,35
91,594,34
91,595,25
91,596,43
91,597,32
91,598,37
91,599,39
91,600,28
91,601,39
91,602,32
91,603,26
91,604,22
91,605,35
91,606,35
91,607,23
91,608,27
91,609,23
91,610,43
91,611,20
91,612,23
91,613,19
91,614,20
91,615,22
91,616,22
91,617,29
91,618,18
91,619,22
91,620,18
91,621,29
91,622,25
91,623,31
91,624,9
91,625,22
91,626,12
91,627,17
91,628,25
91,629,15
91,630,18
91,631,12
91,632,18
91,633,22
91,634,21
91,635,11
91,636,10
91,637,20
91,638,13
91,639,18
91,640,11
91,641,15
91,642,12
91,643,12
91,644,13
91,645,9
91,646,9
91,647,14
91,648,8
91,649,3
91,650,14
91,651,10
91,652,9
91,653,5
91,654,3
91,655,8
91,656,7
91,657,6
91,658,8
91,659,5
91,660,4
91,661,7
91,662,3
91,663,4
91,664,11
91,665,4
91,666,3
91,667,2
91,668,3
91,669,1
91,670,3
91,671,3
91,672,6
91,673,5
91,674,4
91,675,9
91,676,4
91,677,4
91,678,3
91,679,1
91,680,3
91,681,4
91,682,4
91,683,2
91,684,2
91,685,3
91,686,4
91,687,3
91,689,6
91,690,4
91,691,5
91,692,1
91,693,2
91,694,3
91,695,6
91,696,3
91,697,1
91,699,10
91,701,4
91,702,1
91,703,3
91,704,1
91,705,1
91,706,1
91,707,3
91,708,6
91,709,2
91,710,1
91,711,2
91,712,3
91,713,4
91,714,1
91,715,2
91,716,3
91,717,6
91,718,2
91,719,2
91,721,1
91,723,2
91,724,1
91,725,2
91,727,1
91,728,1
91,735,1
92,438,1
92,439,1
92,440,2
92,441,3
92,442,7
92,443,4
92,444,13
92,445,4
92,446,19
92,447,11
92,448,22
92,449,22
92,450,22
92,451,35
92,452,26
92,453,57
92,454,34
92,455,60
92,456,46
92,457,65
92,458,69
92,459,58
92,460,88
92,461,76
92,462,100
92,463,84
92,464,111
92,465,109
92,466,126
92,467,104
92,468,126
92,469,115
92,470,150
92,471,129
92,472,115
92,473,125
92,474,132
92,475,126
92,476,140
92,477,118
92,478,136
92,479,118
92,480,139
92,481,144
92,482,148
92,483,151
92,484,136
92,485,167
92,486,138
92,487,154
92,488,148
92,489,148
92,490,143
92,491,151
92,492,150
92,493,139
92,494,142
92,495,143
92,496,146
92,497,146
92,498,150
92,499,145
92,500,133
92,501,124
92,502,163
92,503,144
92,504,147
92,505,131
92,506,131
92,507,131
92,508,154
92,509,123
92,510,128
92,511,134
92,512,127
92,513,132
92,514,123
92,515,147
92,516,124
92,517,149
92,518,138
92,519,117
92,520,134
92,521,141
92,522,121
92,523,123
92,524,115
92,525,102
92,526,113
92,527,85
92,528,101
92,529,117
92,530,110
92,531,94
92,532,95
92,533,103
92,534,92
92,535,124
92,536,102
92,537,98
92,538,111
92,539,110
92,540,90
92,541,112
92,542,94
92,543,94
92,544,91
92,545,86
92,546,96
92,547,94
92,548,101
92,549,100
92,550,92
92,551,92
92,552,99
92,553,94
92,554,108
92,555,74
92,556,92
92,557,81
92,558,91
92,559,87
92,560,76
92,561,75
92,562,67
92,563,74
92,564,56
92,565,74
92,566,66
92,567,62
92,568,55
92,569,71
92,570,63
92,571,65
92,572,64
92,573,56
92,574,61
92,575,54
92,576,39
92,577,48
92,578,58
92,579,45
92,580,53
92,581,56
92,582,51
92,583,54
92,584,68
92,585,36
92,586,47
92,587,53
92,588,55
92,589,50
92,590,48
92,591,47
92,592,63
92,593,52
92,594,43
92,595,40
92,596,56
92,597,49
92,598,46
92,599,33
92,600,35
92,601,60
92,602,46
92,603,31
92,604,31
92,605,42
92,606,46
92,607,32
92,608,30
92,609,30
92,610,35
92,611,40
92,612,25
92,613,35
92,614,31
92,615,33
92,616,27
92,617,27
92,618,32
92,619,30
92,620,29
92,621,39
92,622,28
92,623,34
92,624,18
92,625,31
92,626,17
92,627,31
92,628,25
92,629,29
92,630,25
92,631,26
92,632,34
92,633,24
92,634,26
92,635,29
92,636,18
92,637,27
92,638,18
92,639,15
92,640,20
92,641,23
92,642,32
92,643,19
92,644,12
92,645,25
92,646,24
92,647,17
92,648,11
92,649,19
92,650,15
92,651,12
92,652,14
92,653,14
92,654,19
92,655,21
92,656,13
92,657,8
92,658,8
92,659,13
92,660,11
92,661,11
92,662,12
92,663,10
92,664,7
92,665,6
92,666,2
92,667,4
92,668,11
92,669,6
92,670,11
92,671,6
92,672,11
92,673,6
92,674,12
92,675,7
92,676,6
92,677,8
92,678,4
92,679,2
92,680,1
92,681,1
92,682,3
92,683,3
92,684,7
92,685,6
92,686,8
92,687,6
92,688,3
92,689,3
92,690,4
92,691,5
92,692,7
92,693,3
92,694,7
92,695,3
92,696,3
92,697,1
92,698,9
92,699,5
92,700,4
92,701,3
92,702,1
92,703,5
92,704,8
92,705,2
92,707,6
92,708,6
92,709,6
92,710,6
92,711,2
92,712,4
92,713,9
92,714,5
92,715,3
92,716,6
92,717,4
92,718,6
92,719,2
92,720,6
92,721,7
92,722,4
92,723,3
92,724,2
92,725,4
92,727,2
92,728,1
92,729,2
92,731,1
92,732,1
92,733,1
92,734,1
92,736,2
92,739,1
92,740,2
92,746,1
93,440,1
93,442,6
93,444,10
93,445,1
93,446,11
93,447,8
93,448,10
93,449,14
93,450,11
93,451,25
93,452,12
93,453,31
93,454,18
93,455,33
93,456,31
93,457,33
93,458,42
93,459,36
93,460,55
93,461,48
93,462,63
93,463,64
93,464,66
93,465,83
93,466,78
93,467,88
93,468,75
93,469,88
93,470,86
93,471,99
93,472,85
93,473,99
93,474,106
93,475,74
93,476,130
93,477,81
93,478,134
93,479,99
93,480,145
93,481,111
93,482,117
93,483,144
93,484,120
93,485,133
93,486,128
93,487,125
93,488,126
93,489,145
93,490,137
93,491,126
93,492,130
93,493,134
93,494,143
93,495,148
93,496,145
93,497,150
93,498,150
93,499,152
93,500,162
93,501,154
93,502,172
93,503,141
93,504,173
93,505,158
93,506,177
93,507,138
93,508,145
93,509,126
93,510,164
93,511,152
93,512,122
93,513,146
93,514,138
93,515,152
93,516,143
93,517,162
93,518,119
93,519,147
93,520,133
93,521,118
93,522,118
93,523,133
93,524,143
93,525,102
93,526,112
93,527,103
93,528,132
93,529,112
93,530,112
93,531,91
93,532,91
93,533,133
93,534,131
93,535,114
93,536,94
93,537,100
93,538,116
93,539,102
93,540,79
93,541,96
93,542,115
93,543,86
93,544,101
93,545,87
93,546,90
93,547,105
93,548,100
93,549,92
93,550,106
93,551,107
93,552,112
93,553,107
93,554,118
93,555,79
93,556,100
93,557,104
93,558,110
93,559,87
93,560,88
93,561,68
93,562,72
93,563,81
93,564,71
93,565,83
93,566,77
93,567,79
93,568,63
93,569,70
93,570,72
93,571,72
93,572,47
93,573,65
93,574,67
93,575,61
93,576,73
93,577,67
93,578,59
93,579,49
93,580,60
93,581,49
93,582,55
93,583,60
93,584,61
93,585,62
93,586,67
93,587,58
93,588,48
93,589,47
93,590,54
93,591,55
93,592,52
93,593,53
93,594,47
93,595,57
93,596,51
93,597,50
93,598,37
93,599,46
93,600,42
93,601,50
93,602,52
93,603,39
93,604,40
93,605,53
93,606,43
93,607,45
93,608,32
93,609,35
93,610,37
93,611,27
93,612,26
93,613,39
93,614,32
93,615,23
93,616,30
93,617,35
93,618,36
93,619,38
93,620,34
93,621,36
93,622,24
93,623,27
93,624,34
93,625,32
93,626,18
93,627,34
93,628,28
93,629,32
93,630,35
93,631,33
93,632,25
93,633,35
93,634,27
93,635,35
93,636,27
93,637,23
93,638,28
93,639,26
93,640,22
93,641,29
93,642,28
93,643,25
93,644,27
93,645,30
93,646,23
93,647,26
93,648,13
93,649,21
93,650,24
93,651,20
93,652,17
93,653,12
93,654,19
93,655,23
93,656,10
93,657,16
93,658,10
93,659,14
93,660,9
93,661,12
93,662,15
93,663,12
93,664,8
93,665,13
93,666,7
93,667,11
93,668,10
93,669,9
93,670,10
93,671,8
93,672,9
93,673,9
93,674,13
93,675,8
93,676,4
93,677,9
93,678,7
93,679,3
93,680,4
93,681,6
93,682,10
93,683,5
93,684,8
93,685,4
93,686,5
93,687,6
93,688,8
93,689,4
93,690,3
93,691,4
93,692,6
93,693,8
93,694,10
93,695,5
93,696,5
93,697,3
93,698,6
93,699,11
93,700,7
93,701,6
93,702,7
93,703,5
93,704,7
93,705,3
93,706,1
93,707,2
93,708,6
93,709,5
93,710,5
93,711,4
93,712,2
93,713,5
93,714,7
93,715,2
93,716,8
93,717,8
93,718,4
93,719,4
93,720,6
93,721,3
93,722,3
93,723,4
93,724,4
93,725,2
93,726,1
93,727,3
93,728,4
93,729,1
93,731,4
93,732,1
93,733,2
93,734,3
93,736,2
93,738,3
93,739,2
93,742,1
93,744,1
93,756,1
93,760,2
93,761,1
94,442,2
94,444,4
94,446,8
94,447,2
94,448,6
94,449,6
94,450,4
94,451,11
94,452,1
94,453,12
94,454,5
94,455,13
94,456,8
94,457,12
94,458,20
94,459,12
94,460,24
94,461,17
94,462,33
94,463,27
94,464,28
94,465,42
94,466,29
94,467,47
94,468,36
94,469,57
94,470,34
94,471,64
94,472,50
94,473,55
94,474,64
94,475,53
94,476,82
94,477,47
94,478,102
94,479,57
94,480,96
94,481,61
94,482,89
94,483,80
94,484,85
94,485,78
94,486,75
94,487,85
94,488,72
94,489,89
94,490,96
94,491,79
94,492,92
94,493,100
94,494,101
94,495,104
94,496,94
94,497,116
94,498,111
94,499,147
94,500,128
94,501,136
94,502,124
94,503,135
94,504,136
94,505,129
94,506,135
94,507,125
94,508,122
94,509,116
94,510,111
94,511,114
94,512,97
94,513,131
94,514,118
94,515,118
94,516,109
94,517,136
94,518,101
94,519,119
94,520,93
94,521,113
94,522,104
94,523,108
94,524,91
94,525,84
94,526,92
94,527,92
94,528,109
94,529,92
94,530,99
94,531,86
94,532,73
94,533,97
94,534,85
94,535,68
94,536,73
94,537,92
94,538,71
94,539,70
94,540,62
94,541,67
94,542,83
94,543,70
94,544,76
94,545,71
94,546,77
94,547,70
94,548,76
94,549,83
94,550,67
94,551,78
94,552,79
94,553,100
94,554,91
94,555,77
94,556,83
94,557,90
94,558,86
94,559,71
94,560,68
94,561,59
94,562,69
94,563,60
94,564,54
94,565,67
94,566,69
94,567,61
94,568,52
94,569,56
94,570,37
94,571,54
94,572,51
94,573,48
94,574,54
94,575,56
94,576,50
94,577,42
94,578,45
94,579,47
94,580,48
94,581,46
94,582,59
94,583,45
94,584,42
94,585,50
94,586,48
94,587,34
94,588,33
94,589,51
94,590,47
94,591,49
94,592,44
94,593,43
94,594,41
94,595,38
94,596,34
94,597,44
94,598,39
94,599,41
94,600,40
94,601,43
94,602,38
94,603,39
94,604,28
94,605,36
94,606,32
94,607,26
94,608,36
94,609,40
94,610,26
94,611,24
94,612,19
94,613,25
94,614,27
94,615,20
94,616,22
94,617,19
94,618,27
94,619,23
94,620,26
94,621,21
94,622,25
94,623,20
94,624,23
94,625,24
94,626,21
94,627,30
94,628,30
94,629,19
94,630,30
94,631,29
94,632,30
94,633,23
94,634,24
94,635,23
94,636,15
94,637,21
94,638,19
94,639,24
94,640,20
94,641,20
94,642,14
94,643,17
94,644,18
94,645,20
94,646,26
94,647,11
94,648,12
94,649,20
94,650,15
94,651,17
94,652,21
94,653,10
94,654,14
94,655,13
94,656,13
94,657,16
94,658,12
94,659,11
94,660,5
94,661,16
94,662,11
94,663,10
94,664,12
94,665,13
94,666,4
94,667,13
94,668,10
94,669,7
94,670,9
94,671,7
94,672,9
94,673,4
94,674,8
94,675,8
94,676,4
94,677,8
94,678,5
94,679,6
94,680,5
94,681,6
94,682,12
94,683,11
94,684,5
94,685,1
94,686,5
94,687,6
94,688,13
94,689,9
94,690,4
94,691,4
94,692,10
94,693,5
94,694,7
94,695,8
94,696,8
94,697,7
94,698,7
94,699,4
94,700,3
94,701,8
94,702,2
94,703,3
94,704,2
94,705,3
94,706,6
94,707,6
94,708,4
94,709,8
94,710,4
94,711,6
94,712,3
94,713,3
94,714,2
94,715,6
94,716,1
94,717,2
94,718,2
94,719,4
94,720,3
94,721,3
94,722,2
94,723,1
94,724,3
94,725,2
94,726,3
94,727,6
94,728,4
94,730,2
94,732,3
94,733,3
94,734,1
94,736,3
94,737,2
94,738,3
94,739,3
94,740,1
94,741,1
94,742,2
94,743,2
94,746,1
94,751,1
94,757,1
94,759,2
94,760,1
94,764,1
95,444,2
95,446,2
95,448,2
95,449,2
95,451,2
95,453,3
95,455,2
95,456,4
95,457,3
95,458,7
95,459,2
95,460,10
95,461,6
95,462,11
95,463,12
95,464,4
95,465,17
95,466,10
95,467,23
95,468,12
95,469,20
95,470,14
95,471,21
95,472,20
95,473,22
95,474,25
95,475,21
95,476,43
95,477,21
95,478,43
95,479,23
95,480,36
95,481,24
95,482,41
95,483,25
95,484,42
95,485,41
95,486,31
95,487,45
95,488,39
95,489,36
95,490,44
95,491,31
95,492,46
95,493,43
95,494,58
95,495,48
95,496,51
95,497,64
95,498,56
95,499,70
95,500,55
95,501,77
95,502,66
95,503,72
95,504,72
95,505,77
95,506,68
95,507,66
95,508,67
95,509,78
95,510,45
95,511,69
95,512,61
95,513,64
95,514,56
95,515,68
95,516,57
95,517,86
95,518,61
95,519,70
95,520,61
95,521,56
95,522,65
95,523,52
95,524,49
95,525,58
95,526,51
95,527,49
95,528,54
95,529,55
95,530,46
95,531,56
95,532,45
95,533,52
95,534,39
95,535,50
95,536,42
95,537,58
95,538,35
95,539,34
95,540,48
95,541,42
95,542,51
95,543,32
95,544,49
95,545,41
95,546,38
95,547,40
95,548,39
95,549,51
95,550,28
95,551,40
95,552,45
95,553,60
95,554,45
95,555,42
95,556,45
95,557,43
95,558,42
95,559,30
95,560,33
95,561,28
95,562,40
95,563,42
95,564,35
95,565,36
95,566,31
95,567,28
95,568,31
95,569,32
95,570,25
95,571,36
95,572,34
95,573,19
95,574,43
95,575,26
95,576,21
95,577,32
95,578,18
95,579,34
95,580,35
95,581,31
95,582,20
95,583,31
95,584,25
95,585,28
95,586,18
95,587,20
95,588,29
95,589,26
95,590,23
95,591,27
95,592,39
95,593,19
95,594,9
95,595,25
95,596,24
95,597,28
95,598,27
95,599,20
95,600,19
95,601,28
95,602,21
95,603,34
95,604,19
95,605,25
95,606,17
95,607,17
95,608,18
95,609,17
95,610,24
95,611,20
95,612,16
95,613,11
95,614,15
95,615,10
95,616,12
95,617,6
95,618,12
95,619,14
95,620,17
95,621,10
95,622,17
95,623,10
95,624,10
95,625,13
95,626,14
95,627,11
95,628,14
95,629,8
95,630,16
95,631,11
95,632,13
95,633,11
95,634,20
95,635,13
95,636,12
95,637,8
95,638,14
95,639,17
95,640,15
95,641,10
95,642,3
95,643,6
95,644,12
95,645,11
95,646,14
95,647,11
95,648,11
95,649,6
95,650,9
95,651,17
95,652,7
95,653,7
95,654,7
95,655,10
95,656,11
95,657,10
95,658,6
95,659,9
95,660,11
95,661,9
95,662,2
95,663,7
95,664,8
95,665,8
95,666,5
95,667,4
95,668,5
95,669,6
95,670,5
95,671,4
95,672,5
95,673,5
95,674,5
95,675,5
95,676,6
95,677,2
95,678,3
95,679,9
95,680,5
95,681,5
95,682,3
95,683,5
95,684,6
95,685,6
95,686,5
95,687,6
95,688,8
95,689,3
95,690,3
95,691,3
95,692,3
95,693,3
95,694,5
95,695,2
95,696,7
95,697,2
95,698,6
95,699,3
95,700,4
95,701,4
95,702,5
95,703,5
95,704,1
95,706,4
95,707,4
95,708,4
95,709,6
95,710,2
95,711,2
95,712,2
95,713,6
95,714,5
95,715,4
95,716,2
95,717,2
95,719,2
95,721,1
95,722,3
95,723,1
95,724,1
95,725,2
95,726,3
95,727,2
95,728,2
95,729,2
95,730,1
95,731,3
95,732,2
95,734,1
95,736,1
95,737,1
95,738,5
95,741,1
95,742,1
95,743,1
95,744,2
95,745,1
95,746,1
95,764,1
95,768,1
96,456,2
96,460,2
96,461,2
96,463,4
96,465,5
96,466,2
96,467,7
96,468,2
96,469,1
96,470,3
96,471,5
96,472,6
96,473,5
96,474,6
96,475,4
96,476,8
96,477,5
96,478,6
96,479,7
96,480,7
96,481,6
96,482,13
96,483,6
96,484,10
96,485,14
96,486,10
96,487,9
96,488,12
96,489,8
96,490,9
96,491,7
96,492,15
96,493,12
96,494,15
96,495,17
96,496,14
96,497,15
96,498,15
96,499,20
96,500,14
96,501,21
96,502,17
96,503,31
96,504,22
96,505,24
96,506,19
96,507,23
96,508,17
96,509,23
96,510,18
96,511,24
96,512,26
96,513,20
96,514,28
96,515,23
96,516,26
96,517,37
96,518,19
96,519,20
96,520,26
96,521,23
96,522,15
96,523,23
96,524,19
96,525,21
96,526,20
96,527,22
96,528,18
96,529,13
96,530,15
96,531,18
96,532,13
96,533,14
96,534,11
96,535,18
96,536,14
96,537,19
96,538,12
96,539,11
96,540,25
96,541,14
96,542,14
96,543,11
96,544,16
96,545,13
96,546,12
96,547,14
96,548,10
96,549,16
96,550,6
96,551,21
96,552,8
96,553,15
96,554,19
96,555,15
96,556,15
96,557,9
96,558,17
96,559,10
96,560,10
96,561,13
96,562,13
96,563,14
96,564,11
96,565,10
96,566,8
96,567,15
96,568,13
96,569,12
96,570,9
96,571,7
96,572,20
96,573,8
96,574,8
96,575,8
96,576,9
96,577,8
96,578,10
96,579,9
96,580,14
96,581,3
96,582,7
96,583,9
96,584,10
96,585,10
96,586,7
96,587,8
96,588,11
96,589,8
96,590,14
96,591,7
96,592,8
96,593,9
96,594,8
96,595,4
96,596,11
96,597,5
96,598,5
96,599,9
96,600,10
96,601,11
96,602,4
96,603,13
96,604,4
96,605,7
96,606,7
96,607,6
96,608,5
96,609,8
96,610,11
96,611,6
96,612,10
96,613,6
96,614,4
96,615,2
96,616,4
96,617,5
96,618,6
96,619,3
96,620,5
96,621,3
96,622,11
96,623,9
96,624,2
96,625,3
96,626,5
96,627,3
96,628,2
96,629,6
96,630,7
96,631,3
96,632,7
96,633,4
96,634,7
96,635,8
96,636,4
96,637,5
96,638,3
96,639,6
96,640,4
96,641,3
96,642,4
96,643,4
96,644,2
96,645,6
96,646,5
96,647,6
96,648,6
96,649,1
96,651,1
96,652,6
96,653,5
96,654,1
96,655,4
96,656,4
96,657,1
96,658,3
96,659,6
96,660,4
96,661,6
96,662,3
96,663,2
96,664,2
96,665,5
96,666,1
96,667,1
96,668,2
96,669,1
96,670,3
96,671,4
96,672,2
96,673,1
96,674,1
96,675,4
96,676,2
96,679,1
96,680,2
96,681,3
96,682,1
96,684,3
96,685,4
96,686,4
96,687,4
96,688,1
96,689,2
96,690,4
96,691,4
96,694,2
96,695,1
96,696,1
96,697,3
96,698,2
96,699,3
96,700,4
96,702,2
96,703,3
96,707,2
96,708,1
96,709,1
96,710,3
96,713,1
96,714,1
96,715,2
96,716,2
96,717,3
96,718,2
96,719,2
96,720,1
96,723,2
96,726,1
96,727,1
96,728,2
96,729,2
96,731,1
96,732,1
96,733,1
96,736,2
96,746,2
96,749,1
96,752,1
96,756,1
96,758,1
97,475,2
97,478,1
97,479,3
97,480,3
97,481,1
97,482,3
97,483,3
97,484,3
97,485,3
97,486,4
97,487,1
97,488,2
97,490,6
97,491,2
97,492,5
97,493,3
97,494,2
97,495,6
97,496,1
97,497,3
97,498,2
97,499,5
97,500,1
97,501,6
97,502,5
97,503,5
97,504,4
97,505,4
97,506,5
97,507,7
97,508,7
97,509,6
97,510,4
97,511,10
97,512,9
97,513,8
97,514,9
97,515,9
97,516,10
97,517,5
97,518,8
97,519,7
97,520,6
97,521,9
97,522,6
97,523,8
97,524,9
97,525,10
97,526,7
97,527,3
97,528,9
97,529,4
97,530,13
97,531,3
97,532,8
97,533,6
97,534,6
97,535,6
97,536,6
97,537,8
97,538,5
97,539,10
97,540,3
97,541,6
97,542,7
97,543,6
97,544,3
97,545,6
97,546,4
97,547,9
97,548,3
97,549,2
97,550,4
97,551,7
97,552,1
97,553,6
97,554,5
97,555,6
97,556,5
97,557,1
97,558,5
97,559,3
97,560,8
97,561,10
97,562,4
97,563,4
97,564,3
97,565,2
97,566,6
97,567,8
97,568,6
97,569,4
97,570,7
97,571,5
97,572,9
97,573,5
97,574,3
97,575,4
97,576,7
97,578,7
97,579,4
97,580,1
97,581,6
97,582,9
97,583,3
97,584,6
97,585,2
97,586,2
97,587,3
97,588,5
97,589,3
97,590,7
97,591,3
97,592,1
97,593,3
97,594,2
97,596,1
97,598,5
97,599,1
97,600,5
97,601,4
97,602,1
97,603,3
97,605,6
97,606,3
97,607,3
97,608,3
97,609,5
97,610,3
97,611,1
97,612,2
97,613,2
97,614,1
97,615,3
97,616,1
97,617,4
97,618,5
97,619,3
97,620,3
97,621,6
97,622,5
97,624,2
97,625,1
97,626,1
97,628,2
97,629,3
97,630,1
97,631,3
97,632,3
97,633,3
97,634,2
97,635,1
97,636,2
97,637,2
97,638,1
97,640,2
97,642,5
97,643,3
97,644,2
97,645,5
97,646,3
97,647,2
97,648,1
97,649,4
97,650,3
97,651,1
97,652,3
97,654,2
97,655,1
97,656,3
97,657,2
97,658,1
97,660,2
97,661,1
97,662,1
97,663,3
97,664,2
97,668,2
97,670,1
97,673,1
97,674,2
97,676,1
97,679,2
97,682,1
97,685,2
97,686,1
97,688,1
97,691,2
97,693,1
97,696,2
97,698,1
97,700,1
97,701,1
97,704,1
97,705,1
97,706,2
97,708,1
97,711,3
97,718,1
97,719,1
97,723,1
97,728,1
97,733,2
97,738,1
97,739,2
97,756,2
98,490,1
98,491,1
98,494,1
98,495,3
98,496,1
98,497,1
98,498,1
98,499,2
98,500,3
98,501,2
98,502,2
98,504,1
98,505,3
98,506,5
98,507,2
98,508,4
98,509,1
98,510,5
98,511,3
98,512,3
98,513,4
98,514,3
98,515,4
98,516,2
98,517,4
98,518,5
98,519,5
98,520,2
98,521,5
98,522,5
98,523,6
98,524,3
98,525,4
98,526,4
98,527,5
98,528,5
98,529,4
98,530,5
98,531,4
98,532,3
98,533,3
98,534,6
98,535,1
98,536,5
98,537,5
98,538,3
98,539,4
98,540,5
98,541,3
98,542,3
98,543,2
98,544,3
98,545,6
98,546,5
98,547,2
98,548,3
98,549,2
98,550,3
98,551,1
98,552,6
98,553,4
98,554,6
98,555,5
98,556,1
98,557,3
98,558,1
98,559,3
98,560,4
98,561,4
98,562,2
98,563,2
98,564,3
98,565,2
98,566,3
98,567,3
98,569,3
98,570,3
98,571,4
98,572,2
98,573,2
98,574,6
98,575,2
98,576,5
98,577,2
98,578,4
98,579,3
98,580,1
98,581,6
98,582,2
98,583,5
98,584,1
98,585,2
98,586,2
98,587,3
98,589,1
98,590,2
98,591,1
98,592,2
98,593,1
98,594,2
98,595,3
98,596,1
98,597,2
98,598,3
98,599,3
98,600,2
98,601,2
98,602,1
98,603,3
98,604,1
98,605,4
98,606,2
98,607,1
98,608,1
98,609,3
98,610,2
98,611,1
98,613,2
98,616,1
98,617,1
98,618,3
98,620,1
98,621,4
98,622,2
98,623,3
98,625,1
98,626,2
98,628,3
98,630,1
98,631,2
98,632,1
98,633,1
98,634,1
98,635,3
98,636,1
98,637,1
98,638,1
98,639,2
98,640,2
98,641,1
98,642,1
98,643,1
98,644,1
98,645,3
98,646,1
98,648,2
98,652,1
98,654,1
98,657,4
98,658,2
98,659,1
98,660,2
98,662,2
98,663,2
98,665,2
98,666,1
98,670,1
98,671,2
98,672,1
98,673,2
98,674,2
98,675,1
98,676,1
98,677,1
98,681,1
98,684,2
98,685,1
98,687,1
98,688,1
98,689,1
98,691,2
98,693,1
98,694,1
98,697,1
98,702,1
98,708,1
98,713,1
98,721,1
98,723,1
98,724,1
98,726,1
98,729,1
98,739,1
98,746,1
98,747,1
98,749,1
98,751,1
98,759,1
99,511,1
99,515,1
99,516,1
99,518,1
99,520,1
99,522,1
99,526,1
99,528,1
99,529,1
99,531,1
99,534,1
99,535,2
99,537,1
99,538,1
99,539,2
99,540,1
99,541,1
99,542,2
99,543,2
99,544,2
99,545,2
99,546,1
99,549,2
99,550,1
99,551,2
99,552,3
99,553,2
99,554,2
99,555,2
99,556,2
99,557,2
99,558,3
99,559,2
99,560,3
99,561,4
99,562,1
99,563,1
99,564,1
99,565,1
99,566,2
99,567,2
99,568,1
99,569,1
99,570,2
99,571,2
99,572,2
99,574,2
99,575,2
99,577,1
99,579,1
99,580,2
99,581,2
99,584,2
99,585,2
99,589,1
99,591,2
99,592,2
99,593,1
99,594,2
99,596,1
99,597,1
99,598,2
99,599,1
99,602,1
99,604,1
99,605,2
99,606,1
99,608,1
99,609,1
99,610,3
99,613,1
99,614,2
99,615,2
99,618,3
99,619,1
99,620,2
99,621,1
99,622,1
99,625,1
99,626,2
99,628,1
99,629,2
99,637,1
99,638,1
99,639,1
99,641,1
99,642,2
99,644,1
99,647,1
99,648,1
99,651,1
99,654,1
99,655,1
99,657,1
99,660,1
99,666,1
99,667,1
99,671,1
99,674,1
99,675,1
99,678,1
99,679,2
99,681,1
99,685,2
99,686,1
99,688,1
99,690,1
99,694,1
99,697,1
99,699,2
99,701,1
99,704,1
99,707,1
99,710,1
99,714,1
99,715,1
99,718,1
99,736,1
99,744,1
99,747,1
99,752,1
99,755,1
99,768,1
