depth,f_value,expanded
0,239,1
1,240,1
1,244,1
1,245,1
1,247,1
1,249,1
1,252,2
1,253,2
1,254,1
1,257,1
1,260,1
1,261,2
1,262,1
1,263,2
2,241,1
2,243,1
2,244,2
2,245,1
2,247,1
2,248,4
2,249,5
2,250,7
2,251,5
2,252,6
2,253,8
2,254,8
2,255,6
2,256,5
2,257,6
2,258,7
2,259,9
2,260,9
2,261,16
2,262,16
2,263,21
2,264,17
2,265,10
2,266,8
2,267,8
2,268,16
2,269,5
2,270,6
2,271,3
2,272,3
2,273,2
2,274,3
2,275,3
2,276,5
2,277,3
2,278,2
2,279,11
2,280,4
2,282,5
2,283,3
2,285,3
2,287,2
3,243,1
3,244,1
3,245,2
3,246,2
3,247,4
3,248,9
3,249,16
3,250,11
3,251,21
3,252,20
3,253,24
3,254,29
3,255,32
3,256,33
3,257,30
3,258,49
3,259,55
3,260,70
3,261,75
3,262,89
3,263,96
3,264,110
3,265,125
3,266,85
3,267,81
3,268,85
3,269,69
3,270,70
3,271,44
3,272,60
3,273,54
3,274,49
3,275,46
3,276,47
3,277,50
3,278,55
3,279,69
3,280,65
3,281,37
3,282,54
3,283,24
3,284,30
3,285,27
3,286,20
3,287,24
3,288,15
3,289,13
3,290,8
3,291,4
3,292,3
3,293,3
3,297,2
3,300,1
3,301,1
3,302,1
4,245,3
4,246,5
4,247,5
4,248,16
4,249,17
4,250,18
4,251,32
4,252,32
4,253,48
4,254,60
4,255,82
4,256,92
4,257,99
4,258,139
4,259,177
4,260,212
4,261,287
4,262,311
4,263,329
4,264,363
4,265,399
4,266,363
4,267,353
4,268,311
4,269,342
4,270,325
4,271,255
4,272,275
4,273,273
4,274,321
4,275,303
4,276,311
4,277,319
4,278,292
4,279,345
4,280,292
4,281,244
4,282,260
4,283,190
4,284,202
4,285,194
4,286,188
4,287,170
4,288,104
4,289,126
4,290,77
4,291,66
4,292,43
4,293,32
4,294,24
4,295,24
4,296,18
4,297,19
4,298,15
4,299,14
4,300,14
4,301,9
4,302,10
4,303,8
4,304,3
4,305,1
4,306,3
4,309,1
5,245,1
5,246,4
5,247,8
5,248,14
5,249,16
5,250,23
5,251,36
5,252,45
5,253,64
5,254,79
5,255,117
5,256,177
5,257,198
5,258,273
5,259,380
5,260,446
5,261,580
5,262,620
5,263,720
5,264,842
5,265,803
5,266,917
5,267,894
5,268,836
5,269,910
5,270,935
5,271,980
5,272,1010
5,273,1009
5,274,1104
5,275,1103
5,276,1160
5,277,1185
5,278,1032
5,279,1036
5,280,985
5,281,949
5,282,993
5,283,927
5,284,937
5,285,861
5,286,882
5,287,748
5,288,657
5,289,602
5,290,485
5,291,389
5,292,347
5,293,314
5,294,282
5,295,241
5,296,226
5,297,194
5,298,208
5,299,172
5,300,159
5,301,100
5,302,84
5,303,58
5,304,35
5,305,25
5,306,11
5,307,11
5,308,3
6,246,2
6,247,5
6,248,11
6,249,9
6,250,14
6,251,26
6,252,43
6,253,69
6,254,100
6,255,121
6,256,237
6,257,287
6,258,410
6,259,539
6,260,609
6,261,903
6,262,974
6,263,1185
6,264,1385
6,265,1395
6,266,1603
6,267,1822
6,268,1887
6,269,2125
6,270,2284
6,271,2471
6,272,2650
6,273,2707
6,274,2846
6,275,2745
6,276,2755
6,277,2896
6,278,2738
6,279,2827
6,280,2847
6,281,3021
6,282,3056
6,283,3220
6,284,3111
6,285,3072
6,286,2943
6,287,2829
6,288,2549
6,289,2369
6,290,2081
6,291,1966
6,292,1789
6,293,1670
6,294,1444
6,295,1395
6,296,1247
6,297,1189
6,298,1061
6,299,873
6,300,719
6,301,535
6,302,444
6,303,243
6,304,138
6,305,98
6,306,51
6,307,23
6,308,10
6,309,1
7,247,1
7,248,5
7,249,4
7,250,9
7,251,16
7,252,32
7,253,66
7,254,98
7,255,154
7,256,256
7,257,319
7,258,500
7,259,693
7,260,864
7,261,1205
7,262,1356
7,263,1617
7,264,2140
7,265,2246
7,266,2853
7,267,3351
7,268,3593
7,269,4323
7,270,4520
7,271,4912
7,272,5239
7,273,5526
7,274,5753
7,275,5757
7,276,5837
7,277,6107
7,278,6506
7,279,6830
7,280,7319
7,281,7556
7,282,8161
7,283,8246
7,284,8549
7,285,8459
7,286,8443
7,287,7954
7,288,7824
7,289,7468
7,290,7296
7,291,6706
7,292,6451
7,293,6019
7,294,5411
7,295,5295
7,296,4778
7,297,4266
7,298,3772
7,299,3145
7,300,2513
7,301,1661
7,302,1230
7,303,790
7,304,435
7,305,260
7,306,143
7,307,47
7,308,20
7,309,5
7,310,6
7,311,3
7,313,1
8,248,1
8,250,5
8,251,12
8,252,26
8,253,59
8,254,89
8,255,133
8,256,264
8,257,338
8,258,584
8,259,838
8,260,1083
8,261,1602
8,262,1864
8,263,2317
8,264,3123
8,265,3454
8,266,4714
8,267,5349
8,268,5903
8,269,7207
8,270,7602
8,271,8570
8,272,8985
8,273,9640
8,274,10023
8,275,10689
8,276,11196
8,277,12024
8,278,12655
8,279,14021
8,280,15343
8,281,16222
8,282,17393
8,283,18252
8,284,18749
8,285,19272
8,286,19586
8,287,19531
8,288,19393
8,289,19012
8,290,18758
8,291,17454
8,292,16750
8,293,16017
8,294,14881
8,295,14441
8,296,12933
8,297,11833
8,298,9415
8,299,7372
8,300,5623
8,301,3902
8,302,2527
8,303,1555
8,304,871
8,305,454
8,306,281
8,307,132
8,308,110
8,309,69
8,310,66
8,311,49
8,312,23
8,313,23
8,314,10
8,315,5
8,316,8
8,317,3
8,318,2
8,319,1
8,320,1
8,321,2
9,250,1
9,251,10
9,252,10
9,253,46
9,254,53
9,255,118
9,256,245
9,257,326
9,258,683
9,259,995
9,260,1236
9,261,1902
9,262,2219
9,263,3076
9,264,3934
9,265,4691
9,266,6580
9,267,7310
9,268,8866
9,269,10245
9,270,11167
9,271,12514
9,272,13445
9,273,14476
9,274,15557
9,275,16696
9,276,18261
9,277,20554
9,278,22345
9,279,24796
9,280,27006
9,281,29450
9,282,31921
9,283,33902
9,284,35525
9,285,37234
9,286,37984
9,287,38932
9,288,38861
9,289,38043
9,290,37590
9,291,36523
9,292,36052
9,293,34811
9,294,33706
9,295,31146
9,296,27178
9,297,23374
9,298,18616
9,299,14053
9,300,10631
9,301,7565
9,302,5106
9,303,3480
9,304,2448
9,305,1800
9,306,1317
9,307,1014
9,308,806
9,309,609
9,310,472
9,311,395
9,312,286
9,313,233
9,314,170
9,315,127
9,316,112
9,317,81
9,318,77
9,319,31
9,320,32
9,321,13
9,322,13
9,323,2
9,324,2
9,325,5
9,326,2
9,328,1
10,251,4
10,252,3
10,253,23
10,254,16
10,255,97
10,256,205
10,257,316
10,258,662
10,259,901
10,260,1188
10,261,1736
10,262,2151
10,263,3358
10,264,4257
10,265,5769
10,266,7643
10,267,9071
10,268,11096
10,269,12522
10,270,13936
10,271,15438
10,272,17031
10,273,18695
10,274,21432
10,275,23825
10,276,27112
10,277,30680
10,278,34334
10,279,38827
10,280,42792
10,281,47106
10,282,52158
10,283,56145
10,284,59484
10,285,62736
10,286,64259
10,287,66204
10,288,67657
10,289,68753
10,290,69822
10,291,70233
10,292,70430
10,293,68120
10,294,64740
10,295,58830
10,296,51443
10,297,43523
10,298,36249
10,299,29527
10,300,24494
10,301,19764
10,302,16259
10,303,13577
10,304,11186
10,305,9452
10,306,7854
10,307,6074
10,308,4715
10,309,3811
10,310,3074
10,311,2509
10,312,2069
10,313,1605
10,314,1240
10,315,958
10,316,720
10,317,502
10,318,421
10,319,284
10,320,184
10,321,139
10,322,90
10,323,79
10,324,40
10,325,47
10,326,21
10,327,6
10,328,3
10,329,3
10,330,1
10,331,1
11,251,1
11,253,7
11,254,2
11,255,64
11,256,145
11,257,223
11,258,475
11,259,564
11,260,889
11,261,1302
11,262,1831
11,263,3125
11,264,4247
11,265,5725
11,266,7627
11,267,9297
11,268,10925
11,269,12861
11,270,14312
11,271,16509
11,272,18655
11,273,21990
11,274,26270
11,275,30887
11,276,36459
11,277,41991
11,278,47850
11,279,55699
11,280,63503
11,281,71280
11,282,79343
11,283,86454
11,284,92832
11,285,99627
11,286,105394
11,287,111777
11,288,117061
11,289,123057
11,290,127956
11,291,131664
11,292,132001
11,293,129875
11,294,123977
11,295,116556
11,296,107202
11,297,98263
11,298,89168
11,299,80498
11,300,73260
11,301,66664
11,302,61041
11,303,54692
11,304,47915
11,305,41658
11,306,35286
11,307,27715
11,308,21706
11,309,17875
11,310,14538
11,311,11988
11,312,9598
11,313,7779
11,314,6168
11,315,4767
11,316,3595
11,317,2706
11,318,2016
11,319,1368
11,320,998
11,321,721
11,322,523
11,323,361
11,324,247
11,325,166
11,326,88
11,327,67
11,328,27
11,329,15
11,330,10
11,331,2
11,332,4
11,337,1
12,253,1
12,255,38
12,256,71
12,257,110
12,258,221
12,259,245
12,260,518
12,261,905
12,262,1402
12,263,2519
12,264,3550
12,265,4540
12,266,6189
12,267,7321
12,268,8817
12,269,10514
12,270,12282
12,271,15463
12,272,18431
12,273,23492
12,274,29634
12,275,36171
12,276,44541
12,277,53639
12,278,64099
12,279,77124
12,280,90783
12,281,104047
12,282,117799
12,283,131196
12,284,145070
12,285,160188
12,286,174846
12,287,190501
12,288,206654
12,289,222846
12,290,237188
12,291,249567
12,292,258526
12,293,262570
12,294,263503
12,295,261425
12,296,256112
12,297,247813
12,298,239195
12,299,229411
12,300,220175
12,301,210550
12,302,199671
12,303,182179
12,304,162827
12,305,141004
12,306,120656
12,307,95170
12,308,76124
12,309,61988
12,310,51574
12,311,42826
12,312,35181
12,313,27929
12,314,22266
12,315,17278
12,316,13174
12,317,9907
12,318,7506
12,319,5413
12,320,3900
12,321,2831
12,322,2014
12,323,1334
12,324,887
12,325,590
12,326,320
12,327,194
12,328,118
12,329,71
12,330,34
12,331,34
12,332,13
12,333,16
12,334,5
12,335,3
12,336,4
12,338,1
12,347,1
13,255,16
13,256,19
13,257,31
13,258,59
13,259,78
13,260,274
13,261,572
13,262,914
13,263,1669
13,264,2221
13,265,2801
13,266,3858
13,267,4410
13,268,5795
13,269,7085
13,270,9164
13,271,12632
13,272,16574
13,273,22636
13,274,29995
13,275,39100
13,276,50952
13,277,65045
13,278,82334
13,279,101802
13,280,123970
13,281,145715
13,282,169454
13,283,195481
13,284,222867
13,285,253215
13,286,286391
13,287,323322
13,288,362152
13,289,404734
13,290,445516
13,291,483477
13,292,517514
13,293,547496
13,294,570798
13,295,586100
13,296,594630
13,297,596226
13,298,592847
13,299,587438
13,300,579372
13,301,564771
13,302,541197
13,303,495864
13,304,440656
13,305,383278
13,306,327464
13,307,261467
13,308,212767
13,309,176093
13,310,146881
13,311,121372
13,312,99489
13,313,80228
13,314,62933
13,315,49390
13,316,37768
13,317,28322
13,318,21147
13,319,15351
13,320,10857
13,321,7639
13,322,5357
13,323,3575
13,324,2271
13,325,1507
13,326,1000
13,327,557
13,328,407
13,329,237
13,330,179
13,331,94
13,332,60
13,333,57
13,334,37
13,335,22
13,336,20
13,337,17
13,338,26
13,339,8
13,340,9
13,341,10
13,342,8
13,343,5
13,344,5
13,345,1
13,346,1
14,255,3
14,256,2
14,257,3
14,258,10
14,259,20
14,260,143
14,261,286
14,262,448
14,263,826
14,264,909
14,265,1328
14,266,1687
14,267,2049
14,268,3010
14,269,4076
14,270,6032
14,271,8947
14,272,13105
14,273,19342
14,274,27447
14,275,38678
14,276,54424
14,277,73824
14,278,97512
14,279,125414
14,280,157486
14,281,190979
14,282,229829
14,283,274150
14,284,324952
14,285,383607
14,286,451319
14,287,531257
14,288,618874
14,289,713231
14,290,808375
14,291,902924
14,292,991804
14,293,1073656
14,294,1144978
14,295,1206244
14,296,1248029
14,297,1281368
14,298,1298869
14,299,1307520
14,300,1300613
14,301,1274684
14,302,1220220
14,303,1116467
14,304,994694
14,305,866998
14,306,744202
14,307,602690
14,308,493836
14,309,411412
14,310,343186
14,311,286033
14,312,235566
14,313,189492
14,314,150418
14,315,117485
14,316,89824
14,317,66860
14,318,49058
14,319,34550
14,320,24145
14,321,16767
14,322,11401
14,323,7850
14,324,5286
14,325,3619
14,326,2490
14,327,1701
14,328,1131
14,329,819
14,330,527
14,331,421
14,332,372
14,333,223
14,334,232
14,335,215
14,336,135
14,337,132
14,338,116
14,339,85
14,340,83
14,341,56
14,342,37
14,343,29
14,344,13
14,345,6
14,346,3
15,258,1
15,259,3
15,260,69
15,261,91
15,262,162
15,263,279
15,264,252
15,265,418
15,266,514
15,267,784
15,268,1232
15,269,1979
15,270,3371
15,271,5626
15,272,9205
15,273,14664
15,274,22687
15,275,35129
15,276,52774
15,277,76109
15,278,105784
15,279,141469
15,280,182626
15,281,230588
15,282,288316
15,283,357882
15,284,443859
15,285,548840
15,286,674297
15,287,822777
15,288,990215
15,289,1169137
15,290,1360313
15,291,1549802
15,292,1738629
15,293,1914218
15,294,2077326
15,295,2217503
15,296,2332244
15,297,2426823
15,298,2482632
15,299,2517290
15,300,2506686
15,301,2457823
15,302,2349950
15,303,2151978
15,304,1925159
15,305,1677403
15,306,1444610
15,307,1178955
15,308,973566
15,309,821148
15,310,692150
15,311,584486
15,312,486183
15,313,395612
15,314,315789
15,315,245350
15,316,185861
15,317,137311
15,318,99004
15,319,70055
15,320,49498
15,321,34572
15,322,24388
15,323,17310
15,324,12441
15,325,9030
15,326,6600
15,327,4768
15,328,3348
15,329,2413
15,330,1822
15,331,1447
15,332,1170
15,333,903
15,334,715
15,335,642
15,336,520
15,337,445
15,338,346
15,339,268
15,340,185
15,341,119
15,342,59
15,343,42
15,344,17
15,345,8
15,346,3
15,347,1
15,348,1
16,260,22
16,261,15
16,262,38
16,263,52
16,264,48
16,265,90
16,266,114
16,267,211
16,268,431
16,269,793
16,270,1596
16,271,3118
16,272,5572
16,273,9886
16,274,17164
16,275,28972
16,276,46963
16,277,71906
16,278,105064
16,279,145550
16,280,195101
16,281,257150
16,282,336257
16,283,436527
16,284,568891
16,285,734511
16,286,937958
16,287,1182149
16,288,1458905
16,289,1763741
16,290,2089690
16,291,2421965
16,292,2756517
16,293,3074634
16,294,3376986
16,295,3640904
16,296,3872821
16,297,4053138
16,298,4178744
16,299,4244816
16,300,4227048
16,301,4139817
16,302,3949275
16,303,3613037
16,304,3229892
16,305,2817339
16,306,2431168
16,307,2012576
16,308,1681164
16,309,1440683
16,310,1236948
16,311,1056238
16,312,886707
16,313,726969
16,314,582026
16,315,451046
16,316,342860
16,317,253350
16,318,185502
16,319,134301
16,320,97430
16,321,71655
16,322,52628
16,323,38919
16,324,28604
16,325,21038
16,326,15543
16,327,11195
16,328,8275
16,329,6063
16,330,4595
16,331,3691
16,332,2894
16,333,2370
16,334,1902
16,335,1614
16,336,1219
16,337,986
16,338,681
16,339,476
16,340,320
16,341,225
16,342,71
16,343,33
16,344,10
16,345,2
16,346,1
17,260,3
17,261,1
17,262,3
17,263,3
17,264,7
17,265,11
17,266,27
17,267,42
17,268,112
17,269,263
17,270,641
17,271,1468
17,272,3073
17,273,6226
17,274,12063
17,275,22343
17,276,39296
17,277,63328
17,278,95993
17,279,138138
17,280,192619
17,281,265656
17,282,364448
17,283,498213
17,284,679174
17,285,912052
17,286,1205542
17,287,1560244
17,288,1972604
17,289,2428239
17,290,2915879
17,291,3428403
17,292,3940288
17,293,4448628
17,294,4928868
17,295,5361891
17,296,5746685
17,297,6044861
17,298,6251568
17,299,6341895
17,300,6296469
17,301,6133392
17,302,5831856
17,303,5316078
17,304,4749572
17,305,4154386
17,306,3619035
17,307,3053162
17,308,2596137
17,309,2267658
17,310,1969684
17,311,1690692
17,312,1422727
17,313,1168971
17,314,940314
17,315,732559
17,316,561632
17,317,423459
17,318,317826
17,319,237995
17,320,178456
17,321,135652
17,322,103189
17,323,78204
17,324,58457
17,325,43737
17,326,32759
17,327,23807
17,328,17601
17,329,13271
17,330,9995
17,331,8228
17,332,6617
17,333,5209
17,334,4230
17,335,3345
17,336,2443
17,337,1665
17,338,1162
17,339,735
17,340,396
17,341,204
17,342,70
17,343,22
17,344,9
17,345,5
17,346,9
17,347,3
17,348,2
18,265,1
18,266,4
18,267,6
18,268,20
18,269,59
18,270,216
18,271,598
18,272,1563
18,273,3652
18,274,8191
18,275,16726
18,276,30949
18,277,51891
18,278,81025
18,279,120660
18,280,175161
18,281,253716
18,282,365721
18,283,527189
18,284,747969
18,285,1042464
18,286,1419466
18,287,1880343
18,288,2423852
18,289,3032805
18,290,3690930
18,291,4394642
18,292,5106290
18,293,5819824
18,294,6493054
18,295,7115136
18,296,7656069
18,297,8059898
18,298,8318052
18,299,8388769
18,300,8279546
18,301,8007698
18,302,7563663
18,303,6883720
18,304,6161950
18,305,5427730
18,306,4779252
18,307,4116776
18,308,3558381
18,309,3147954
18,310,2747553
18,311,2364234
18,312,1996963
18,313,1648048
18,314,1333320
18,315,1054616
18,316,822264
18,317,637305
18,318,491405
18,319,380279
18,320,294294
18,321,228258
18,322,176373
18,323,135325
18,324,103467
18,325,77525
18,326,58806
18,327,43409
18,328,32803
18,329,25373
18,330,20074
18,331,16070
18,332,12856
18,333,10089
18,334,7767
18,335,5559
18,336,3709
18,337,2448
18,338,1485
18,339,888
18,340,441
18,341,221
18,342,127
18,343,67
18,344,47
18,345,25
18,346,26
18,347,13
18,348,7
18,349,5
18,350,5
18,351,3
18,352,4
18,354,1
18,356,2
18,357,1
18,359,2
19,267,1
19,268,3
19,269,5
19,270,62
19,271,211
19,272,710
19,273,2104
19,274,5333
19,275,11999
19,276,22701
19,277,39176
19,278,62684
19,279,96212
19,280,146327
19,281,222367
19,282,337977
19,283,509090
19,284,752469
19,285,1084210
19,286,1519524
19,287,2059376
19,288,2707529
19,289,3439480
19,290,4252788
19,291,5120674
19,292,6004168
19,293,6881636
19,294,7711257
19,295,8464440
19,296,9092411
19,297,9551275
19,298,9787890
19,299,9795738
19,300,9584393
19,301,9189190
19,302,8626648
19,303,7835037
19,304,7042171
19,305,6251725
19,306,5567440
19,307,4888253
19,308,4281848
19,309,3811432
19,310,3332653
19,311,2879184
19,312,2443586
19,313,2029994
19,314,1666250
19,315,1338642
19,316,1072159
19,317,857724
19,318,682585
19,319,545447
19,320,432386
19,321,339489
19,322,264952
19,323,203265
19,324,155021
19,325,118260
19,326,90166
19,327,68397
19,328,53110
19,329,41524
19,330,32621
19,331,26040
19,332,20225
19,333,15128
19,334,10411
19,335,7069
19,336,4708
19,337,3013
19,338,1892
19,339,1128
19,340,690
19,341,438
19,342,272
19,343,189
19,344,134
19,345,108
19,346,73
19,347,66
19,348,44
19,349,52
19,350,44
19,351,40
19,352,31
19,353,27
19,354,18
19,355,16
19,356,19
19,357,8
19,358,6
19,359,10
19,360,9
19,361,8
19,362,4
19,363,8
19,364,5
19,365,3
19,366,4
19,367,2
20,270,12
20,271,61
20,272,304
20,273,1181
20,274,3367
20,275,7935
20,276,15293
20,277,26760
20,278,43609
20,279,69181
20,280,111202
20,281,176805
20,282,283385
20,283,445665
20,284,685218
20,285,1025171
20,286,1478493
20,287,2053562
20,288,2754747
20,289,3557956
20,290,4456095
20,291,5401971
20,292,6369767
20,293,7305698
20,294,8179869
20,295,8958959
20,296,9575511
20,297,9983985
20,298,10128503
20,299,10032714
20,300,9710499
20,301,9216839
20,302,8589527
20,303,7799904
20,304,7035200
20,305,6314166
20,306,5702891
20,307,5100555
20,308,4509382
20,309,4035654
20,310,3545621
20,311,3075734
20,312,2622420
20,313,2204991
20,314,1839330
20,315,1510211
20,316,1249122
20,317,1029378
20,318,842004
20,319,684568
20,320,550799
20,321,438262
20,322,344465
20,323,268507
20,324,207584
20,325,159127
20,326,122826
20,327,95671
20,328,74584
20,329,58901
20,330,46130
20,331,34862
20,332,25991
20,333,18274
20,334,12977
20,335,8900
20,336,6064
20,337,3969
20,338,2694
20,339,1825
20,340,1270
20,341,835
20,342,621
20,343,427
20,344,340
20,345,257
20,346,235
20,347,201
20,348,196
20,349,169
20,350,122
20,351,128
20,352,103
20,353,121
20,354,89
20,355,73
20,356,55
20,357,63
20,358,67
20,359,55
20,360,42
20,361,46
20,362,47
20,363,41
20,364,28
20,365,8
20,366,7
20,367,3
20,371,4
20,372,4
21,270,1
21,271,12
21,272,143
21,273,637
21,274,1983
21,275,4685
21,276,9061
21,277,16075
21,278,26484
21,279,44466
21,280,74874
21,281,126455
21,282,213235
21,283,353236
21,284,567996
21,285,883846
21,286,1314498
21,287,1873905
21,288,2557004
21,289,3351731
21,290,4225260
21,291,5134601
21,292,6045540
21,293,6907745
21,294,7699571
21,295,8366179
21,296,8860725
21,297,9136515
21,298,9164058
21,299,8958170
21,300,8564269
21,301,8048632
21,302,7459432
21,303,6794679
21,304,6184983
21,305,5633811
21,306,5180712
21,307,4719543
21,308,4209927
21,309,3792106
21,310,3347365
21,311,2920076
21,312,2524069
21,313,2156426
21,314,1833654
21,315,1548781
21,316,1307096
21,317,1100305
21,318,911926
21,319,748189
21,320,609018
21,321,490930
21,322,393146
21,323,309657
21,324,243903
21,325,191460
21,326,148335
21,327,116145
21,328,90647
21,329,70364
21,330,53322
21,331,39485
21,332,29271
21,333,20896
21,334,15071
21,335,10764
21,336,7639
21,337,5429
21,338,4044
21,339,2926
21,340,2247
21,341,1687
21,342,1252
21,343,996
21,344,866
21,345,767
21,346,696
21,347,613
21,348,578
21,349,443
21,350,413
21,351,406
21,352,371
21,353,314
21,354,242
21,355,199
21,356,244
21,357,223
21,358,211
21,359,182
21,360,186
21,361,163
21,362,118
21,363,72
21,364,36
21,365,20
21,366,14
21,367,7
21,368,15
21,369,19
21,370,17
21,371,14
21,372,11
21,373,5
21,374,1
21,375,1
22,271,1
22,272,74
22,273,315
22,274,1018
22,275,2341
22,276,4544
22,277,8157
22,278,13913
22,279,25142
22,280,44742
22,281,80990
22,282,144686
22,283,254506
22,284,432244
22,285,700038
22,286,1073634
22,287,1565204
22,288,2162602
22,289,2856820
22,290,3599612
22,291,4356693
22,292,5090359
22,293,5770177
22,294,6369764
22,295,6847300
22,296,7174092
22,297,7314897
22,298,7245631
22,299,6998795
22,300,6630835
22,301,6206138
22,302,5774239
22,303,5320476
22,304,4937831
22,305,4599202
22,306,4320483
22,307,4002268
22,308,3599700
22,309,3256640
22,310,2902090
22,311,2572458
22,312,2269913
22,313,1979001
22,314,1716264
22,315,1475510
22,316,1259323
22,317,1065764
22,318,890480
22,319,738920
22,320,608857
22,321,496955
22,322,401459
22,323,321386
22,324,255869
22,325,201739
22,326,157081
22,327,122463
22,328,94604
22,329,71552
22,330,54232
22,331,40849
22,332,30733
22,333,22839
22,334,16987
22,335,12479
22,336,9574
22,337,7216
22,338,5651
22,339,4414
22,340,3648
22,341,2968
22,342,2598
22,343,2315
22,344,2146
22,345,1965
22,346,1797
22,347,1620
22,348,1387
22,349,1317
22,350,1148
22,351,1028
22,352,837
22,353,707
22,354,700
22,355,658
22,356,565
22,357,581
22,358,583
22,359,531
22,360,468
22,361,373
22,362,213
22,363,104
22,364,57
22,365,34
22,366,66
22,367,65
22,368,71
22,369,56
22,370,42
22,371,23
22,372,13
22,373,5
22,374,2
22,375,1
23,272,35
23,273,130
23,274,426
23,275,934
23,276,1865
23,277,3367
23,278,6339
23,279,12378
23,280,23685
23,281,46340
23,282,89713
23,283,169893
23,284,305743
23,285,512696
23,286,807279
23,287,1191732
23,288,1655439
23,289,2178126
23,290,2721681
23,291,3261505
23,292,3768681
23,293,4230766
23,294,4624959
23,295,4937547
23,296,5138232
23,297,5207831
23,298,5125183
23,299,4939890
23,300,4704427
23,301,4451245
23,302,4224919
23,303,4008123
23,304,3829820
23,305,3662518
23,306,3513949
23,307,3308207
23,308,3003789
23,309,2753091
23,310,2502529
23,311,2278266
23,312,2053181
23,313,1815167
23,314,1589729
23,315,1371548
23,316,1172491
23,317,991483
23,318,834768
23,319,697040
23,320,577210
23,321,470973
23,322,380801
23,323,304163
23,324,241421
23,325,190135
23,326,147683
23,327,115127
23,328,89406
23,329,69493
23,330,54724
23,331,42428
23,332,33508
23,333,26331
23,334,20800
23,335,16763
23,336,13464
23,337,10764
23,338,9061
23,339,7693
23,340,6343
23,341,6005
23,342,5801
23,343,5363
23,344,5078
23,345,4679
23,346,4211
23,347,4121
23,348,3597
23,349,3172
23,350,2968
23,351,2594
23,352,2440
23,353,2346
23,354,1993
23,355,1761
23,356,1552
23,357,1395
23,358,1191
23,359,1039
23,360,866
23,361,664
23,362,436
23,363,334
23,364,323
23,365,290
23,366,321
23,367,326
23,368,284
23,369,194
23,370,112
23,371,86
23,372,46
23,373,33
23,374,28
23,375,21
23,376,16
23,377,19
23,378,7
23,379,5
23,380,3
23,381,1
23,382,1
24,272,12
24,273,39
24,274,137
24,275,285
24,276,603
24,277,1164
24,278,2504
24,279,5286
24,280,11072
24,281,24105
24,282,51929
24,283,106728
24,284,201956
24,285,347034
24,286,554750
24,287,815913
24,288,1126822
24,289,1461645
24,290,1802433
24,291,2135667
24,292,2454815
24,293,2751999
24,294,3022126
24,295,3245569
24,296,3405907
24,297,3481141
24,298,3477338
24,299,3414816
24,300,3337645
24,301,3274343
24,302,3227754
24,303,3183576
24,304,3146585
24,305,3094449
24,306,3034980
24,307,2913510
24,308,2710223
24,309,2549867
24,310,2383584
24,311,2216080
24,312,2029781
24,313,1814706
24,314,1595032
24,315,1376819
24,316,1173653
24,317,989379
24,318,826866
24,319,677183
24,320,549407
24,321,439954
24,322,350054
24,323,277174
24,324,217750
24,325,174068
24,326,139701
24,327,113626
24,328,91555
24,329,75535
24,330,61987
24,331,51267
24,332,43354
24,333,36566
24,334,30418
24,335,25961
24,336,21898
24,337,18949
24,338,16696
24,339,14775
24,340,13699
24,341,12649
24,342,11921
24,343,11181
24,344,10296
24,345,9892
24,346,9202
24,347,8557
24,348,7971
24,349,7396
24,350,6781
24,351,6329
24,352,5693
24,353,5521
24,354,5063
24,355,4526
24,356,3747
24,357,3092
24,358,2770
24,359,2377
24,360,2033
24,361,1845
24,362,1584
24,363,1480
24,364,1392
24,365,1374
24,366,1299
24,367,1165
24,368,963
24,369,683
24,370,487
24,371,371
24,372,313
24,373,242
24,374,211
24,375,179
24,376,119
24,377,94
24,378,57
24,379,51
24,380,38
24,381,38
24,382,41
24,383,26
24,384,25
24,385,29
24,386,18
24,387,15
24,388,13
24,389,12
24,390,6
24,391,3
24,392,2
25,272,2
25,273,10
25,274,29
25,275,64
25,276,155
25,277,342
25,278,839
25,279,1950
25,280,4603
25,281,11664
25,282,28633
25,283,63326
25,284,123251
25,285,214031
25,286,339466
25,287,492611
25,288,668340
25,289,855562
25,290,1049965
25,291,1250678
25,292,1460629
25,293,1677599
25,294,1897110
25,295,2096817
25,296,2265817
25,297,2388415
25,298,2473470
25,299,2540281
25,300,2605969
25,301,2684014
25,302,2766250
25,303,2839868
25,304,2901408
25,305,2934130
25,306,2953563
25,307,2927450
25,308,2816541
25,309,2733397
25,310,2625758
25,311,2492496
25,312,2319004
25,313,2111765
25,314,1887043
25,315,1653177
25,316,1421555
25,317,1198862
25,318,991124
25,319,804578
25,320,638155
25,321,504659
25,322,400893
25,323,319674
25,324,257783
25,325,209908
25,326,174326
25,327,146404
25,328,124022
25,329,105276
25,330,90576
25,331,77367
25,332,66487
25,333,57244
25,334,49463
25,335,43049
25,336,37645
25,337,33495
25,338,29685
25,339,26662
25,340,24563
25,341,22998
25,342,21385
25,343,19726
25,344,18687
25,345,17761
25,346,17251
25,347,16349
25,348,15493
25,349,14862
25,350,13864
25,351,12880
25,352,11990
25,353,10940
25,354,9965
25,355,8747
25,356,7667
25,357,6899
25,358,6325
25,359,5603
25,360,5345
25,361,4950
25,362,4473
25,363,4281
25,364,4220
25,365,3903
25,366,3620
25,367,3068
25,368,2455
25,369,2065
25,370,1674
25,371,1552
25,372,1210
25,373,1018
25,374,832
25,375,652
25,376,509
25,377,414
25,378,353
25,379,282
25,380,248
25,381,203
25,382,171
25,383,152
25,384,153
25,385,119
25,386,122
25,387,71
25,388,64
25,389,46
25,390,31
25,391,17
25,392,9
25,393,10
25,394,4
25,395,2
25,396,1
26,273,2
26,274,2
26,275,13
26,276,31
26,277,80
26,278,244
26,279,587
26,280,1729
26,281,5478
26,282,14974
26,283,34900
26,284,67627
26,285,116920
26,286,180762
26,287,258746
26,288,347682
26,289,448564
26,290,563544
26,291,701275
26,292,863112
26,293,1045518
26,294,1241126
26,295,1432607
26,296,1614061
26,297,1777043
26,298,1934778
26,299,2091646
26,300,2253503
26,301,2429295
26,302,2609663
26,303,2783523
26,304,2942139
26,305,3077682
26,306,3203215
26,307,3287433
26,308,3277171
26,309,3275209
26,310,3229556
26,311,3146112
26,312,3013113
26,313,2833954
26,314,2618266
26,315,2365812
26,316,2088030
26,317,1800168
26,318,1516661
26,319,1253067
26,320,1019449
26,321,827387
26,322,672335
26,323,549709
26,324,448955
26,325,368720
26,326,308557
26,327,256781
26,328,217687
26,329,183941
26,330,155153
26,331,132311
26,332,112750
26,333,96208
26,334,82860
26,335,72133
26,336,63110
26,337,55129
26,338,48980
26,339,43680
26,340,39978
26,341,36688
26,342,33141
26,343,31078
26,344,30206
26,345,29936
26,346,29252
26,347,28704
26,348,27603
26,349,26618
26,350,25202
26,351,22968
26,352,20411
26,353,18135
26,354,16668
26,355,15494
26,356,14263
26,357,13099
26,358,12146
26,359,11300
26,360,10375
26,361,9605
26,362,9332
26,363,8884
26,364,8179
26,365,7521
26,366,6657
26,367,5981
26,368,5135
26,369,4599
26,370,4016
26,371,3285
26,372,2884
26,373,2425
26,374,1953
26,375,1647
26,376,1301
26,377,1094
26,378,970
26,379,827
26,380,669
26,381,626
26,382,497
26,383,449
26,384,323
26,385,298
26,386,265
26,387,207
26,388,131
26,389,91
26,390,50
26,391,33
26,392,36
26,393,12
26,394,6
26,395,3
26,396,1
27,275,2
27,276,2
27,277,21
27,278,53
27,279,138
27,280,641
27,281,2464
27,282,7269
27,283,17028
27,284,32445
27,285,54861
27,286,83692
27,287,120802
27,288,166791
27,289,227607
27,290,307490
27,291,413348
27,292,543722
27,293,697725
27,294,864761
27,295,1038648
27,296,1216102
27,297,1402887
27,298,1600766
27,299,1806371
27,300,2029966
27,301,2273404
27,302,2543264
27,303,2823683
27,304,3102520
27,305,3371343
27,306,3624046
27,307,3844818
27,308,3951171
27,309,4059757
27,310,4120687
27,311,4136730
27,312,4095707
27,313,3990686
27,314,3823499
27,315,3578919
27,316,3268304
27,317,2905280
27,318,2527726
27,319,2160976
27,320,1821425
27,321,1531582
27,322,1284464
27,323,1071928
27,324,890807
27,325,740775
27,326,617505
27,327,515975
27,328,432350
27,329,361170
27,330,301918
27,331,250125
27,332,208366
27,333,173599
27,334,145146
27,335,121979
27,336,104974
27,337,90558
27,338,79660
27,339,70382
27,340,63906
27,341,57534
27,342,53144
27,343,50275
27,344,48995
27,345,47857
27,346,47557
27,347,46095
27,348,43574
27,349,42084
27,350,39281
27,351,34527
27,352,30246
27,353,27258
27,354,25373
27,355,24149
27,356,22790
27,357,20759
27,358,19122
27,359,17975
27,360,17474
27,361,17029
27,362,16060
27,363,14762
27,364,13273
27,365,12147
27,366,11214
27,367,9955
27,368,8993
27,369,8560
27,370,7394
27,371,6055
27,372,4890
27,373,3973
27,374,3387
27,375,2800
27,376,2407
27,377,2137
27,378,1804
27,379,1564
27,380,1247
27,381,1083
27,382,862
27,383,635
27,384,559
27,385,456
27,386,358
27,387,255
27,388,178
27,389,113
27,390,69
27,391,30
27,392,15
27,393,10
27,394,1
27,395,1
28,277,4
28,278,8
28,279,23
28,280,243
28,281,983
28,282,3148
28,283,7044
28,284,13290
28,285,22205
28,286,35049
28,287,53919
28,288,80942
28,289,121585
28,290,180788
28,291,259079
28,292,358243
28,293,476226
28,294,608109
28,295,757508
28,296,923205
28,297,1109190
28,298,1312974
28,299,1539754
28,300,1794913
28,301,2093294
28,302,2446098
28,303,2832975
28,304,3237171
28,305,3638071
28,306,4025100
28,307,4383066
28,308,4622941
28,309,4873627
28,310,5077190
28,311,5237891
28,312,5336729
28,313,5359688
28,314,5295051
28,315,5116400
28,316,4823307
28,317,4420455
28,318,3959197
28,319,3491233
28,320,3037611
28,321,2636454
28,322,2274331
28,323,1945845
28,324,1655908
28,325,1402746
28,326,1189734
28,327,1005093
28,328,848940
28,329,712483
28,330,593943
28,331,491018
28,332,404437
28,333,329379
28,334,271137
28,335,223221
28,336,187760
28,337,160448
28,338,139725
28,339,123641
28,340,110604
28,341,100451
28,342,92055
28,343,85341
28,344,80946
28,345,79015
28,346,75752
28,347,70646
28,348,65244
28,349,60299
28,350,55005
28,351,49891
28,352,43976
28,353,39372
28,354,36282
28,355,33962
28,356,31778
28,357,28656
28,358,27463
28,359,27764
28,360,27436
28,361,26819
28,362,26184
28,363,24015
28,364,20748
28,365,19025
28,366,17159
28,367,15652
28,368,15228
28,369,14289
28,370,12202
28,371,9958
28,372,7979
28,373,6675
28,374,5465
28,375,4579
28,376,3922
28,377,3371
28,378,2939
28,379,2386
28,380,1891
28,381,1488
28,382,1104
28,383,889
28,384,774
28,385,585
28,386,422
28,387,292
28,388,180
28,389,119
28,390,65
28,391,29
28,392,18
28,393,3
29,278,2
29,280,83
29,281,342
29,282,1126
29,283,2417
29,284,4707
29,285,8202
29,286,14501
29,287,24546
29,288,41496
29,289,68186
29,290,108001
29,291,161019
29,292,229464
29,293,312495
29,294,413383
29,295,535050
29,296,676863
29,297,843205
29,298,1031669
29,299,1254445
29,300,1525316
29,301,1861089
29,302,2269372
29,303,2729122
29,304,3216025
29,305,3711454
29,306,4202948
29,307,4677904
29,308,5051374
29,309,5441352
29,310,5800769
29,311,6119752
29,312,6387634
29,313,6579244
29,314,6658341
29,315,6607678
29,316,6384966
29,317,6006228
29,318,5528463
29,319,5007746
29,320,4487436
29,321,3994164
29,322,3529183
29,323,3088730
29,324,2687838
29,325,2325118
29,326,2007059
29,327,1723951
29,328,1476010
29,329,1252057
29,330,1052602
29,331,879717
29,332,724035
29,333,595599
29,334,487116
29,335,404461
29,336,340188
29,337,290108
29,338,252731
29,339,222455
29,340,199265
29,341,181375
29,342,164906
29,343,151756
29,344,141919
29,345,134358
29,346,125859
29,347,115403
29,348,103476
29,349,92860
29,350,84073
29,351,76195
29,352,68644
29,353,61725
29,354,55647
29,355,50639
29,356,46299
29,357,43111
29,358,41739
29,359,41143
29,360,40260
29,361,40266
29,362,38965
29,363,35960
29,364,32182
29,365,28267
29,366,25094
29,367,23735
29,368,22191
29,369,20223
29,370,17664
29,371,14709
29,372,11922
29,373,9817
29,374,8002
29,375,6477
29,376,5396
29,377,4316
29,378,3450
29,379,2711
29,380,2091
29,381,1593
29,382,1173
29,383,1011
29,384,675
29,385,502
29,386,351
29,387,211
29,388,123
29,389,77
29,390,51
29,391,32
29,392,15
29,393,1
29,395,1
30,280,19
30,281,100
30,282,319
30,283,701
30,284,1524
30,285,2997
30,286,6040
30,287,11403
30,288,21273
30,289,36904
30,290,60050
30,291,92155
30,292,136244
30,293,192924
30,294,268024
30,295,360826
30,296,473120
30,297,607016
30,298,769127
30,299,974912
30,300,1237473
30,301,1573653
30,302,1984809
30,303,2448327
30,304,2950634
30,305,3479273
30,306,4021224
30,307,4572150
30,308,5043412
30,309,5550753
30,310,6051882
30,311,6524878
30,312,6960090
30,313,7326914
30,314,7580797
30,315,7678458
30,316,7577108
30,317,7283556
30,318,6860144
30,319,6370619
30,320,5842295
30,321,5306109
30,322,4780580
30,323,4275046
30,324,3788190
30,325,3333082
30,326,2924667
30,327,2552948
30,328,2210470
30,329,1895360
30,330,1610328
30,331,1355832
30,332,1141989
30,333,954002
30,334,797953
30,335,674419
30,336,574544
30,337,497754
30,338,439219
30,339,389424
30,340,349751
30,341,318812
30,342,293190
30,343,272704
30,344,253421
30,345,235887
30,346,220049
30,347,199494
30,348,179446
30,349,160158
30,350,143926
30,351,130932
30,352,118509
30,353,107362
30,354,97663
30,355,88693
30,356,82524
30,357,75862
30,358,72064
30,359,68135
30,360,64877
30,361,61369
30,362,58259
30,363,55081
30,364,50356
30,365,44268
30,366,39480
30,367,35726
30,368,31955
30,369,28542
30,370,24741
30,371,21240
30,372,17435
30,373,14262
30,374,11519
30,375,9321
30,376,6961
30,377,5279
30,378,4003
30,379,2914
30,380,2253
30,381,1655
30,382,1295
30,383,885
30,384,592
30,385,423
30,386,243
30,387,189
30,388,121
30,389,76
30,390,48
30,391,18
30,392,17
30,393,7
30,394,11
30,395,5
30,396,3
30,397,1
31,280,2
31,281,24
31,282,62
31,283,201
31,284,443
31,285,1105
31,286,2424
31,287,5239
31,288,9946
31,289,17718
31,290,29727
31,291,47954
31,292,74385
31,293,113071
31,294,165173
31,295,230489
31,296,311925
31,297,412780
31,298,543542
31,299,717469
31,300,944928
31,301,1236904
31,302,1587489
31,303,2001772
31,304,2453502
31,305,2956526
31,306,3491295
31,307,4064479
31,308,4593865
31,309,5178241
31,310,5785033
31,311,6384631
31,312,6964486
31,313,7484689
31,314,7901989
31,315,8149014
31,316,8214718
31,317,8052191
31,318,7744903
31,319,7331852
31,320,6839392
31,321,6316654
31,322,5791857
31,323,5267105
31,324,4739144
31,325,4235819
31,326,3777113
31,327,3346152
31,328,2941879
31,329,2564340
31,330,2218911
31,331,1913574
31,332,1651012
31,333,1419850
31,334,1219997
31,335,1058657
31,336,929742
31,337,824242
31,338,738170
31,339,664257
31,340,603655
31,341,556287
31,342,515499
31,343,481061
31,344,447669
31,345,417175
31,346,386758
31,347,358387
31,348,326796
31,349,294412
31,350,265661
31,351,240833
31,352,220013
31,353,201497
31,354,184616
31,355,168850
31,356,154911
31,357,142480
31,358,132262
31,359,122378
31,360,112713
31,361,103546
31,362,95641
31,363,88201
31,364,79334
31,365,70913
31,366,62615
31,367,54335
31,368,46482
31,369,39986
31,370,34366
31,371,28925
31,372,23965
31,373,19982
31,374,16384
31,375,12953
31,376,9843
31,377,7768
31,378,5749
31,379,4202
31,380,3233
31,381,2355
31,382,1704
31,383,1137
31,384,774
31,385,531
31,386,425
31,387,321
31,388,192
31,389,149
31,390,72
31,391,42
31,392,38
31,393,21
31,394,17
31,395,16
31,396,10
31,397,6
31,398,6
31,399,1
32,281,3
32,282,11
32,283,43
32,284,126
32,285,374
32,286,951
32,287,2110
32,288,4024
32,289,7447
32,290,13233
32,291,22969
32,292,39089
32,293,63189
32,294,95267
32,295,137362
32,296,190832
32,297,262249
32,298,359633
32,299,490150
32,300,659278
32,301,874671
32,302,1144589
32,303,1467396
32,304,1845191
32,305,2281752
32,306,2774353
32,307,3332592
32,308,3882163
32,309,4503844
32,310,5180227
32,311,5860967
32,312,6541184
32,313,7166460
32,314,7696439
32,315,8081285
32,316,8299626
32,317,8299285
32,318,8135227
32,319,7842503
32,320,7454792
32,321,6997308
32,322,6523847
32,323,6026674
32,324,5512716
32,325,5013447
32,326,4538530
32,327,4098051
32,328,3679006
32,329,3285236
32,330,2928601
32,331,2608985
32,332,2321202
32,333,2063240
32,334,1834361
32,335,1636483
32,336,1474892
32,337,1335623
32,338,1212780
32,339,1107375
32,340,1020816
32,341,946442
32,342,882396
32,343,826367
32,344,773238
32,345,724540
32,346,677689
32,347,632165
32,348,581459
32,349,530514
32,350,480358
32,351,437084
32,352,397929
32,353,365331
32,354,334876
32,355,306779
32,356,279757
32,357,256465
32,358,234337
32,359,212293
32,360,193429
32,361,173896
32,362,155714
32,363,138362
32,364,122555
32,365,107297
32,366,92952
32,367,78880
32,368,66794
32,369,55852
32,370,46266
32,371,38475
32,372,31307
32,373,25568
32,374,20991
32,375,17374
32,376,13903
32,377,11141
32,378,8637
32,379,6672
32,380,5123
32,381,4009
32,382,2920
32,383,2130
32,384,1560
32,385,1103
32,386,776
32,387,508
32,388,325
32,389,228
32,390,124
32,391,86
32,392,57
32,393,47
32,394,36
32,395,19
32,396,11
32,397,13
32,398,7
32,399,6
32,400,1
32,401,2
33,282,2
33,283,5
33,284,38
33,285,118
33,286,320
33,287,712
33,288,1360
33,289,2753
33,290,5471
33,291,11166
33,292,20070
33,293,32941
33,294,50163
33,295,73721
33,296,106525
33,297,152843
33,298,216444
33,299,298645
33,300,408850
33,301,548732
33,302,733953
33,303,970415
33,304,1263090
33,305,1628275
33,306,2063058
33,307,2580314
33,308,3132581
33,309,3777231
33,310,4483741
33,311,5205491
33,312,5908255
33,313,6578928
33,314,7167978
33,315,7632509
33,316,7963567
33,317,8116766
33,318,8122656
33,319,8011525
33,320,7780382
33,321,7449899
33,322,7077373
33,323,6670177
33,324,6224061
33,325,5773294
33,326,5346350
33,327,4940011
33,328,4560035
33,329,4204386
33,330,3873106
33,331,3561266
33,332,3263206
33,333,2986547
33,334,2734735
33,335,2506193
33,336,2296402
33,337,2103491
33,338,1939859
33,339,1792871
33,340,1664681
33,341,1554763
33,342,1457285
33,343,1363268
33,344,1282820
33,345,1211989
33,346,1136596
33,347,1058887
33,348,978947
33,349,895834
33,350,814371
33,351,739647
33,352,674551
33,353,616033
33,354,563887
33,355,514024
33,356,469615
33,357,427916
33,358,387191
33,359,348282
33,360,313680
33,361,278429
33,362,246300
33,363,213978
33,364,184267
33,365,156809
33,366,133002
33,367,111568
33,368,92997
33,369,76851
33,370,62565
33,371,50723
33,372,41053
33,373,33424
33,374,27638
33,375,22780
33,376,18611
33,377,15059
33,378,11906
33,379,9393
33,380,7423
33,381,5869
33,382,4361
33,383,3504
33,384,2484
33,385,1818
33,386,1333
33,387,932
33,388,645
33,389,426
33,390,278
33,391,183
33,392,138
33,393,79
33,394,58
33,395,39
33,396,26
33,397,15
33,398,8
33,399,3
33,401,2
33,402,1
34,283,1
34,284,9
34,285,32
34,286,93
34,287,193
34,288,362
34,289,962
34,290,2528
34,291,5351
34,292,9556
34,293,15391
34,294,23260
34,295,35142
34,296,53263
34,297,78494
34,298,113324
34,299,158727
34,300,218894
34,301,302563
34,302,421112
34,303,585912
34,304,807873
34,305,1099293
34,306,1475161
34,307,1955436
34,308,2495585
34,309,3141752
34,310,3837914
34,311,4526697
34,312,5211120
34,313,5856351
34,314,6438731
34,315,6922380
34,316,7328285
34,317,7625119
34,318,7828053
34,319,7915104
34,320,7868937
34,321,7710519
34,322,7501312
34,323,7240741
34,324,6927843
34,325,6592211
34,326,6260559
34,327,5962360
34,328,5677347
34,329,5401750
34,330,5119182
34,331,4829600
34,332,4540362
34,333,4246263
34,334,3965710
34,335,3688520
34,336,3422933
34,337,3172892
34,338,2951663
34,339,2757045
34,340,2576453
34,341,2407990
34,342,2249995
34,343,2105161
34,344,1977674
34,345,1859583
34,346,1741730
34,347,1622801
34,348,1497755
34,349,1372888
34,350,1254902
34,351,1144513
34,352,1046064
34,353,953990
34,354,870913
34,355,797720
34,356,725347
34,357,656093
34,358,593722
34,359,532556
34,360,475279
34,361,423366
34,362,369035
34,363,318270
34,364,269924
34,365,226482
34,366,189782
34,367,156701
34,368,128989
34,369,105927
34,370,85313
34,371,68458
34,372,55131
34,373,44466
34,374,36295
34,375,29856
34,376,24244
34,377,19146
34,378,15453
34,379,12338
34,380,9629
34,381,7691
34,382,5931
34,383,4456
34,384,3413
34,385,2540
34,386,1828
34,387,1331
34,388,994
34,389,736
34,390,478
34,391,346
34,392,234
34,393,136
34,394,105
34,395,78
34,396,40
34,397,31
34,398,9
34,399,6
34,400,3
34,401,1
34,403,1
35,284,2
35,285,6
35,286,25
35,287,20
35,288,102
35,289,422
35,290,1115
35,291,2330
35,292,3946
35,293,6073
35,294,9331
35,295,14763
35,296,22910
35,297,34577
35,298,49903
35,299,70935
35,300,101721
35,301,148295
35,302,222260
35,303,332438
35,304,493626
35,305,726469
35,306,1050514
35,307,1486805
35,308,1999951
35,309,2598644
35,310,3231215
35,311,3850699
35,312,4446874
35,313,5016545
35,314,5540415
35,315,6016400
35,316,6475742
35,317,6890741
35,318,7251472
35,319,7509007
35,320,7646443
35,321,7682745
35,322,7659646
35,323,7585467
35,324,7451832
35,325,7274663
35,326,7116062
35,327,6974408
35,328,6821152
35,329,6654811
35,330,6444165
35,331,6198968
35,332,5925853
35,333,5629870
35,334,5316617
35,335,5006445
35,336,4688040
35,337,4398960
35,338,4125289
35,339,3868719
35,340,3622077
35,341,3371504
35,342,3135274
35,343,2918207
35,344,2722858
35,345,2541517
35,346,2368096
35,347,2196557
35,348,2024903
35,349,1857394
35,350,1702288
35,351,1559616
35,352,1429415
35,353,1313486
35,354,1201922
35,355,1098921
35,356,999067
35,357,906241
35,358,818805
35,359,733608
35,360,656244
35,361,577109
35,362,501692
35,363,429469
35,364,365464
35,365,309260
35,366,258335
35,367,214470
35,368,177161
35,369,145058
35,370,117234
35,371,94379
35,372,75747
35,373,61512
35,374,49559
35,375,40272
35,376,32570
35,377,26127
35,378,20809
35,379,16733
35,380,13231
35,381,10107
35,382,8015
35,383,6075
35,384,4549
35,385,3299
35,386,2444
35,387,1844
35,388,1362
35,389,969
35,390,671
35,391,397
35,392,306
35,393,206
35,394,133
35,395,89
35,396,47
35,397,29
35,398,22
35,399,6
35,400,4
35,402,2
36,285,2
36,287,3
36,288,41
36,289,169
36,290,433
36,291,830
36,292,1285
36,293,2015
36,294,3200
36,295,5333
36,296,8209
36,297,12222
36,298,18060
36,299,27104
36,300,41941
36,301,67614
36,302,110357
36,303,182428
36,304,300237
36,305,486805
36,306,761169
36,307,1137233
36,308,1582192
36,309,2096126
36,310,2617042
36,311,3117946
36,312,3593097
36,313,4045693
36,314,4500418
36,315,4945552
36,316,5424747
36,317,5906334
36,318,6345854
36,319,6715667
36,320,6989610
36,321,7167956
36,322,7310655
36,323,7400174
36,324,7444552
36,325,7473349
36,326,7504215
36,327,7527758
36,328,7533156
36,329,7483132
36,330,7369815
36,331,7192943
36,332,6947470
36,333,6678843
36,334,6386334
36,335,6065316
36,336,5748943
36,337,5434878
36,338,5128263
36,339,4822131
36,340,4495218
36,341,4170467
36,342,3856388
36,343,3569177
36,344,3304091
36,345,3059701
36,346,2826239
36,347,2605300
36,348,2394128
36,349,2191966
36,350,2012344
36,351,1847778
36,352,1701192
36,353,1561727
36,354,1432207
36,355,1309505
36,356,1191354
36,357,1082353
36,358,973926
36,359,875268
36,360,774862
36,361,681399
36,362,592577
36,363,513456
36,364,440222
36,365,376267
36,366,318674
36,367,268200
36,368,223918
36,369,185186
36,370,151832
36,371,123200
36,372,100448
36,373,81944
36,374,66935
36,375,54566
36,376,43781
36,377,35213
36,378,28084
36,379,22555
36,380,17628
36,381,13708
36,382,10444
36,383,8210
36,384,5922
36,385,4556
36,386,3464
36,387,2420
36,388,1892
36,389,1382
36,390,877
36,391,611
36,392,395
36,393,240
36,394,186
36,395,110
36,396,49
36,397,22
36,398,10
36,399,5
36,400,7
36,402,1
37,288,16
37,289,51
37,290,136
37,291,209
37,292,323
37,293,560
37,294,949
37,295,1515
37,296,2245
37,297,3474
37,298,5375
37,299,9391
37,300,16169
37,301,28945
37,302,53488
37,303,101596
37,304,189260
37,305,334886
37,306,552944
37,307,852439
37,308,1201228
37,309,1586616
37,310,1967025
37,311,2321425
37,312,2664642
37,313,3009644
37,314,3386710
37,315,3793490
37,316,4245502
37,317,4707568
37,318,5153591
37,319,5550083
37,320,5867121
37,321,6104739
37,322,6319105
37,323,6521727
37,324,6714704
37,325,6912745
37,326,7106588
37,327,7284285
37,328,7402165
37,329,7461468
37,330,7426224
37,331,7307112
37,332,7150030
37,333,6964920
37,334,6736433
37,335,6479716
37,336,6198622
37,337,5896732
37,338,5585216
37,339,5249334
37,340,4880754
37,341,4517706
37,342,4167637
37,343,3843831
37,344,3537924
37,345,3247278
37,346,2971059
37,347,2717078
37,348,2482978
37,349,2268016
37,350,2082003
37,351,1911250
37,352,1756891
37,353,1611943
37,354,1467961
37,355,1336965
37,356,1211209
37,357,1094254
37,358,983876
37,359,879881
37,360,783533
37,361,693680
37,362,610035
37,363,533407
37,364,464321
37,365,401420
37,366,346152
37,367,294019
37,368,248694
37,369,208644
37,370,174032
37,371,143844
37,372,118646
37,373,97202
37,374,79583
37,375,64629
37,376,52481
37,377,42229
37,378,34193
37,379,27481
37,380,21584
37,381,17118
37,382,13123
37,383,9856
37,384,7763
37,385,5801
37,386,4331
37,387,3229
37,388,2372
37,389,1616
37,390,1174
37,391,740
37,392,483
37,393,300
37,394,168
37,395,102
37,396,49
37,397,20
37,398,9
37,399,17
37,400,4
37,402,1
37,403,1
37,404,1
38,288,3
38,289,13
38,290,27
38,291,31
38,292,71
38,293,132
38,294,204
38,295,303
38,296,448
38,297,804
38,298,1582
38,299,3037
38,300,5884
38,301,12047
38,302,27165
38,303,60102
38,304,123272
38,305,230746
38,306,390542
38,307,602379
38,308,838581
38,309,1086560
38,310,1323445
38,311,1547213
38,312,1777992
38,313,2043237
38,314,2344973
38,315,2680379
38,316,3055182
38,317,3444070
38,318,3825932
38,319,4155279
38,320,4420497
38,321,4640773
38,322,4871590
38,323,5137139
38,324,5415670
38,325,5691626
38,326,5967731
38,327,6215212
38,328,6390662
38,329,6480213
38,330,6490236
38,331,6456907
38,332,6409713
38,333,6338147
38,334,6199809
38,335,6022913
38,336,5816218
38,337,5572488
38,338,5294075
38,339,4975848
38,340,4636807
38,341,4296069
38,342,3968468
38,343,3652225
38,344,3340717
38,345,3041335
38,346,2755841
38,347,2500179
38,348,2265251
38,349,2066414
38,350,1892457
38,351,1728783
38,352,1580120
38,353,1435891
38,354,1299280
38,355,1172938
38,356,1059408
38,357,955839
38,358,859163
38,359,769976
38,360,691282
38,361,614552
38,362,546856
38,363,483896
38,364,425206
38,365,373486
38,366,323323
38,367,279261
38,368,238653
38,369,203587
38,370,171233
38,371,142794
38,372,118470
38,373,97414
38,374,79846
38,375,65791
38,376,53796
38,377,44385
38,378,36027
38,379,29622
38,380,23815
38,381,18959
38,382,15017
38,383,11434
38,384,8654
38,385,6493
38,386,4793
38,387,3500
38,388,2478
38,389,1685
38,390,1105
38,391,728
38,392,434
38,393,266
38,394,143
38,395,87
38,396,57
38,397,27
38,398,18
38,399,10
38,400,4
38,401,2
38,402,1
39,289,3
39,291,6
39,292,13
39,293,21
39,294,25
39,295,32
39,296,86
39,297,177
39,298,458
39,299,910
39,300,2019
39,301,5468
39,302,14954
39,303,36980
39,304,80430
39,305,153003
39,306,256538
39,307,384882
39,308,517672
39,309,651120
39,310,777932
39,311,911182
39,312,1069049
39,313,1258731
39,314,1479656
39,315,1725237
39,316,2002233
39,317,2286117
39,318,2543705
39,319,2755975
39,320,2935739
39,321,3117432
39,322,3343698
39,323,3608422
39,324,3879172
39,325,4149519
39,326,4412909
39,327,4634450
39,328,4787502
39,329,4876530
39,330,4929430
39,331,4974254
39,332,5012501
39,333,4999747
39,334,4937788
39,335,4841155
39,336,4715090
39,337,4558377
39,338,4343608
39,339,4103744
39,340,3845653
39,341,3583184
39,342,3318783
39,343,3040434
39,344,2763856
39,345,2489680
39,346,2240060
39,347,2013393
39,348,1822858
39,349,1657685
39,350,1508367
39,351,1374094
39,352,1243119
39,353,1122494
39,354,1011934
39,355,912661
39,356,821587
39,357,740654
39,358,668379
39,359,602957
39,360,538968
39,361,484057
39,362,432429
39,363,385141
39,364,339500
39,365,300379
39,366,261059
39,367,228046
39,368,196173
39,369,167799
39,370,142306
39,371,120044
39,372,99978
39,373,83352
39,374,68556
39,375,57106
39,376,48350
39,377,40242
39,378,33403
39,379,28268
39,380,23175
39,381,18831
39,382,14708
39,383,11784
39,384,8713
39,385,6452
39,386,4701
39,387,3380
39,388,2343
39,389,1611
39,390,1135
39,391,634
39,392,419
39,393,244
39,394,156
39,395,65
39,396,55
39,397,41
39,398,18
39,399,6
39,400,3
39,401,2
39,402,5
39,403,1
39,405,1
39,406,1
39,407,1
40,291,1
40,292,1
40,293,1
40,294,1
40,295,5
40,296,13
40,297,45
40,298,96
40,299,255
40,300,766
40,301,2717
40,302,8668
40,303,22760
40,304,50291
40,305,93615
40,306,149678
40,307,212845
40,308,273115
40,309,332582
40,310,398563
40,311,479395
40,312,581232
40,313,703394
40,314,847351
40,315,1011940
40,316,1184353
40,317,1345822
40,318,1477147
40,319,1590820
40,320,1710650
40,321,1858871
40,322,2045394
40,323,2250209
40,324,2456900
40,325,2660109
40,326,2844731
40,327,2992503
40,328,3099113
40,329,3179290
40,330,3261128
40,331,3341781
40,332,3399308
40,333,3414374
40,334,3395948
40,335,3364943
40,336,3312771
40,337,3216737
40,338,3087800
40,339,2936335
40,340,2781679
40,341,2600496
40,342,2407429
40,343,2196706
40,344,1980970
40,345,1777171
40,346,1589914
40,347,1433229
40,348,1296267
40,349,1175401
40,350,1066138
40,351,963057
40,352,871346
40,353,786800
40,354,709968
40,355,640821
40,356,581644
40,357,524232
40,358,472797
40,359,424754
40,360,382554
40,361,343527
40,362,306971
40,363,273562
40,364,242998
40,365,213953
40,366,188694
40,367,163507
40,368,141121
40,369,121234
40,370,104021
40,371,87442
40,372,73975
40,373,61666
40,374,52590
40,375,44603
40,376,37578
40,377,31852
40,378,27306
40,379,23247
40,380,19398
40,381,15578
40,382,12742
40,383,9950
40,384,7541
40,385,5767
40,386,4235
40,387,3014
40,388,2286
40,389,1668
40,390,1094
40,391,754
40,392,479
40,393,346
40,394,192
40,395,132
40,396,96
40,397,73
40,398,42
40,399,24
40,400,14
40,401,17
40,402,19
40,403,6
40,404,7
40,405,1
40,406,4
41,295,1
41,296,1
41,297,5
41,298,24
41,299,76
41,300,307
41,301,1439
41,302,5081
41,303,13441
41,304,28693
41,305,49879
41,306,74274
41,307,98146
41,308,120826
41,309,147665
41,310,183628
41,311,230118
41,312,287514
41,313,359254
41,314,443618
41,315,533732
41,316,614787
41,317,683444
41,318,740749
41,319,803616
41,320,885029
41,321,987316
41,322,1109263
41,323,1235667
41,324,1365478
41,325,1484657
41,326,1584131
41,327,1663241
41,328,1733002
41,329,1805973
41,330,1882616
41,331,1945866
41,332,1986294
41,333,2009781
41,334,2030520
41,335,2034486
41,336,2016768
41,337,1973317
41,338,1913492
41,339,1839513
41,340,1747579
41,341,1638507
41,342,1509014
41,343,1375346
41,344,1240028
41,345,1112486
41,346,1004298
41,347,906932
41,348,821588
41,349,743562
41,350,673607
41,351,611972
41,352,554021
41,353,503367
41,354,458454
41,355,416380
41,356,378971
41,357,341441
41,358,309243
41,359,281104
41,360,253651
41,361,227660
41,362,204535
41,363,182527
41,364,162375
41,365,143262
41,366,125959
41,367,109973
41,368,95685
41,369,82252
41,370,70041
41,371,59856
41,372,50506
41,373,43722
41,374,37009
41,375,31349
41,376,26725
41,377,23162
41,378,19908
41,379,16353
41,380,13805
41,381,11275
41,382,9252
41,383,7450
41,384,5866
41,385,4471
41,386,3478
41,387,2669
41,388,1983
41,389,1414
41,390,1088
41,391,781
41,392,533
41,393,379
41,394,283
41,395,232
41,396,185
41,397,108
41,398,95
41,399,76
41,400,46
41,401,35
41,402,42
41,403,13
41,404,19
41,405,7
41,406,6
41,407,3
41,408,7
41,410,3
41,412,1
42,297,1
42,298,6
42,299,19
42,300,133
42,301,810
42,302,2874
42,303,7145
42,304,14083
42,305,22171
42,306,29758
42,307,37556
42,308,46931
42,309,60267
42,310,78723
42,311,102073
42,312,132558
42,313,170090
42,314,209259
42,315,245580
42,316,274186
42,317,301069
42,318,328240
42,319,365038
42,320,412511
42,321,467587
42,322,530462
42,323,594626
42,324,657137
42,325,710291
42,326,754078
42,327,798663
42,328,844767
42,329,891258
42,330,935797
42,331,970514
42,332,1000517
42,333,1029615
42,334,1051270
42,335,1064556
42,336,1063546
42,337,1055598
42,338,1034363
42,339,1000419
42,340,953189
42,341,893770
42,342,827401
42,343,755672
42,344,687916
42,345,627936
42,346,570970
42,347,520710
42,348,473470
42,349,432278
42,350,393134
42,351,361935
42,352,329543
42,353,303523
42,354,276425
42,355,254589
42,356,232146
42,357,213349
42,358,196140
42,359,178475
42,360,162777
42,361,147702
42,362,132921
42,363,118994
42,364,105707
42,365,93971
42,366,83598
42,367,73179
42,368,63718
42,369,54500
42,370,46811
42,371,40545
42,372,35145
42,373,30058
42,374,25698
42,375,22065
42,376,18586
42,377,15710
42,378,13445
42,379,11438
42,380,9372
42,381,8075
42,382,6612
42,383,5352
42,384,4320
42,385,3466
42,386,2621
42,387,2081
42,388,1597
42,389,1201
42,390,942
42,391,739
42,392,546
42,393,400
42,394,337
42,395,272
42,396,191
42,397,152
42,398,138
42,399,102
42,400,55
42,401,60
42,402,48
42,403,21
42,404,21
42,405,25
42,406,16
42,407,10
42,408,5
42,409,4
42,410,3
42,411,1
42,415,1
43,298,1
43,299,4
43,300,69
43,301,450
43,302,1439
43,303,3216
43,304,5585
43,305,7801
43,306,10032
43,307,12912
43,308,17494
43,309,23322
43,310,32073
43,311,43433
43,312,57373
43,313,72983
43,314,86789
43,315,99159
43,316,109517
43,317,121859
43,318,137233
43,319,154543
43,320,176123
43,321,200055
43,322,226336
43,323,251248
43,324,273571
43,325,293120
43,326,312760
43,327,334575
43,328,356612
43,329,379133
43,330,400259
43,331,419585
43,332,439653
43,333,458132
43,334,472022
43,335,483733
43,336,489718
43,337,490441
43,338,482924
43,339,468511
43,340,450043
43,341,425512
43,342,399414
43,343,373489
43,344,348309
43,345,322794
43,346,299314
43,347,277374
43,348,256607
43,349,237635
43,350,219620
43,351,201562
43,352,186566
43,353,173200
43,354,161216
43,355,151432
43,356,141795
43,357,131225
43,358,122244
43,359,112523
43,360,103575
43,361,95493
43,362,85661
43,363,78174
43,364,70898
43,365,63391
43,366,56283
43,367,50228
43,368,43739
43,369,38277
43,370,34139
43,371,29924
43,372,25865
43,373,22334
43,374,19348
43,375,16527
43,376,14205
43,377,12250
43,378,10430
43,379,9238
43,380,7634
43,381,6432
43,382,5475
43,383,4486
43,384,3758
43,385,3027
43,386,2407
43,387,1909
43,388,1593
43,389,1246
43,390,1140
43,391,971
43,392,738
43,393,717
43,394,487
43,395,425
43,396,358
43,397,324
43,398,261
43,399,209
43,400,136
43,401,96
43,402,74
43,403,65
43,404,50
43,405,54
43,406,24
43,407,14
43,408,10
43,409,19
43,410,9
43,411,6
43,412,1
43,413,2
43,414,2
43,417,2
43,422,1
44,299,1
44,300,37
44,301,217
44,302,600
44,303,1124
44,304,1735
44,305,2338
44,306,3237
44,307,4474
44,308,6329
44,309,8884
44,310,12761
44,311,17355
44,312,22838
44,313,28468
44,314,33539
44,315,38374
44,316,44464
44,317,50703
44,318,57559
44,319,64786
44,320,72557
44,321,81624
44,322,90665
44,323,97622
44,324,104123
44,325,110917
44,326,118423
44,327,126389
44,328,134819
44,329,142584
44,330,152211
44,331,162792
44,332,170673
44,333,179714
44,334,187187
44,335,194192
44,336,199028
44,337,199361
44,338,198843
44,339,196739
44,340,191741
44,341,186876
44,342,179897
44,343,172854
44,344,166174
44,345,157911
44,346,151207
44,347,143629
44,348,135812
44,349,126486
44,350,118599
44,351,111059
44,352,105091
44,353,100526
44,354,96695
44,355,92183
44,356,87093
44,357,81589
44,358,77548
44,359,72860
44,360,67858
44,361,62959
44,362,58366
44,363,54303
44,364,49207
44,365,45734
44,366,41224
44,367,37460
44,368,33817
44,369,30724
44,370,27660
44,371,24466
44,372,21769
44,373,19087
44,374,17061
44,375,14801
44,376,12890
44,377,11398
44,378,10121
44,379,8778
44,380,7716
44,381,6822
44,382,5816
44,383,4906
44,384,4138
44,385,3431
44,386,2884
44,387,2399
44,388,2158
44,389,1868
44,390,1695
44,391,1427
44,392,1184
44,393,1074
44,394,936
44,395,870
44,396,731
44,397,650
44,398,533
44,399,412
44,400,287
44,401,243
44,402,183
44,403,174
44,404,129
44,405,106
44,406,91
44,407,52
44,408,64
44,409,35
44,410,31
44,411,21
44,412,27
44,413,19
44,414,10
44,415,4
44,416,6
44,417,7
44,418,5
44,419,4
44,420,6
44,421,3
44,422,2
44,423,3
44,424,3
44,425,1
44,426,2
44,428,2
44,429,1
44,430,1
44,431,1
44,435,1
44,436,1
44,441,2
44,445,1
45,300,18
45,301,84
45,302,181
45,303,312
45,304,481
45,305,701
45,306,1046
45,307,1519
45,308,2257
45,309,3239
45,310,4812
45,311,6509
45,312,8768
45,313,11203
45,314,13833
45,315,16903
45,316,20071
45,317,23178
45,318,26042
45,319,29253
45,320,32456
45,321,35425
45,322,38423
45,323,40018
45,324,42546
45,325,44395
45,326,46331
45,327,48647
45,328,50842
45,329,54332
45,330,57888
45,331,60789
45,332,64381
45,333,68178
45,334,72251
45,335,75428
45,336,77910
45,337,80598
45,338,82105
45,339,83772
45,340,84629
45,341,85650
45,342,84778
45,343,83504
45,344,82681
45,345,81328
45,346,80052
45,347,77429
45,348,74517
45,349,71653
45,350,69054
45,351,66648
45,352,64723
45,353,63740
45,354,61386
45,355,59475
45,356,56692
45,357,55016
45,358,52704
45,359,49471
45,360,47439
45,361,45001
45,362,41872
45,363,39988
45,364,37273
45,365,34936
45,366,33100
45,367,30898
45,368,28601
45,369,26925
45,370,24060
45,371,21964
45,372,19841
45,373,18009
45,374,16114
45,375,14496
45,376,12873
45,377,11893
45,378,10655
45,379,9934
45,380,8914
45,381,7892
45,382,6978
45,383,6095
45,384,5050
45,385,4299
45,386,3637
45,387,3175
45,388,2887
45,389,2504
45,390,2232
45,391,2018
45,392,1929
45,393,1690
45,394,1581
45,395,1379
45,396,1260
45,397,1089
45,398,939
45,399,712
45,400,562
45,401,464
45,402,425
45,403,331
45,404,270
45,405,192
45,406,183
45,407,138
45,408,108
45,409,100
45,410,83
45,411,87
45,412,58
45,413,45
45,414,27
45,415,44
45,416,40
45,417,33
45,418,28
45,419,25
45,420,21
45,421,22
45,422,22
45,423,20
45,424,19
45,425,19
45,426,22
45,427,12
45,428,8
45,429,8
45,430,14
45,431,12
45,432,11
45,433,13
45,434,9
45,435,9
45,436,4
45,438,3
45,439,2
45,440,1
45,442,1
45,443,1
45,445,1
45,447,1
46,300,6
46,301,24
46,302,39
46,303,84
46,304,132
46,305,211
46,306,314
46,307,476
46,308,752
46,309,1108
46,310,1734
46,311,2561
46,312,3795
46,313,5126
46,314,6711
46,315,8574
46,316,10122
46,317,11568
46,318,13099
46,319,14776
46,320,16397
46,321,17760
46,322,19127
46,323,19708
46,324,21072
46,325,22031
46,326,22466
46,327,23838
46,328,24745
46,329,25348
46,330,26820
46,331,27851
46,332,29384
46,333,31836
46,334,33812
46,335,36131
46,336,38566
46,337,41200
46,338,43737
46,339,46202
46,340,48186
46,341,49447
46,342,49775
46,343,50045
46,344,50340
46,345,50072
46,346,49931
46,347,49484
46,348,48730
46,349,48207
46,350,47962
46,351,47071
46,352,45574
46,353,44900
46,354,43268
46,355,41947
46,356,40585
46,357,38718
46,358,37711
46,359,36243
46,360,34584
46,361,32902
46,362,31546
46,363,30123
46,364,28787
46,365,27511
46,366,26506
46,367,25446
46,368,23504
46,369,22170
46,370,20391
46,371,19082
46,372,17337
46,373,15865
46,374,14505
46,375,13273
46,376,12385
46,377,11641
46,378,10648
46,379,9875
46,380,8806
46,381,7925
46,382,7244
46,383,6540
46,384,5663
46,385,4865
46,386,4379
46,387,3752
46,388,3281
46,389,2867
46,390,2754
46,391,2582
46,392,2350
46,393,2164
46,394,2047
46,395,1851
46,396,1610
46,397,1449
46,398,1289
46,399,1075
46,400,867
46,401,713
46,402,594
46,403,442
46,404,373
46,405,328
46,406,256
46,407,253
46,408,210
46,409,185
46,410,145
46,411,144
46,412,108
46,413,114
46,414,110
46,415,92
46,416,90
46,417,76
46,418,80
46,419,65
46,420,64
46,421,40
46,422,61
46,423,59
46,424,65
46,425,64
46,426,65
46,427,53
46,428,43
46,429,47
46,430,38
46,431,45
46,432,36
46,433,20
46,434,16
46,435,19
46,436,25
46,437,19
46,438,10
46,439,9
46,440,5
46,441,9
46,442,4
46,443,7
46,444,2
46,445,3
47,300,1
47,301,6
47,302,6
47,303,23
47,304,34
47,305,52
47,306,76
47,307,136
47,308,218
47,309,397
47,310,706
47,311,1169
47,312,1872
47,313,2696
47,314,3459
47,315,4354
47,316,5045
47,317,5994
47,318,6980
47,319,8103
47,320,9042
47,321,9835
47,322,10832
47,323,11625
47,324,12812
47,325,13797
47,326,14348
47,327,15099
47,328,15777
47,329,16005
47,330,16671
47,331,17306
47,332,18584
47,333,20308
47,334,22362
47,335,24395
47,336,26957
47,337,29212
47,338,32081
47,339,34366
47,340,36051
47,341,37688
47,342,39533
47,343,39952
47,344,39496
47,345,38671
47,346,38803
47,347,38865
47,348,38519
47,349,38481
47,350,37928
47,351,37479
47,352,35735
47,353,34413
47,354,32574
47,355,31200
47,356,29861
47,357,28695
47,358,27488
47,359,26244
47,360,25036
47,361,23901
47,362,23188
47,363,22159
47,364,21597
47,365,20668
47,366,20134
47,367,19143
47,368,18255
47,369,16881
47,370,15687
47,371,14471
47,372,13157
47,373,11960
47,374,11562
47,375,10858
47,376,10210
47,377,9621
47,378,8659
47,379,7951
47,380,7282
47,381,6870
47,382,6376
47,383,5559
47,384,5011
47,385,4590
47,386,3888
47,387,3461
47,388,3057
47,389,2883
47,390,2574
47,391,2424
47,392,2387
47,393,2213
47,394,2008
47,395,1919
47,396,1794
47,397,1624
47,398,1361
47,399,1236
47,400,962
47,401,923
47,402,774
47,403,684
47,404,556
47,405,512
47,406,454
47,407,359
47,408,339
47,409,302
47,410,262
47,411,248
47,412,220
47,413,210
47,414,201
47,415,179
47,416,139
47,417,136
47,418,142
47,419,111
47,420,118
47,421,105
47,422,102
47,423,89
47,424,78
47,425,82
47,426,83
47,427,79
47,428,77
47,429,66
47,430,62
47,431,39
47,432,45
47,433,41
47,434,38
47,435,26
47,436,32
47,437,15
47,438,23
47,439,17
47,440,8
47,441,8
47,442,3
47,443,6
47,444,4
47,445,4
48,301,1
48,302,1
48,303,5
48,304,6
48,305,9
48,306,14
48,307,33
48,308,63
48,309,168
48,310,336
48,311,584
48,312,981
48,313,1316
48,314,1570
48,315,2024
48,316,2408
48,317,3070
48,318,3670
48,319,4440
48,320,4967
48,321,5791
48,322,6571
48,323,7622
48,324,8711
48,325,9480
48,326,10528
48,327,11222
48,328,11803
48,329,12088
48,330,12564
48,331,13675
48,332,14725
48,333,16123
48,334,17646
48,335,19397
48,336,21660
48,337,24252
48,338,26716
48,339,29124
48,340,31936
48,341,34833
48,342,37705
48,343,39095
48,344,37956
48,345,36790
48,346,36375
48,347,36282
48,348,35353
48,349,34619
48,350,34521
48,351,33376
48,352,31004
48,353,27542
48,354,25401
48,355,23872
48,356,22440
48,357,21306
48,358,20237
48,359,19567
48,360,18621
48,361,18058
48,362,16845
48,363,16318
48,364,15798
48,365,15417
48,366,14734
48,367,13802
48,368,13025
48,369,11562
48,370,10835
48,371,9897
48,372,9168
48,373,8603
48,374,8079
48,375,7562
48,376,6858
48,377,6269
48,378,5572
48,379,5266
48,380,5065
48,381,4804
48,382,4386
48,383,4027
48,384,3614
48,385,3147
48,386,2734
48,387,2447
48,388,2364
48,389,2138
48,390,2118
48,391,2156
48,392,2041
48,393,2010
48,394,1935
48,395,1898
48,396,1804
48,397,1663
48,398,1439
48,399,1202
48,400,1024
48,401,964
48,402,853
48,403,819
48,404,757
48,405,715
48,406,620
48,407,560
48,408,514
48,409,479
48,410,438
48,411,387
48,412,332
48,413,337
48,414,252
48,415,261
48,416,223
48,417,193
48,418,168
48,419,148
48,420,135
48,421,144
48,422,104
48,423,128
48,424,106
48,425,111
48,426,95
48,427,73
48,428,91
48,429,77
48,430,67
48,431,58
48,432,41
48,433,42
48,434,26
48,435,36
48,436,21
48,437,13
48,438,16
48,439,12
48,440,7
48,441,5
48,442,5
48,443,5
48,444,4
48,445,7
48,446,1
48,447,2
48,448,1
49,303,1
49,304,1
49,306,1
49,307,9
49,308,22
49,309,73
49,310,173
49,311,270
49,312,413
49,313,524
49,314,635
49,315,816
49,316,1133
49,317,1452
49,318,1801
49,319,2270
49,320,2618
49,321,3350
49,322,4039
49,323,4881
49,324,6025
49,325,6933
49,326,8009
49,327,8781
49,328,9654
49,329,10548
49,330,11346
49,331,12499
49,332,13761
49,333,14826
49,334,16377
49,335,17903
49,336,19975
49,337,22038
49,338,24194
49,339,27104
49,340,30658
49,341,34645
49,342,38128
49,343,40669
49,344,41255
49,345,40827
49,346,40168
49,347,39915
49,348,39443
49,349,38684
49,350,37144
49,351,34905
49,352,31430
49,353,27140
49,354,23382
49,355,21083
49,356,19266
49,357,17747
49,358,17028
49,359,16172
49,360,15337
49,361,14298
49,362,13394
49,363,13143
49,364,12478
49,365,11995
49,366,10977
49,367,9993
49,368,8991
49,369,8300
49,370,7573
49,371,6960
49,372,6066
49,373,5647
49,374,4916
49,375,4466
49,376,3944
49,377,3321
49,378,3094
49,379,3119
49,380,2983
49,381,2747
49,382,2593
49,383,2331
49,384,1993
49,385,1846
49,386,1680
49,387,1671
49,388,1776
49,389,1827
49,390,1843
49,391,1850
49,392,1875
49,393,1828
49,394,1805
49,395,1751
49,396,1598
49,397,1446
49,398,1268
49,399,1225
49,400,1057
49,401,1027
49,402,963
49,403,867
49,404,785
49,405,783
49,406,692
49,407,675
49,408,599
49,409,558
49,410,539
49,411,528
49,412,394
49,413,421
49,414,327
49,415,310
49,416,257
49,417,208
49,418,198
49,419,183
49,420,147
49,421,159
49,422,133
49,423,105
49,424,98
49,425,103
49,426,72
49,427,72
49,428,61
49,429,50
49,430,50
49,431,41
49,432,45
49,433,27
49,434,32
49,435,19
49,436,12
49,437,5
49,438,7
49,439,3
49,440,4
49,441,7
49,442,3
49,443,3
49,444,4
49,447,1
49,448,1
50,307,1
50,308,7
50,309,33
50,310,68
50,311,104
50,312,130
50,313,153
50,314,230
50,315,295
50,316,462
50,317,592
50,318,814
50,319,1011
50,320,1312
50,321,1850
50,322,2419
50,323,3214
50,324,3983
50,325,5071
50,326,6052
50,327,7040
50,328,8250
50,329,9423
50,330,10892
50,331,12427
50,332,13992
50,333,15470
50,334,17376
50,335,19329
50,336,20838
50,337,22627
50,338,25028
50,339,27842
50,340,31211
50,341,35065
50,342,39041
50,343,43436
50,344,46671
50,345,46903
50,346,46667
50,347,46967
50,348,47136
50,349,46283
50,350,45170
50,351,42713
50,352,38524
50,353,34052
50,354,29405
50,355,25915
50,356,22844
50,357,21101
50,358,19608
50,359,17771
50,360,16145
50,361,14823
50,362,13697
50,363,13228
50,364,12300
50,365,11361
50,366,10147
50,367,9460
50,368,8690
50,369,7670
50,370,6898
50,371,5951
50,372,5123
50,373,4644
50,374,3902
50,375,3270
50,376,2781
50,377,2682
50,378,2437
50,379,2131
50,380,2000
50,381,1701
50,382,1502
50,383,1279
50,384,1174
50,385,1170
50,386,1241
50,387,1288
50,388,1426
50,389,1507
50,390,1464
50,391,1467
50,392,1490
50,393,1420
50,394,1376
50,395,1371
50,396,1310
50,397,1163
50,398,1149
50,399,1033
50,400,948
50,401,862
50,402,777
50,403,635
50,404,569
50,405,508
50,406,528
50,407,511
50,408,454
50,409,463
50,410,397
50,411,320
50,412,283
50,413,273
50,414,261
50,415,227
50,416,202
50,417,187
50,418,144
50,419,137
50,420,117
50,421,120
50,422,97
50,423,98
50,424,89
50,425,71
50,426,59
50,427,56
50,428,54
50,429,49
50,430,24
50,431,30
50,432,19
50,433,14
50,434,12
50,435,17
50,436,19
50,437,11
50,438,10
50,439,5
50,440,5
50,441,4
50,442,1
50,443,2
50,444,2
50,445,5
50,446,1
50,447,3
50,448,1
50,450,1
51,308,1
51,309,13
51,310,16
51,311,21
51,312,31
51,313,32
51,314,59
51,315,100
51,316,161
51,317,211
51,318,288
51,319,424
51,320,676
51,321,996
51,322,1467
51,323,1980
51,324,2634
51,325,3599
51,326,4335
51,327,5445
51,328,6800
51,329,8236
51,330,9750
51,331,11505
51,332,13448
51,333,15373
51,334,17714
51,335,19482
51,336,21294
51,337,23545
51,338,25649
51,339,28306
51,340,31199
51,341,35264
51,342,39692
51,343,44761
51,344,47890
51,345,49143
51,346,50496
51,347,51846
51,348,52562
51,349,52741
51,350,52102
51,351,50902
51,352,48769
51,353,45024
51,354,40545
51,355,36404
51,356,33086
51,357,30633
51,358,27973
51,359,25233
51,360,22356
51,361,20649
51,362,19153
51,363,17417
51,364,16104
51,365,14659
51,366,13644
51,367,12584
51,368,11498
51,369,10451
51,370,9612
51,371,8524
51,372,7595
51,373,6602
51,374,5757
51,375,5044
51,376,4536
51,377,3852
51,378,3436
51,379,2952
51,380,2473
51,381,2131
51,382,1768
51,383,1598
51,384,1444
51,385,1422
51,386,1338
51,387,1252
51,388,1231
51,389,1075
51,390,1083
51,391,1012
51,392,970
51,393,1006
51,394,1024
51,395,996
51,396,964
51,397,851
51,398,764
51,399,662
51,400,615
51,401,476
51,402,403
51,403,359
51,404,260
51,405,257
51,406,230
51,407,204
51,408,197
51,409,177
51,410,163
51,411,139
51,412,130
51,413,119
51,414,110
51,415,111
51,416,99
51,417,84
51,418,78
51,419,75
51,420,69
51,421,70
51,422,54
51,423,59
51,424,51
51,425,56
51,426,45
51,427,29
51,428,40
51,429,31
51,430,27
51,431,23
51,432,16
51,433,21
51,434,22
51,435,17
51,436,12
51,437,8
51,438,9
51,439,10
51,440,7
51,441,15
51,442,3
51,443,9
51,444,5
51,445,7
51,446,5
51,447,3
51,448,1
51,449,1
51,450,1
51,451,1
52,309,2
52,310,3
52,311,1
52,312,2
52,313,7
52,314,12
52,315,31
52,316,34
52,317,52
52,318,101
52,319,166
52,320,351
52,321,512
52,322,770
52,323,1155
52,324,1677
52,325,2214
52,326,3029
52,327,3949
52,328,5024
52,329,6379
52,330,7579
52,331,9283
52,332,11150
52,333,12938
52,334,14919
52,335,16972
52,336,18888
52,337,20919
52,338,22946
52,339,25480
52,340,28573
52,341,32056
52,342,35887
52,343,39430
52,344,42922
52,345,45736
52,346,47857
52,347,49278
52,348,50526
52,349,51950
52,350,52776
52,351,53450
52,352,53064
52,353,50864
52,354,47660
52,355,45203
52,356,42362
52,357,39572
52,358,35931
52,359,33229
52,360,30383
52,361,28309
52,362,25989
52,363,23880
52,364,22608
52,365,21088
52,366,19560
52,367,18189
52,368,16744
52,369,16102
52,370,14867
52,371,13519
52,372,12376
52,373,10941
52,374,9666
52,375,8711
52,376,7765
52,377,6783
52,378,5966
52,379,5310
52,380,4507
52,381,4051
52,382,3524
52,383,3130
52,384,2906
52,385,2444
52,386,2097
52,387,1776
52,388,1474
52,389,1442
52,390,1155
52,391,1065
52,392,999
52,393,1010
52,394,890
52,395,882
52,396,716
52,397,607
52,398,534
52,399,430
52,400,363
52,401,276
52,402,242
52,403,183
52,404,145
52,405,116
52,406,99
52,407,97
52,408,71
52,409,55
52,410,59
52,411,46
52,412,41
52,413,33
52,414,37
52,415,23
52,416,33
52,417,18
52,418,20
52,419,21
52,420,19
52,421,19
52,422,20
52,423,16
52,424,19
52,425,14
52,426,13
52,427,6
52,428,10
52,429,6
52,430,8
52,431,5
52,432,8
52,433,2
52,434,2
52,435,7
52,436,2
52,437,1
52,438,2
52,440,3
52,441,1
52,442,1
52,444,1
52,445,2
52,446,2
52,447,2
52,448,2
52,449,1
52,450,1
52,451,1
52,454,1
53,313,1
53,314,1
53,315,3
53,316,4
53,317,11
53,318,40
53,319,72
53,320,100
53,321,222
53,322,394
53,323,547
53,324,902
53,325,1313
53,326,1800
53,327,2447
53,328,3185
53,329,4096
53,330,5099
53,331,6343
53,332,7657
53,333,8912
53,334,10708
53,335,12192
53,336,13759
53,337,15542
53,338,17401
53,339,19709
53,340,21896
53,341,24872
53,342,27819
53,343,30548
53,344,33522
53,345,35665
53,346,37287
53,347,39051
53,348,40982
53,349,43311
53,350,45019
53,351,46890
53,352,47795
53,353,47774
53,354,46516
53,355,45075
53,356,43216
53,357,40702
53,358,38489
53,359,36670
53,360,34476
53,361,32652
53,362,30522
53,363,29418
53,364,28002
53,365,26128
53,366,24418
53,367,22978
53,368,21737
53,369,20702
53,370,19088
53,371,17847
53,372,16576
53,373,14978
53,374,13571
53,375,12278
53,376,11429
53,377,10283
53,378,9333
53,379,8086
53,380,7430
53,381,6739
53,382,5919
53,383,5399
53,384,4534
53,385,3940
53,386,3349
53,387,2902
53,388,2572
53,389,2098
53,390,1808
53,391,1553
53,392,1464
53,393,1227
53,394,1044
53,395,912
53,396,783
53,397,720
53,398,578
53,399,402
53,400,353
53,401,246
53,402,216
53,403,179
53,404,160
53,405,108
53,406,93
53,407,74
53,408,65
53,409,62
53,410,47
53,411,42
53,412,31
53,413,21
53,414,25
53,415,13
53,416,9
53,417,16
53,418,6
53,419,8
53,420,4
53,421,1
53,422,4
53,423,3
53,424,2
53,425,4
53,426,1
53,427,1
53,429,1
53,430,1
53,431,2
53,432,1
53,435,1
53,436,1
53,440,1
54,316,2
54,317,1
54,319,27
54,320,30
54,321,63
54,322,150
54,323,246
54,324,397
54,325,611
54,326,875
54,327,1244
54,328,1696
54,329,2225
54,330,2903
54,331,3615
54,332,4433
54,333,5324
54,334,6325
54,335,7263
54,336,8489
54,337,9601
54,338,11031
54,339,12766
54,340,14508
54,341,16478
54,342,18213
54,343,19953
54,344,21283
54,345,22801
54,346,24427
54,347,25993
54,348,28018
54,349,30652
54,350,32846
54,351,34826
54,352,36464
54,353,37380
54,354,37220
54,355,36287
54,356,35101
54,357,34512
54,358,33848
54,359,33431
54,360,32443
54,361,31326
54,362,30854
54,363,29937
54,364,28639
54,365,27088
54,366,25562
54,367,24433
54,368,22893
54,369,21669
54,370,20660
54,371,19570
54,372,17954
54,373,16816
54,374,15396
54,375,14643
54,376,13319
54,377,12449
54,378,11234
54,379,10355
54,380,9285
54,381,8385
54,382,7597
54,383,6653
54,384,5732
54,385,5167
54,386,4457
54,387,3847
54,388,3364
54,389,2915
54,390,2579
54,391,2205
54,392,1868
54,393,1664
54,394,1435
54,395,1294
54,396,1092
54,397,938
54,398,717
54,399,641
54,400,518
54,401,397
54,402,319
54,403,274
54,404,227
54,405,203
54,406,153
54,407,122
54,408,115
54,409,86
54,410,56
54,411,60
54,412,43
54,413,23
54,414,19
54,415,17
54,416,17
54,417,18
54,418,7
54,419,9
54,420,11
54,421,6
54,422,5
54,423,6
54,424,3
54,425,2
54,426,2
54,427,1
54,428,4
54,429,1
54,430,1
54,431,1
54,432,1
54,433,1
54,434,1
55,320,11
55,321,18
55,322,38
55,323,80
55,324,133
55,325,221
55,326,335
55,327,508
55,328,751
55,329,1046
55,330,1327
55,331,1781
55,332,2156
55,333,2605
55,334,3165
55,335,3565
55,336,4298
55,337,5099
55,338,6042
55,339,6961
55,340,8087
55,341,9090
55,342,9762
55,343,10511
55,344,11328
55,345,12389
55,346,13664
55,347,15045
55,348,17011
55,349,18954
55,350,20851
55,351,22449
55,352,23313
55,353,24170
55,354,24480
55,355,24471
55,356,24768
55,357,24943
55,358,25324
55,359,25564
55,360,25677
55,361,25946
55,362,25718
55,363,25047
55,364,23963
55,365,23135
55,366,22123
55,367,21252
55,368,20573
55,369,19961
55,370,18578
55,371,17794
55,372,16862
55,373,15945
55,374,15113
55,375,13950
55,376,13171
55,377,12382
55,378,11318
55,379,10554
55,380,9682
55,381,8563
55,382,7550
55,383,6785
55,384,6035
55,385,5289
55,386,4699
55,387,4066
55,388,3738
55,389,3319
55,390,2845
55,391,2500
55,392,2044
55,393,1903
55,394,1656
55,395,1433
55,396,1265
55,397,1119
55,398,887
55,399,746
55,400,639
55,401,516
55,402,452
55,403,351
55,404,318
55,405,240
55,406,228
55,407,168
55,408,143
55,409,118
55,410,107
55,411,86
55,412,53
55,413,45
55,414,32
55,415,28
55,416,31
55,417,20
55,418,23
55,419,13
55,420,5
55,421,4
55,422,8
55,423,5
55,424,5
55,425,3
55,426,3
55,427,6
55,428,1
55,429,5
55,432,2
55,433,1
55,435,2
55,436,1
56,321,5
56,322,10
56,323,11
56,324,35
56,325,62
56,326,96
56,327,163
56,328,271
56,329,374
56,330,507
56,331,708
56,332,827
56,333,1018
56,334,1240
56,335,1517
56,336,1906
56,337,2305
56,338,2768
56,339,3181
56,340,3591
56,341,3964
56,342,4226
56,343,4706
56,344,5178
56,345,5822
56,346,6712
56,347,7766
56,348,9000
56,349,10118
56,350,11094
56,351,11872
56,352,12456
56,353,13057
56,354,13599
56,355,14225
56,356,14907
56,357,15486
56,358,16216
56,359,16621
56,360,17245
56,361,17340
56,362,17305
56,363,17004
56,364,16643
56,365,16163
56,366,15991
56,367,15441
56,368,15104
56,369,14565
56,370,14333
56,371,13881
56,372,13292
56,373,12687
56,374,11845
56,375,11171
56,376,10663
56,377,9953
56,378,9199
56,379,8503
56,380,7958
56,381,7173
56,382,6483
56,383,5732
56,384,4950
56,385,4538
56,386,4130
56,387,3693
56,388,3315
56,389,2967
56,390,2531
56,391,2058
56,392,1941
56,393,1640
56,394,1502
56,395,1341
56,396,1140
56,397,1018
56,398,843
56,399,730
56,400,623
56,401,502
56,402,456
56,403,335
56,404,293
56,405,261
56,406,195
56,407,163
56,408,121
56,409,104
56,410,94
56,411,78
56,412,68
56,413,55
56,414,33
56,415,30
56,416,28
56,417,28
56,418,5
56,419,11
56,420,12
56,421,7
56,422,6
56,423,8
56,424,6
56,425,4
56,426,2
56,427,2
56,428,3
56,429,1
56,430,1
56,431,1
56,432,1
56,435,1
56,436,1
57,322,2
57,323,1
57,324,4
57,325,12
57,326,27
57,327,34
57,328,79
57,329,100
57,330,147
57,331,200
57,332,242
57,333,326
57,334,414
57,335,569
57,336,702
57,337,846
57,338,1052
57,339,1148
57,340,1279
57,341,1419
57,342,1580
57,343,1790
57,344,2011
57,345,2464
57,346,2907
57,347,3420
57,348,4000
57,349,4391
57,350,4844
57,351,5210
57,352,5540
57,353,6043
57,354,6438
57,355,7052
57,356,7569
57,357,8068
57,358,8631
57,359,8931
57,360,9265
57,361,9286
57,362,9491
57,363,9279
57,364,9176
57,365,9258
57,366,9223
57,367,9052
57,368,9143
57,369,9105
57,370,9002
57,371,8668
57,372,8398
57,373,8070
57,374,7560
57,375,7327
57,376,6934
57,377,6453
57,378,6100
57,379,5711
57,380,5250
57,381,4935
57,382,4456
57,383,3991
57,384,3582
57,385,3195
57,386,2817
57,387,2555
57,388,2314
57,389,2089
57,390,1778
57,391,1476
57,392,1333
57,393,1110
57,394,1021
57,395,976
57,396,869
57,397,708
57,398,665
57,399,529
57,400,485
57,401,363
57,402,285
57,403,213
57,404,182
57,405,172
57,406,155
57,407,114
57,408,90
57,409,86
57,410,76
57,411,66
57,412,55
57,413,37
57,414,31
57,415,31
57,416,19
57,417,15
57,418,13
57,419,18
57,420,8
57,421,7
57,422,3
57,423,4
57,424,3
57,425,2
57,426,3
57,427,2
57,428,1
58,325,2
58,326,4
58,327,6
58,328,13
58,329,18
58,330,30
58,331,41
58,332,61
58,333,86
58,334,121
58,335,164
58,336,212
58,337,287
58,338,303
58,339,367
58,340,408
58,341,425
58,342,523
58,343,631
58,344,735
58,345,916
58,346,1070
58,347,1262
58,348,1465
58,349,1599
58,350,1778
58,351,1957
58,352,2169
58,353,2348
58,354,2689
58,355,2977
58,356,3234
58,357,3522
58,358,3722
58,359,3900
58,360,4013
58,361,4102
58,362,4189
58,363,4261
58,364,4340
58,365,4412
58,366,4453
58,367,4577
58,368,4574
58,369,4511
58,370,4489
58,371,4490
58,372,4512
58,373,4282
58,374,4032
58,375,3847
58,376,3704
58,377,3410
58,378,3336
58,379,3122
58,380,2989
58,381,2776
58,382,2580
58,383,2417
58,384,2059
58,385,1836
58,386,1633
58,387,1458
58,388,1354
58,389,1302
58,390,1034
58,391,845
58,392,747
58,393,722
58,394,624
58,395,580
58,396,520
58,397,423
58,398,384
58,399,350
58,400,249
58,401,220
58,402,185
58,403,171
58,404,132
58,405,117
58,406,96
58,407,77
58,408,76
58,409,55
58,410,54
58,411,53
58,412,43
58,413,26
58,414,21
58,415,35
58,416,13
58,417,17
58,418,18
58,419,12
58,420,7
58,421,5
58,422,6
58,423,6
58,424,6
58,425,4
58,426,3
58,427,2
58,428,2
59,327,2
59,329,2
59,330,2
59,331,6
59,332,15
59,333,20
59,334,24
59,335,47
59,336,59
59,337,78
59,338,86
59,339,105
59,340,148
59,341,139
59,342,170
59,343,220
59,344,266
59,345,305
59,346,353
59,347,414
59,348,481
59,349,567
59,350,648
59,351,733
59,352,824
59,353,942
59,354,1091
59,355,1169
59,356,1303
59,357,1440
59,358,1483
59,359,1621
59,360,1656
59,361,1729
59,362,1870
59,363,1876
59,364,1875
59,365,2083
59,366,2076
59,367,2123
59,368,2093
59,369,2166
59,370,2180
59,371,2236
59,372,2187
59,373,2100
59,374,2122
59,375,2009
59,376,1904
59,377,1843
59,378,1775
59,379,1694
59,380,1640
59,381,1636
59,382,1423
59,383,1378
59,384,1224
59,385,1069
59,386,954
59,387,925
59,388,842
59,389,729
59,390,690
59,391,618
59,392,539
59,393,463
59,394,427
59,395,399
59,396,397
59,397,335
59,398,285
59,399,289
59,400,242
59,401,188
59,402,178
59,403,158
59,404,131
59,405,125
59,406,116
59,407,98
59,408,89
59,409,74
59,410,67
59,411,56
59,412,60
59,413,68
59,414,35
59,415,34
59,416,36
59,417,39
59,418,26
59,419,19
59,420,20
59,421,23
59,422,12
59,423,11
59,424,16
59,425,15
59,426,9
59,427,10
59,428,13
59,429,6
59,430,6
59,431,2
59,432,1
59,433,3
59,434,2
59,435,3
59,436,4
59,437,3
59,440,1
59,441,2
59,442,3
59,443,1
59,445,1
59,446,1
59,451,1
59,452,1
59,453,1
59,455,1
59,463,1
59,465,1
60,332,2
60,333,6
60,334,5
60,335,10
60,336,23
60,337,26
60,338,26
60,339,40
60,340,52
60,341,48
60,342,81
60,343,81
60,344,87
60,345,128
60,346,154
60,347,175
60,348,209
60,349,247
60,350,321
60,351,354
60,352,397
60,353,479
60,354,551
60,355,678
60,356,725
60,357,838
60,358,921
60,359,1067
60,360,1161
60,361,1149
60,362,1184
60,363,1314
60,364,1407
60,365,1492
60,366,1457
60,367,1542
60,368,1685
60,369,1775
60,370,1749
60,371,1816
60,372,1876
60,373,1987
60,374,1932
60,375,1919
60,376,1899
60,377,1919
60,378,1908
60,379,1848
60,380,1781
60,381,1870
60,382,1837
60,383,1750
60,384,1616
60,385,1538
60,386,1531
60,387,1350
60,388,1288
60,389,1180
60,390,1134
60,391,1110
60,392,944
60,393,877
60,394,834
60,395,824
60,396,754
60,397,707
60,398,642
60,399,551
60,400,553
60,401,511
60,402,443
60,403,433
60,404,409
60,405,331
60,406,325
60,407,326
60,408,286
60,409,251
60,410,237
60,411,221
60,412,186
60,413,158
60,414,148
60,415,145
60,416,120
60,417,105
60,418,116
60,419,102
60,420,90
60,421,63
60,422,70
60,423,55
60,424,52
60,425,37
60,426,36
60,427,33
60,428,26
60,429,24
60,430,20
60,431,18
60,432,23
60,433,18
60,434,15
60,435,8
60,436,15
60,437,9
60,438,8
60,439,7
60,440,6
60,441,4
60,442,8
60,443,6
60,444,1
60,445,3
60,446,3
60,448,2
60,449,1
60,450,3
60,451,1
60,455,3
60,463,1
60,464,2
60,467,1
61,333,1
61,334,1
61,335,1
61,336,8
61,337,11
61,338,10
61,339,11
61,340,25
61,341,26
61,342,20
61,343,31
61,344,43
61,345,51
61,346,77
61,347,86
61,348,103
61,349,146
61,350,187
61,351,221
61,352,255
61,353,348
61,354,490
61,355,613
61,356,682
61,357,874
61,358,1077
61,359,1194
61,360,1323
61,361,1454
61,362,1704
61,363,1947
61,364,2047
61,365,2148
61,366,2367
61,367,2634
61,368,2813
61,369,2936
61,370,3129
61,371,3445
61,372,3762
61,373,3933
61,374,3895
61,375,4042
61,376,4169
61,377,4258
61,378,4212
61,379,4287
61,380,4482
61,381,4497
61,382,4421
61,383,4330
61,384,4223
61,385,4088
61,386,3969
61,387,3680
61,388,3508
61,389,3309
61,390,2952
61,391,2738
61,392,2581
61,393,2299
61,394,2247
61,395,1967
61,396,1767
61,397,1659
61,398,1573
61,399,1462
61,400,1374
61,401,1242
61,402,1100
61,403,1045
61,404,954
61,405,844
61,406,802
61,407,721
61,408,621
61,409,577
61,410,502
61,411,444
61,412,398
61,413,365
61,414,346
61,415,287
61,416,266
61,417,228
61,418,234
61,419,194
61,420,197
61,421,166
61,422,128
61,423,130
61,424,127
61,425,70
61,426,67
61,427,68
61,428,45
61,429,48
61,430,38
61,431,37
61,432,30
61,433,43
61,434,32
61,435,23
61,436,22
61,437,24
61,438,16
61,439,14
61,440,10
61,441,7
61,442,8
61,443,9
61,444,4
61,445,7
61,446,8
61,447,3
61,448,5
61,449,3
61,450,3
61,451,1
61,452,1
61,453,3
61,454,3
61,455,2
61,456,1
61,457,2
61,458,2
61,460,2
61,461,1
61,462,1
61,465,2
61,466,2
62,336,1
62,337,2
62,338,3
62,339,1
62,340,6
62,341,12
62,342,6
62,343,7
62,344,18
62,345,23
62,346,28
62,347,34
62,348,47
62,349,78
62,350,100
62,351,157
62,352,215
62,353,360
62,354,481
62,355,648
62,356,836
62,357,1106
62,358,1474
62,359,1682
62,360,2142
62,361,2507
62,362,2940
62,363,3243
62,364,3635
62,365,4155
62,366,4558
62,367,5027
62,368,5538
62,369,6122
62,370,6855
62,371,7510
62,372,7945
62,373,8329
62,374,8208
62,375,8303
62,376,8348
62,377,8613
62,378,9197
62,379,9516
62,380,9752
62,381,9739
62,382,9605
62,383,9335
62,384,9264
62,385,8590
62,386,7988
62,387,7598
62,388,6977
62,389,6427
62,390,5655
62,391,5179
62,392,4685
62,393,4238
62,394,3830
62,395,3650
62,396,3267
62,397,3090
62,398,2859
62,399,2617
62,400,2358
62,401,2130
62,402,1872
62,403,1666
62,404,1542
62,405,1345
62,406,1147
62,407,1070
62,408,969
62,409,824
62,410,740
62,411,642
62,412,549
62,413,538
62,414,459
62,415,416
62,416,359
62,417,327
62,418,294
62,419,267
62,420,229
62,421,180
62,422,184
62,423,152
62,424,108
62,425,100
62,426,91
62,427,82
62,428,61
62,429,58
62,430,48
62,431,45
62,432,42
62,433,25
62,434,34
62,435,37
62,436,26
62,437,18
62,438,11
62,439,17
62,440,14
62,441,4
62,442,6
62,443,10
62,444,5
62,445,7
62,446,10
62,447,3
62,448,2
62,449,3
62,450,5
62,451,3
62,452,2
62,453,2
62,454,6
62,455,2
62,456,1
62,457,2
62,458,3
62,459,2
62,460,1
62,461,1
62,465,1
62,466,1
62,470,1
62,474,1
63,341,2
63,342,2
63,344,4
63,345,7
63,346,6
63,347,9
63,348,13
63,349,41
63,350,65
63,351,113
63,352,202
63,353,303
63,354,470
63,355,697
63,356,1023
63,357,1385
63,358,1926
63,359,2509
63,360,3182
63,361,3773
63,362,4390
63,363,5290
63,364,6102
63,365,6824
63,366,7728
63,367,8659
63,368,9815
63,369,10936
63,370,12184
63,371,13527
63,372,14781
63,373,14800
63,374,13212
63,375,12389
63,376,13283
63,377,14155
63,378,15092
63,379,15757
63,380,16534
63,381,17274
63,382,16869
63,383,15705
63,384,14295
63,385,13230
63,386,12087
63,387,10892
63,388,9777
63,389,8728
63,390,7724
63,391,6450
63,392,5687
63,393,5248
63,394,4747
63,395,4530
63,396,4113
63,397,3785
63,398,3565
63,399,3059
63,400,2569
63,401,2229
63,402,1882
63,403,1569
63,404,1334
63,405,1177
63,406,1043
63,407,960
63,408,759
63,409,707
63,410,612
63,411,535
63,412,484
63,413,422
63,414,351
63,415,338
63,416,287
63,417,259
63,418,186
63,419,191
63,420,146
63,421,135
63,422,95
63,423,87
63,424,75
63,425,78
63,426,50
63,427,53
63,428,50
63,429,35
63,430,25
63,431,29
63,432,31
63,433,29
63,434,18
63,435,23
63,436,18
63,437,18
63,438,14
63,439,9
63,440,10
63,441,16
63,442,8
63,443,4
63,444,6
63,445,8
63,446,5
63,447,5
63,448,5
63,449,4
63,450,4
63,451,2
63,452,1
63,453,2
63,454,1
63,455,1
63,456,1
63,457,3
63,458,1
63,460,2
63,461,2
63,462,2
63,463,1
63,467,1
63,469,1
63,474,1
64,345,1
64,346,1
64,348,6
64,349,17
64,350,46
64,351,66
64,352,147
64,353,235
64,354,416
64,355,665
64,356,1009
64,357,1653
64,358,2213
64,359,3036
64,360,3789
64,361,4708
64,362,5989
64,363,7135
64,364,8401
64,365,9593
64,366,11043
64,367,12750
64,368,14348
64,369,16138
64,370,18495
64,371,20719
64,372,22491
64,373,21528
64,374,17937
64,375,16638
64,376,17433
64,377,18589
64,378,19761
64,379,22072
64,380,24385
64,381,25865
64,382,23850
64,383,21181
64,384,18408
64,385,16055
64,386,13958
64,387,11451
64,388,10068
64,389,9473
64,390,8126
64,391,6555
64,392,5134
64,393,4587
64,394,4195
64,395,3970
64,396,3770
64,397,3477
64,398,2992
64,399,2559
64,400,2098
64,401,1631
64,402,1227
64,403,961
64,404,881
64,405,783
64,406,646
64,407,547
64,408,429
64,409,370
64,410,339
64,411,257
64,412,248
64,413,229
64,414,205
64,415,189
64,416,133
64,417,120
64,418,154
64,419,111
64,420,83
64,421,71
64,422,70
64,423,76
64,424,52
64,425,53
64,426,60
64,427,41
64,428,45
64,429,35
64,430,34
64,431,30
64,432,29
64,433,26
64,434,19
64,435,14
64,436,14
64,437,18
64,438,23
64,439,13
64,440,13
64,441,10
64,442,11
64,443,13
64,444,4
64,445,3
64,446,4
64,447,4
64,448,7
64,449,1
64,450,1
64,451,3
64,452,2
64,453,4
64,454,3
64,455,1
64,456,1
64,457,3
64,458,1
64,459,2
64,460,1
64,463,1
64,467,1
64,470,1
65,348,4
65,349,4
65,350,25
65,351,32
65,352,88
65,353,166
65,354,263
65,355,601
65,356,877
65,357,1524
65,358,2062
65,359,2715
65,360,3899
65,361,5141
65,362,6610
65,363,7954
65,364,9719
65,365,11563
65,366,13360
65,367,15593
65,368,17876
65,369,20632
65,370,23666
65,371,26293
65,372,28597
65,373,28402
65,374,22815
65,375,19050
65,376,18626
65,377,20036
65,378,22640
65,379,26369
65,380,29551
65,381,31601
65,382,29451
65,383,25731
65,384,21411
65,385,16685
65,386,13252
65,387,10425
65,388,9169
65,389,8829
65,390,7511
65,391,5706
65,392,4220
65,393,3559
65,394,3144
65,395,2995
65,396,2798
65,397,2526
65,398,2149
65,399,1624
65,400,1270
65,401,966
65,402,845
65,403,668
65,404,568
65,405,431
65,406,324
65,407,267
65,408,215
65,409,173
65,410,167
65,411,127
65,412,116
65,413,81
65,414,92
65,415,76
65,416,59
65,417,89
65,418,72
65,419,68
65,420,52
65,421,68
65,422,82
65,423,52
65,424,64
65,425,35
65,426,49
65,427,52
65,428,36
65,429,47
65,430,28
65,431,32
65,432,21
65,433,21
65,434,21
65,435,24
65,436,19
65,437,18
65,438,13
65,439,6
65,440,8
65,441,8
65,442,5
65,443,6
65,444,5
65,445,5
65,446,6
65,447,3
65,448,1
65,449,1
65,450,2
65,451,3
65,452,2
65,456,1
65,458,2
65,459,1
65,461,1
65,478,1
65,480,1
65,481,1
66,348,1
66,350,11
66,351,17
66,352,33
66,353,103
66,354,160
66,355,458
66,356,604
66,357,940
66,358,1584
66,359,2170
66,360,3394
66,361,4523
66,362,5923
66,363,7757
66,364,9411
66,365,11694
66,366,13813
66,367,16542
66,368,19527
66,369,22659
66,370,25819
66,371,29514
66,372,32859
66,373,33159
66,374,26450
66,375,19249
66,376,17888
66,377,19732
66,378,22780
66,379,26434
66,380,30162
66,381,33715
66,382,33824
66,383,29811
66,384,23692
66,385,17082
66,386,12166
66,387,9601
66,388,7856
66,389,7328
66,390,6644
66,391,5173
66,392,3893
66,393,2882
66,394,2466
66,395,1974
66,396,1711
66,397,1480
66,398,1350
66,399,1039
66,400,968
66,401,773
66,402,668
66,403,497
66,404,402
66,405,358
66,406,293
66,407,278
66,408,183
66,409,179
66,410,127
66,411,111
66,412,98
66,413,93
66,414,58
66,415,59
66,416,59
66,417,43
66,418,38
66,419,29
66,420,28
66,421,35
66,422,33
66,423,24
66,424,30
66,425,35
66,426,24
66,427,25
66,428,27
66,429,28
66,430,22
66,431,18
66,432,8
66,433,12
66,434,8
66,435,15
66,436,8
66,437,18
66,438,11
66,439,5
66,440,6
66,441,9
66,442,11
66,443,7
66,444,2
66,445,2
66,446,3
66,447,2
66,448,2
66,449,1
66,450,1
66,451,2
66,452,1
66,455,1
66,459,1
66,469,2
67,350,2
67,351,7
67,352,9
67,353,67
67,354,89
67,355,185
67,356,372
67,357,527
67,358,1036
67,359,1563
67,360,2305
67,361,3527
67,362,4460
67,363,6255
67,364,7880
67,365,9974
67,366,12644
67,367,15447
67,368,18565
67,369,22141
67,370,25684
67,371,29799
67,372,34731
67,373,35296
67,374,28374
67,375,19980
67,376,16659
67,377,17290
67,378,19759
67,379,23207
67,380,28038
67,381,32865
67,382,34863
67,383,32724
67,384,26963
67,385,18966
67,386,12640
67,387,8859
67,388,7220
67,389,6611
67,390,6320
67,391,5369
67,392,4264
67,393,2964
67,394,2183
67,395,1500
67,396,1174
67,397,926
67,398,774
67,399,676
67,400,585
67,401,506
67,402,467
67,403,430
67,404,357
67,405,301
67,406,282
67,407,259
67,408,235
67,409,213
67,410,181
67,411,137
67,412,114
67,413,96
67,414,83
67,415,60
67,416,63
67,417,39
67,418,30
67,419,26
67,420,17
67,421,11
67,422,13
67,423,10
67,424,10
67,425,7
67,426,6
67,427,8
67,428,5
67,429,5
67,430,2
67,431,12
67,432,3
67,433,4
67,434,3
67,435,4
67,436,7
67,437,3
67,438,5
67,439,3
67,440,1
67,442,2
67,443,1
67,444,1
67,445,2
67,447,1
67,448,1
67,449,3
67,450,1
67,451,1
67,453,1
68,351,4
68,352,2
68,353,19
68,354,40
68,355,63
68,356,181
68,357,293
68,358,508
68,359,971
68,360,1344
68,361,2181
68,362,3010
68,363,4122
68,364,5746
68,365,7762
68,366,10055
68,367,12780
68,368,15857
68,369,19655
68,370,24109
68,371,28333
68,372,33634
68,373,36195
68,374,30680
68,375,22059
68,376,16209
68,377,14804
68,378,16601
68,379,19707
68,380,23734
68,381,28737
68,382,33271
68,383,35105
68,384,31350
68,385,22298
68,386,15529
68,387,10436
68,388,7691
68,389,6598
68,390,5866
68,391,5363
68,392,4937
68,393,3724
68,394,2849
68,395,1868
68,396,1211
68,397,797
68,398,498
68,399,355
68,400,298
68,401,268
68,402,241
68,403,213
68,404,204
68,405,209
68,406,223
68,407,176
68,408,177
68,409,160
68,410,139
68,411,145
68,412,92
68,413,73
68,414,66
68,415,61
68,416,50
68,417,32
68,418,28
68,419,23
68,420,25
68,421,12
68,422,16
68,423,9
68,424,10
68,425,7
68,426,3
68,427,5
68,428,2
68,429,3
68,430,3
68,431,5
68,432,1
68,434,1
68,437,1
69,351,1
69,353,2
69,354,15
69,355,24
69,356,57
69,357,149
69,358,208
69,359,438
69,360,734
69,361,1048
69,362,1709
69,363,2575
69,364,3770
69,365,5247
69,366,7191
69,367,9654
69,368,13068
69,369,16601
69,370,21088
69,371,25988
69,372,31069
69,373,36495
69,374,33751
69,375,26105
69,376,19350
69,377,15459
69,378,14513
69,379,16086
69,380,19587
69,381,25071
69,382,31171
69,383,34905
69,384,33850
69,385,27298
69,386,20828
69,387,13932
69,388,9183
69,389,7285
69,390,6430
69,391,6015
69,392,5439
69,393,4440
69,394,3660
69,395,2888
69,396,1950
69,397,1220
69,398,640
69,399,372
69,400,226
69,401,157
69,402,125
69,403,126
69,404,118
69,405,89
69,406,98
69,407,80
69,408,86
69,409,99
69,410,85
69,411,56
69,412,44
69,413,49
69,414,28
69,415,21
69,416,18
69,417,14
69,418,7
69,419,6
69,420,9
69,421,3
69,422,2
69,423,7
69,424,1
69,425,3
69,426,5
69,427,2
69,428,4
69,430,3
69,431,1
69,432,1
70,354,3
70,355,8
70,356,11
70,357,45
70,358,89
70,359,135
70,360,304
70,361,508
70,362,867
70,363,1443
70,364,2160
70,365,3256
70,366,5012
70,367,7139
70,368,9950
70,369,13400
70,370,17493
70,371,23290
70,372,29488
70,373,35420
70,374,37118
70,375,33638
70,376,26887
70,377,20370
70,378,16438
70,379,15632
70,380,17700
70,381,21359
70,382,26389
70,383,32599
70,384,37134
70,385,34145
70,386,27750
70,387,20233
70,388,13820
70,389,10792
70,390,8399
70,391,7121
70,392,6110
70,393,5545
70,394,4944
70,395,4277
70,396,3203
70,397,2227
70,398,1442
70,399,843
70,400,524
70,401,261
70,402,181
70,403,148
70,404,114
70,405,85
70,406,72
70,407,66
70,408,59
70,409,43
70,410,37
70,411,41
70,412,32
70,413,25
70,414,15
70,415,17
70,416,11
70,417,6
70,418,4
70,419,9
70,420,5
70,421,6
70,422,2
70,423,1
70,424,2
70,426,2
70,427,1
70,428,1
70,429,3
70,431,1
70,432,2
70,433,1
70,435,1
71,355,1
71,356,2
71,357,6
71,358,24
71,359,40
71,360,116
71,361,225
71,362,375
71,363,695
71,364,1204
71,365,2032
71,366,3192
71,367,4766
71,368,7053
71,369,10209
71,370,14477
71,371,19743
71,372,25633
71,373,33124
71,374,38782
71,375,39855
71,376,36773
71,377,30715
71,378,25204
71,379,20843
71,380,18907
71,381,20255
71,382,24281
71,383,30732
71,384,36376
71,385,37573
71,386,34790
71,387,30589
71,388,23617
71,389,18450
71,390,13885
71,391,11002
71,392,9530
71,393,8145
71,394,6654
71,395,5716
71,396,5009
71,397,4111
71,398,3089
71,399,1994
71,400,1191
71,401,784
71,402,434
71,403,308
71,404,217
71,405,165
71,406,134
71,407,88
71,408,89
71,409,96
71,410,82
71,411,48
71,412,45
71,413,51
71,414,38
71,415,31
71,416,33
71,417,28
71,418,24
71,419,15
71,420,14
71,421,11
71,422,21
71,423,11
71,424,6
71,425,14
71,426,10
71,427,10
71,428,8
71,429,5
71,430,8
71,431,7
71,432,4
71,433,3
71,434,3
71,435,2
71,436,1
71,438,2
71,442,2
72,357,1
72,358,6
72,359,13
72,360,33
72,361,86
72,362,158
72,363,346
72,364,621
72,365,1067
72,366,1835
72,367,2899
72,368,4647
72,369,7389
72,370,10365
72,371,15122
72,372,20960
72,373,27799
72,374,35892
72,375,40871
72,376,42801
72,377,41205
72,378,36677
72,379,31227
72,380,27008
72,381,25364
72,382,26097
72,383,29204
72,384,34207
72,385,39315
72,386,41412
72,387,40209
72,388,35214
72,389,29858
72,390,24955
72,391,20372
72,392,16844
72,393,13825
72,394,11308
72,395,9340
72,396,8387
72,397,6993
72,398,5718
72,399,4325
72,400,2988
72,401,2117
72,402,1339
72,403,905
72,404,665
72,405,431
72,406,277
72,407,243
72,408,189
72,409,144
72,410,134
72,411,112
72,412,103
72,413,77
72,414,73
72,415,87
72,416,81
72,417,64
72,418,55
72,419,49
72,420,50
72,421,56
72,422,45
72,423,50
72,424,40
72,425,44
72,426,37
72,427,30
72,428,32
72,429,31
72,430,16
72,431,19
72,432,24
72,433,14
72,434,16
72,435,18
72,436,11
72,437,6
72,438,5
72,439,10
72,440,3
72,441,3
72,442,3
72,443,2
72,444,2
72,445,6
72,446,1
72,448,4
72,449,3
72,450,1
72,451,1
72,452,1
72,453,1
72,454,2
72,456,1
72,457,2
72,458,4
72,459,3
72,461,1
72,463,1
73,358,1
73,359,4
73,360,7
73,361,33
73,362,62
73,363,129
73,364,273
73,365,498
73,366,868
73,367,1672
73,368,2648
73,369,4454
73,370,6926
73,371,10039
73,372,15055
73,373,20665
73,374,27654
73,375,34672
73,376,40275
73,377,42943
73,378,42270
73,379,40662
73,380,37090
73,381,33198
73,382,32385
73,383,32819
73,384,35964
73,385,40400
73,386,43992
73,387,45885
73,388,43966
73,389,41566
73,390,38088
73,391,33594
73,392,29076
73,393,24686
73,394,21149
73,395,17731
73,396,15494
73,397,13268
73,398,10670
73,399,8998
73,400,7130
73,401,5539
73,402,4140
73,403,2881
73,404,2016
73,405,1589
73,406,1090
73,407,824
73,408,643
73,409,484
73,410,347
73,411,320
73,412,279
73,413,202
73,414,177
73,415,151
73,416,130
73,417,132
73,418,123
73,419,133
73,420,119
73,421,122
73,422,122
73,423,138
73,424,102
73,425,127
73,426,111
73,427,95
73,428,114
73,429,80
73,430,80
73,431,68
73,432,79
73,433,86
73,434,64
73,435,57
73,436,45
73,437,42
73,438,30
73,439,39
73,440,22
73,441,21
73,442,23
73,443,17
73,444,19
73,445,11
73,446,7
73,447,5
73,448,8
73,449,11
73,450,7
73,451,3
73,452,8
73,453,7
73,454,6
73,455,6
73,456,2
73,457,2
73,458,6
73,459,6
73,460,2
73,461,2
73,462,4
73,464,2
73,465,6
73,466,4
73,469,1
73,470,1
73,471,2
73,473,2
73,474,1
73,475,1
73,476,1
74,359,1
74,360,2
74,361,5
74,362,19
74,363,37
74,364,79
74,365,209
74,366,352
74,367,729
74,368,1380
74,369,2256
74,370,3812
74,371,5987
74,372,8908
74,373,13038
74,374,18092
74,375,23919
74,376,30119
74,377,35449
74,378,38483
74,379,39985
74,380,39934
74,381,37973
74,382,37503
74,383,37599
74,384,37872
74,385,40733
74,386,44551
74,387,47188
74,388,48674
74,389,48753
74,390,47953
74,391,45548
74,392,41542
74,393,37449
74,394,34329
74,395,31123
74,396,27393
74,397,24343
74,398,20755
74,399,18066
74,400,15406
74,401,12683
74,402,10449
74,403,8331
74,404,6735
74,405,5437
74,406,4453
74,407,3573
74,408,2715
74,409,2199
74,410,1740
74,411,1336
74,412,1080
74,413,820
74,414,713
74,415,579
74,416,520
74,417,394
74,418,349
74,419,340
74,420,290
74,421,301
74,422,243
74,423,268
74,424,275
74,425,260
74,426,265
74,427,238
74,428,238
74,429,210
74,430,209
74,431,254
74,432,176
74,433,221
74,434,210
74,435,179
74,436,155
74,437,152
74,438,127
74,439,113
74,440,110
74,441,93
74,442,98
74,443,87
74,444,71
74,445,69
74,446,52
74,447,53
74,448,37
74,449,38
74,450,21
74,451,21
74,452,6
74,453,9
74,454,17
74,455,6
74,456,16
74,457,9
74,458,4
74,459,5
74,460,6
74,461,3
74,462,7
74,463,7
74,464,8
74,465,1
74,466,1
74,467,5
74,468,5
74,469,6
74,470,3
74,472,3
74,473,2
74,474,1
75,362,2
75,363,11
75,364,17
75,365,61
75,366,128
75,367,257
75,368,559
75,369,1021
75,370,1670
75,371,2936
75,372,4552
75,373,6805
75,374,9943
75,375,13722
75,376,18365
75,377,23107
75,378,27475
75,379,30666
75,380,33068
75,381,34120
75,382,34941
75,383,35776
75,384,36598
75,385,38679
75,386,41675
75,387,44538
75,388,46872
75,389,49177
75,390,50133
75,391,50101
75,392,48745
75,393,46676
75,394,45446
75,395,43371
75,396,40172
75,397,37208
75,398,34079
75,399,31454
75,400,28452
75,401,24691
75,402,21629
75,403,18812
75,404,16884
75,405,14181
75,406,12142
75,407,10350
75,408,8810
75,409,7611
75,410,6404
75,411,5310
75,412,4356
75,413,3645
75,414,3142
75,415,2523
75,416,2086
75,417,1839
75,418,1540
75,419,1337
75,420,1117
75,421,878
75,422,865
75,423,719
75,424,619
75,425,559
75,426,561
75,427,488
75,428,458
75,429,420
75,430,420
75,431,444
75,432,395
75,433,398
75,434,384
75,435,355
75,436,362
75,437,324
75,438,340
75,439,294
75,440,315
75,441,276
75,442,252
75,443,252
75,444,239
75,445,210
75,446,198
75,447,163
75,448,137
75,449,112
75,450,106
75,451,61
75,452,64
75,453,61
75,454,47
75,455,46
75,456,37
75,457,41
75,458,29
75,459,20
75,460,29
75,461,15
75,462,19
75,463,16
75,464,12
75,465,7
75,466,7
75,467,9
75,468,7
75,469,5
75,470,4
75,471,5
75,472,6
75,473,2
75,474,1
75,475,1
75,476,1
75,478,1
75,479,1
76,363,2
76,364,3
76,365,14
76,366,34
76,367,81
76,368,167
76,369,367
76,370,623
76,371,1167
76,372,1925
76,373,2929
76,374,4463
76,375,6480
76,376,9149
76,377,12038
76,378,15225
76,379,18486
76,380,21193
76,381,23665
76,382,25634
76,383,27499
76,384,29147
76,385,31080
76,386,34027
76,387,36377
76,388,38871
76,389,41817
76,390,43750
76,391,45250
76,392,45773
76,393,46267
76,394,46773
76,395,46674
76,396,45992
76,397,44830
76,398,43852
76,399,41500
76,400,39160
76,401,36235
76,402,33895
76,403,31171
76,404,28736
76,405,25465
76,406,23257
76,407,21237
76,408,19028
76,409,16842
76,410,14745
76,411,13202
76,412,11608
76,413,10147
76,414,8468
76,415,7512
76,416,6632
76,417,5678
76,418,4864
76,419,4104
76,420,3579
76,421,3030
76,422,2565
76,423,2068
76,424,1849
76,425,1484
76,426,1343
76,427,1131
76,428,946
76,429,928
76,430,825
76,431,790
76,432,670
76,433,642
76,434,598
76,435,568
76,436,533
76,437,526
76,438,483
76,439,475
76,440,483
76,441,432
76,442,455
76,443,462
76,444,458
76,445,432
76,446,424
76,447,380
76,448,364
76,449,306
76,450,281
76,451,246
76,452,230
76,453,188
76,454,145
76,455,135
76,456,103
76,457,104
76,458,89
76,459,64
76,460,76
76,461,76
76,462,52
76,463,61
76,464,50
76,465,40
76,466,27
76,467,28
76,468,32
76,469,23
76,470,22
76,471,26
76,472,19
76,473,9
76,474,4
76,475,7
76,476,6
76,477,8
76,478,6
76,479,1
76,480,3
76,481,3
76,487,1
77,364,1
77,365,2
77,366,5
77,367,21
77,368,32
77,369,103
77,370,174
77,371,330
77,372,630
77,373,1003
77,374,1648
77,375,2487
77,376,3564
77,377,4986
77,378,6712
77,379,8613
77,380,10730
77,381,12810
77,382,14621
77,383,16570
77,384,18564
77,385,20136
77,386,22339
77,387,24821
77,388,26531
77,389,29091
77,390,31343
77,391,33016
77,392,34712
77,393,36611
77,394,37899
77,395,38454
77,396,39829
77,397,40841
77,398,41231
77,399,40823
77,400,40140
77,401,39814
77,402,38177
77,403,36535
77,404,35235
77,405,32973
77,406,31662
77,407,29380
77,408,26493
77,409,24858
77,410,23015
77,411,21019
77,412,18964
77,413,16908
77,414,15280
77,415,13922
77,416,12689
77,417,10859
77,418,9387
77,419,8351
77,420,7341
77,421,6347
77,422,5297
77,423,4647
77,424,3939
77,425,3316
77,426,2895
77,427,2431
77,428,2044
77,429,1817
77,430,1542
77,431,1434
77,432,1230
77,433,1126
77,434,1004
77,435,938
77,436,899
77,437,807
77,438,845
77,439,681
77,440,693
77,441,627
77,442,606
77,443,593
77,444,609
77,445,557
77,446,476
77,447,500
77,448,485
77,449,458
77,450,453
77,451,390
77,452,374
77,453,309
77,454,306
77,455,268
77,456,221
77,457,208
77,458,193
77,459,154
77,460,132
77,461,125
77,462,132
77,463,121
77,464,118
77,465,99
77,466,86
77,467,82
77,468,71
77,469,65
77,470,64
77,471,53
77,472,36
77,473,44
77,474,29
77,475,30
77,476,37
77,477,28
77,478,18
77,479,15
77,480,14
77,481,14
77,482,8
77,483,7
77,484,6
77,485,5
77,486,2
77,487,1
77,488,3
77,490,3
77,493,1
77,494,1
77,495,1
77,498,3
78,367,3
78,368,5
78,369,16
78,370,29
78,371,74
78,372,133
78,373,262
78,374,456
78,375,680
78,376,1090
78,377,1574
78,378,2310
78,379,3126
78,380,4136
78,381,5302
78,382,6480
78,383,7744
78,384,9194
78,385,10647
78,386,12029
78,387,13513
78,388,15022
78,389,16402
78,390,18264
78,391,19924
78,392,21280
78,393,22907
78,394,24170
78,395,25691
78,396,27163
78,397,28596
78,398,29580
78,399,30194
78,400,31059
78,401,31441
78,402,31322
78,403,31438
78,404,31642
78,405,30970
78,406,29674
78,407,28262
78,408,27401
78,409,26295
78,410,24909
78,411,23016
78,412,21286
78,413,20130
78,414,18946
78,415,17179
78,416,15440
78,417,14078
78,418,12542
78,419,11322
78,420,10192
78,421,8800
78,422,7575
78,423,6638
78,424,5781
78,425,5174
78,426,4497
78,427,3886
78,428,3417
78,429,2916
78,430,2487
78,431,2263
78,432,1939
78,433,1743
78,434,1601
78,435,1404
78,436,1286
78,437,1219
78,438,1066
78,439,990
78,440,915
78,441,874
78,442,829
78,443,790
78,444,656
78,445,673
78,446,594
78,447,602
78,448,558
78,449,495
78,450,483
78,451,412
78,452,407
78,453,338
78,454,383
78,455,310
78,456,266
78,457,247
78,458,208
78,459,185
78,460,179
78,461,168
78,462,148
78,463,126
78,464,113
78,465,86
78,466,84
78,467,80
78,468,83
78,469,69
78,470,69
78,471,59
78,472,52
78,473,49
78,474,36
78,475,44
78,476,42
78,477,26
78,478,34
78,479,32
78,480,16
78,481,28
78,482,25
78,483,19
78,484,16
78,485,8
78,486,15
78,487,15
78,488,13
78,489,8
78,490,8
78,491,9
78,492,5
78,493,5
78,494,5
78,495,8
78,496,8
78,497,4
78,498,3
78,499,3
78,500,5
78,501,1
78,502,3
79,368,1
79,370,3
79,371,9
79,372,19
79,373,46
79,374,75
79,375,143
79,376,238
79,377,379
79,378,592
79,379,822
79,380,1167
79,381,1670
79,382,2159
79,383,2767
79,384,3598
79,385,4304
79,386,5086
79,387,5988
79,388,6756
79,389,7719
79,390,8877
79,391,9862
79,392,10730
79,393,11895
79,394,13023
79,395,13991
79,396,15281
79,397,16022
79,398,16909
79,399,17698
79,400,18682
79,401,19349
79,402,19845
79,403,20406
79,404,20698
79,405,20455
79,406,20744
79,407,20638
79,408,20472
79,409,20021
79,410,18939
79,411,18223
79,412,17983
79,413,17388
79,414,16578
79,415,15142
79,416,13926
79,417,13174
79,418,11947
79,419,10976
79,420,9600
79,421,8696
79,422,7765
79,423,6929
79,424,6181
79,425,5595
79,426,4909
79,427,4422
79,428,3967
79,429,3518
79,430,3032
79,431,2727
79,432,2432
79,433,2273
79,434,1913
79,435,1735
79,436,1527
79,437,1400
79,438,1217
79,439,1146
79,440,1076
79,441,997
79,442,937
79,443,879
79,444,778
79,445,719
79,446,677
79,447,621
79,448,614
79,449,540
79,450,520
79,451,452
79,452,458
79,453,419
79,454,325
79,455,311
79,456,302
79,457,262
79,458,221
79,459,198
79,460,167
79,461,157
79,462,144
79,463,138
79,464,120
79,465,97
79,466,65
79,467,66
79,468,57
79,469,43
79,470,40
79,471,36
79,472,40
79,473,36
79,474,25
79,475,32
79,476,22
79,477,21
79,478,17
79,479,18
79,480,14
79,481,14
79,482,13
79,483,8
79,484,10
79,485,7
79,486,7
79,487,6
79,488,7
79,489,4
79,490,2
79,491,5
79,492,1
79,493,3
79,494,3
79,495,4
79,496,3
79,497,1
79,498,10
79,499,4
79,500,7
79,501,2
79,502,1
79,503,1
79,504,1
79,505,3
79,506,1
79,509,1
79,512,1
80,372,3
80,373,2
80,374,8
80,375,19
80,376,28
80,377,62
80,378,91
80,379,139
80,380,243
80,381,355
80,382,524
80,383,734
80,384,952
80,385,1337
80,386,1602
80,387,2009
80,388,2459
80,389,2977
80,390,3478
80,391,4025
80,392,4415
80,393,5121
80,394,5828
80,395,6295
80,396,6996
80,397,7354
80,398,8043
80,399,8572
80,400,9194
80,401,9483
80,402,9970
80,403,10392
80,404,10337
80,405,10550
80,406,11202
80,407,11446
80,408,11447
80,409,11279
80,410,11242
80,411,11347
80,412,11642
80,413,11350
80,414,10695
80,415,10254
80,416,9896
80,417,9374
80,418,8733
80,419,7861
80,420,7144
80,421,6729
80,422,6189
80,423,5647
80,424,4987
80,425,4739
80,426,4364
80,427,4003
80,428,3666
80,429,3233
80,430,2939
80,431,2585
80,432,2346
80,433,2195
80,434,1906
80,435,1641
80,436,1561
80,437,1401
80,438,1301
80,439,1088
80,440,1012
80,441,972
80,442,868
80,443,762
80,444,688
80,445,654
80,446,596
80,447,593
80,448,534
80,449,483
80,450,469
80,451,425
80,452,384
80,453,374
80,454,330
80,455,296
80,456,271
80,457,243
80,458,253
80,459,230
80,460,200
80,461,160
80,462,190
80,463,149
80,464,142
80,465,129
80,466,94
80,467,76
80,468,83
80,469,80
80,470,56
80,471,72
80,472,49
80,473,37
80,474,42
80,475,41
80,476,28
80,477,24
80,478,16
80,479,12
80,480,17
80,481,14
80,482,14
80,483,9
80,484,9
80,485,8
80,486,8
80,487,5
80,488,11
80,489,3
80,490,4
80,491,6
80,492,3
80,493,3
80,494,6
80,495,3
80,496,4
80,498,3
80,499,7
80,500,1
80,502,2
80,503,3
81,376,3
81,377,2
81,378,8
81,379,15
81,380,25
81,381,51
81,382,68
81,383,115
81,384,174
81,385,270
81,386,363
81,387,509
81,388,661
81,389,877
81,390,1045
81,391,1177
81,392,1471
81,393,1739
81,394,2120
81,395,2212
81,396,2531
81,397,2830
81,398,3161
81,399,3347
81,400,3440
81,401,3819
81,402,3928
81,403,4022
81,404,4051
81,405,4310
81,406,4758
81,407,4866
81,408,4870
81,409,4960
81,410,5269
81,411,5727
81,412,5698
81,413,5514
81,414,5478
81,415,5439
81,416,5556
81,417,5183
81,418,4701
81,419,4507
81,420,4490
81,421,4217
81,422,3940
81,423,3610
81,424,3370
81,425,3352
81,426,3268
81,427,2950
81,428,2658
81,429,2460
81,430,2350
81,431,2123
81,432,1993
81,433,1725
81,434,1559
81,435,1354
81,436,1326
81,437,1197
81,438,1066
81,439,948
81,440,947
81,441,818
81,442,750
81,443,665
81,444,629
81,445,566
81,446,565
81,447,518
81,448,464
81,449,382
81,450,396
81,451,351
81,452,324
81,453,276
81,454,260
81,455,245
81,456,237
81,457,224
81,458,184
81,459,170
81,460,152
81,461,132
81,462,148
81,463,113
81,464,104
81,465,103
81,466,90
81,467,83
81,468,69
81,469,66
81,470,69
81,471,45
81,472,50
81,473,34
81,474,41
81,475,35
81,476,36
81,477,22
81,478,15
81,479,21
81,480,11
81,481,11
81,482,11
81,483,12
81,484,6
81,485,14
81,486,8
81,487,6
81,488,17
81,489,13
81,490,8
81,491,14
81,492,7
81,493,9
81,494,7
81,495,9
81,496,6
81,497,3
81,498,1
81,499,4
81,500,2
81,501,2
81,502,4
81,503,1
81,504,2
81,505,1
81,507,1
81,516,1
82,380,1
82,381,1
82,382,3
82,383,11
82,384,16
82,385,35
82,386,51
82,387,84
82,388,128
82,389,152
82,390,202
82,391,246
82,392,363
82,393,446
82,394,509
82,395,603
82,396,710
82,397,846
82,398,861
82,399,989
82,400,1121
82,401,1206
82,402,1175
82,403,1222
82,404,1320
82,405,1402
82,406,1525
82,407,1519
82,408,1700
82,409,1896
82,410,2080
82,411,2161
82,412,2069
82,413,2145
82,414,2333
82,415,2371
82,416,2257
82,417,2133
82,418,2116
82,419,2222
82,420,2181
82,421,2060
82,422,1903
82,423,1928
82,424,1932
82,425,1971
82,426,1878
82,427,1757
82,428,1702
82,429,1641
82,430,1565
82,431,1448
82,432,1329
82,433,1215
82,434,1047
82,435,1046
82,436,1078
82,437,960
82,438,885
82,439,832
82,440,762
82,441,767
82,442,632
82,443,666
82,444,616
82,445,538
82,446,544
82,447,539
82,448,481
82,449,443
82,450,404
82,451,373
82,452,353
82,453,335
82,454,281
82,455,242
82,456,268
82,457,236
82,458,218
82,459,189
82,460,187
82,461,163
82,462,135
82,463,127
82,464,122
82,465,114
82,466,100
82,467,103
82,468,83
82,469,75
82,470,58
82,471,60
82,472,61
82,473,44
82,474,53
82,475,47
82,476,34
82,477,30
82,478,28
82,479,17
82,480,15
82,481,19
82,482,17
82,483,16
82,484,17
82,485,10
82,486,10
82,487,11
82,488,9
82,489,12
82,490,13
82,491,7
82,492,11
82,493,10
82,494,8
82,495,6
82,496,1
82,497,4
82,498,8
82,499,1
82,501,4
82,502,1
82,504,3
82,506,1
82,507,2
82,508,1
82,510,2
82,511,1
82,513,1
83,383,1
83,385,2
83,386,3
83,387,6
83,388,14
83,389,7
83,390,29
83,391,45
83,392,49
83,393,77
83,394,83
83,395,119
83,396,133
83,397,168
83,398,185
83,399,214
83,400,253
83,401,251
83,402,285
83,403,283
83,404,331
83,405,357
83,406,384
83,407,440
83,408,472
83,409,562
83,410,576
83,411,640
83,412,690
83,413,688
83,414,775
83,415,742
83,416,736
83,417,782
83,418,793
83,419,846
83,420,856
83,421,839
83,422,849
83,423,867
83,424,944
83,425,917
83,426,876
83,427,912
83,428,878
83,429,895
83,430,905
83,431,794
83,432,764
83,433,733
83,434,767
83,435,727
83,436,701
83,437,704
83,438,691
83,439,703
83,440,641
83,441,664
83,442,632
83,443,616
83,444,584
83,445,564
83,446,533
83,447,536
83,448,472
83,449,451
83,450,465
83,451,411
83,452,401
83,453,369
83,454,332
83,455,307
83,456,312
83,457,308
83,458,322
83,459,273
83,460,242
83,461,213
83,462,197
83,463,184
83,464,145
83,465,134
83,466,146
83,467,142
83,468,111
83,469,103
83,470,102
83,471,95
83,472,77
83,473,77
83,474,68
83,475,57
83,476,64
83,477,47
83,478,42
83,479,29
83,480,34
83,481,23
83,482,19
83,483,18
83,484,14
83,485,18
83,486,12
83,487,11
83,488,4
83,489,5
83,490,7
83,491,3
83,492,4
83,493,6
83,494,5
83,495,2
83,496,7
83,497,1
83,501,1
83,505,1
83,507,1
84,388,1
84,389,1
84,390,2
84,391,4
84,392,5
84,393,10
84,394,8
84,395,16
84,396,21
84,397,24
84,398,35
84,399,39
84,400,40
84,401,44
84,402,49
84,403,66
84,404,61
84,405,81
84,406,80
84,407,91
84,408,91
84,409,126
84,410,143
84,411,166
84,412,185
84,413,170
84,414,202
84,415,214
84,416,228
84,417,249
84,418,238
84,419,278
84,420,281
84,421,304
84,422,336
84,423,340
84,424,380
84,425,368
84,426,390
84,427,390
84,428,401
84,429,395
84,430,361
84,431,408
84,432,422
84,433,385
84,434,406
84,435,408
84,436,441
84,437,463
84,438,444
84,439,446
84,440,434
84,441,467
84,442,428
84,443,438
84,444,429
84,445,426
84,446,399
84,447,384
84,448,382
84,449,381
84,450,353
84,451,357
84,452,341
84,453,308
84,454,316
84,455,284
84,456,282
84,457,275
84,458,259
84,459,255
84,460,216
84,461,179
84,462,195
84,463,163
84,464,158
84,465,139
84,466,122
84,467,121
84,468,102
84,469,106
84,470,88
84,471,90
84,472,78
84,473,85
84,474,63
84,475,57
84,476,48
84,477,56
84,478,32
84,479,34
84,480,33
84,481,28
84,482,24
84,483,20
84,484,11
84,485,9
84,486,6
84,487,2
84,488,2
84,489,4
84,490,1
84,491,4
84,492,1
84,493,2
84,495,3
84,496,1
84,497,2
84,499,2
85,393,2
85,395,2
85,396,4
85,397,2
85,398,8
85,399,4
85,400,7
85,401,10
85,402,8
85,403,17
85,404,15
85,405,15
85,406,11
85,407,15
85,408,20
85,409,25
85,410,34
85,411,30
85,412,51
85,413,48
85,414,43
85,415,56
85,416,53
85,417,66
85,418,74
85,419,77
85,420,91
85,421,94
85,422,120
85,423,124
85,424,114
85,425,122
85,426,141
85,427,147
85,428,135
85,429,168
85,430,165
85,431,181
85,432,186
85,433,167
85,434,166
85,435,208
85,436,217
85,437,196
85,438,201
85,439,217
85,440,215
85,441,247
85,442,209
85,443,214
85,444,243
85,445,235
85,446,214
85,447,212
85,448,223
85,449,229
85,450,208
85,451,184
85,452,184
85,453,172
85,454,177
85,455,155
85,456,159
85,457,169
85,458,137
85,459,155
85,460,135
85,461,115
85,462,91
85,463,105
85,464,91
85,465,86
85,466,78
85,467,75
85,468,62
85,469,44
85,470,59
85,471,52
85,472,41
85,473,49
85,474,42
85,475,36
85,476,29
85,477,12
85,478,19
85,479,14
85,480,20
85,481,13
85,482,11
85,483,12
85,484,5
85,485,3
85,486,6
85,487,2
85,488,2
85,489,2
85,490,1
85,491,2
85,492,1
85,494,3
85,496,1
85,497,1
85,498,1
85,503,1
85,507,1
86,400,2
86,401,2
86,402,2
86,403,3
86,404,2
86,405,2
86,406,4
86,407,7
86,408,4
86,409,3
86,410,17
86,411,4
86,412,10
86,413,12
86,414,17
86,415,16
86,416,8
86,417,17
86,418,14
86,419,24
86,420,35
86,421,34
86,422,35
86,423,38
86,424,39
86,425,31
86,426,40
86,427,43
86,428,54
86,429,66
86,430,56
86,431,58
86,432,60
86,433,69
86,434,70
86,435,78
86,436,69
86,437,69
86,438,76
86,439,89
86,440,73
86,441,92
86,442,94
86,443,84
86,444,96
86,445,102
86,446,109
86,447,90
86,448,105
86,449,107
86,450,75
86,451,81
86,452,84
86,453,70
86,454,85
86,455,83
86,456,75
86,457,72
86,458,69
86,459,63
86,460,61
86,461,56
86,462,50
86,463,44
86,464,44
86,465,38
86,466,45
86,467,33
86,468,32
86,469,36
86,470,32
86,471,32
86,472,27
86,473,24
86,474,17
86,475,17
86,476,13
86,477,17
86,478,12
86,479,12
86,480,7
86,481,7
86,482,11
86,483,5
86,484,7
86,485,3
86,486,5
86,487,5
86,488,2
86,489,5
86,490,3
86,492,1
86,493,1
86,494,2
86,495,1
86,499,1
86,502,1
86,507,1
87,403,1
87,405,1
87,408,1
87,410,2
87,411,1
87,412,2
87,413,1
87,414,3
87,415,2
87,416,1
87,417,3
87,418,3
87,419,2
87,420,7
87,421,8
87,422,12
87,423,11
87,424,10
87,425,9
87,426,10
87,427,11
87,428,16
87,429,20
87,430,17
87,431,20
87,432,21
87,433,21
87,434,21
87,435,28
87,436,25
87,437,24
87,438,27
87,439,31
87,440,23
87,441,33
87,442,33
87,443,38
87,444,40
87,445,36
87,446,33
87,447,41
87,448,39
87,449,36
87,450,45
87,451,39
87,452,33
87,453,36
87,454,41
87,455,35
87,456,32
87,457,38
87,458,36
87,459,43
87,460,29
87,461,34
87,462,38
87,463,30
87,464,38
87,465,23
87,466,20
87,467,24
87,468,30
87,469,22
87,470,24
87,471,32
87,472,10
87,473,12
87,474,21
87,475,16
87,476,15
87,477,13
87,478,8
87,479,13
87,480,9
87,481,11
87,482,16
87,483,8
87,484,7
87,485,3
87,486,4
87,487,4
87,488,5
87,489,5
87,490,2
87,491,1
87,492,3
87,493,3
87,494,6
87,495,4
87,496,1
87,497,1
87,498,1
87,499,1
87,500,6
87,504,1
87,505,1
87,506,1
87,507,1
87,512,2
88,417,1
88,420,1
88,421,2
88,422,1
88,424,2
88,425,2
88,426,1
88,427,1
88,428,2
88,429,3
88,430,2
88,431,5
88,432,5
88,433,3
88,434,4
88,435,6
88,436,9
88,437,9
88,438,5
88,439,10
88,440,8
88,441,9
88,442,11
88,443,16
88,444,11
88,445,15
88,446,19
88,447,20
88,448,14
88,449,17
88,450,15
88,451,22
88,452,13
88,453,18
88,454,24
88,455,12
88,456,11
88,457,18
88,458,26
88,459,28
88,460,24
88,461,27
88,462,23
88,463,15
88,464,28
88,465,21
88,466,24
88,467,16
88,468,15
88,469,22
88,470,26
88,471,21
88,472,13
88,473,18
88,474,9
88,475,11
88,476,11
88,477,14
88,478,9
88,479,16
88,480,8
88,481,10
88,482,3
88,483,13
88,484,11
88,485,6
88,486,4
88,487,5
88,488,6
88,489,7
88,490,7
88,491,2
88,492,2
88,493,4
88,494,4
88,495,2
88,498,6
88,499,1
88,500,1
88,501,2
88,502,1
88,503,1
88,504,1
88,505,3
88,506,1
88,507,1
88,508,1
88,510,2
88,512,1
88,517,2
88,518,2
88,524,2
88,525,1
88,526,1
88,528,1
88,532,1
89,424,1
89,434,1
89,436,1
89,437,2
89,438,1
89,439,2
89,440,1
89,441,5
89,442,3
89,443,2
89,444,3
89,445,3
89,446,3
89,447,4
89,448,5
89,449,7
89,450,11
89,451,8
89,452,9
89,453,7
89,454,12
89,455,6
89,456,9
89,457,9
89,458,16
89,459,14
89,460,18
89,461,22
89,462,18
89,463,10
89,464,9
89,465,9
89,466,9
89,467,10
89,468,16
89,469,19
89,470,15
89,471,12
89,472,11
89,473,10
89,474,4
89,475,7
89,476,6
89,477,6
89,478,9
89,479,5
89,480,11
89,481,6
89,482,6
89,483,8
89,484,8
89,485,5
89,486,7
89,487,7
89,488,7
89,489,12
89,490,5
89,491,7
89,492,6
89,493,11
89,494,2
89,495,8
89,496,2
89,497,2
89,498,4
89,499,4
89,500,4
89,501,9
89,502,3
89,503,3
89,505,2
89,506,2
89,507,3
89,508,3
89,509,1
89,510,2
89,511,2
89,514,3
89,515,1
89,516,1
89,517,1
89,518,1
89,521,1
89,522,2
89,523,3
89,524,3
89,526,2
89,527,2
89,528,1
89,532,2
89,534,1
89,536,3
89,538,1
89,539,1
89,542,1
89,550,1
89,553,1
89,556,1
90,442,1
90,446,1
90,447,2
90,449,1
90,450,3
90,451,4
90,452,3
90,453,2
90,454,1
90,455,1
90,456,12
90,457,6
90,458,5
90,459,6
90,460,6
90,461,6
90,462,13
90,463,8
90,464,11
90,465,12
90,466,12
90,467,6
90,468,10
90,469,10
90,470,8
90,471,9
90,472,13
90,473,10
90,474,11
90,475,5
90,476,11
90,477,8
90,478,7
90,479,12
90,480,15
90,481,8
90,482,12
90,483,9
90,484,9
90,485,11
90,486,8
90,487,5
90,488,5
90,489,3
90,490,3
90,491,8
90,492,4
90,493,7
90,494,3
90,495,9
90,496,5
90,497,5
90,498,1
90,499,6
90,500,5
90,501,7
90,502,2
90,503,6
90,504,2
90,505,4
90,506,2
90,507,3
90,509,2
90,510,3
90,511,3
90,512,4
90,514,1
90,515,1
90,517,1
90,518,3
90,519,1
90,520,2
90,521,1
90,523,1
90,524,1
90,525,1
90,526,1
90,527,2
90,529,1
90,531,4
90,532,2
90,533,1
90,534,3
90,535,1
90,538,1
90,539,2
90,540,1
90,544,1
90,545,1
90,546,2
90,547,1
90,549,1
90,552,2
90,553,1
90,555,2
90,556,1
90,557,1
90,562,1
90,564,1
90,572,2
90,580,1
90,583,1
91,451,1
91,452,1
91,453,2
91,454,1
91,455,2
91,456,2
91,457,1
91,458,4
91,459,2
91,460,1
91,461,2
91,462,5
91,463,5
91,464,2
91,465,2
91,466,9
91,467,4
91,468,5
91,469,2
91,470,5
91,471,3
91,472,13
91,473,14
91,474,8
91,475,11
91,476,13
91,477,8
91,478,11
91,479,5
91,480,11
91,481,13
91,482,14
91,483,5
91,484,7
91,485,2
91,486,9
91,487,12
91,488,9
91,489,8
91,490,6
91,491,9
91,492,5
91,493,10
91,494,5
91,495,3
91,496,7
91,497,7
91,498,5
91,499,7
91,500,5
91,502,6
91,503,5
91,504,3
91,505,3
91,506,3
91,507,9
91,508,2
91,509,5
91,510,3
91,511,2
91,512,4
91,513,5
91,514,3
91,515,6
91,516,1
91,517,2
91,518,3
91,519,3
91,520,4
91,522,4
91,524,4
91,525,1
91,526,6
91,527,2
91,528,5
91,531,1
91,532,1
91,533,2
91,534,4
91,536,2
91,541,2
91,542,1
91,545,1
91,546,1
91,548,1
91,553,1
91,560,1
91,563,2
91,564,1
91,567,1
91,569,1
91,570,1
91,572,3
91,573,1
91,574,1
91,576,3
91,580,1
91,583,2
91,584,1
92,462,2
92,463,1
92,464,1
92,465,1
92,466,2
92,467,1
92,468,1
92,469,1
92,470,1
92,471,5
92,472,3
92,473,7
92,474,8
92,475,2
92,476,4
92,477,1
92,478,4
92,479,2
92,480,3
92,481,3
92,482,4
92,483,2
92,484,6
92,485,1
92,486,5
92,487,9
92,488,8
92,489,5
92,490,8
92,491,6
92,492,3
92,493,5
92,494,6
92,495,5
92,496,7
92,497,3
92,498,5
92,499,7
92,500,2
92,501,2
92,502,5
92,503,2
92,504,3
92,506,5
92,507,4
92,508,7
92,509,5
92,510,1
92,511,4
92,512,7
92,513,3
92,514,3
92,515,5
92,516,2
92,517,4
92,518,3
92,520,3
92,521,2
92,522,4
92,523,2
92,524,2
92,525,3
92,526,1
92,528,1
92,529,3
92,530,3
92,532,2
92,536,1
92,537,2
92,538,1
92,540,2
92,541,1
92,544,1
92,545,1
92,546,1
92,547,4
92,548,1
92,550,1
92,551,1
92,554,2
92,555,1
92,557,1
93,469,1
93,474,1
93,476,2
93,478,2
93,479,1
93,481,3
93,482,2
93,483,1
93,484,2
93,486,2
93,487,3
93,488,2
93,490,4
93,492,3
93,493,5
93,494,7
93,495,2
93,496,1
93,497,3
93,498,1
93,499,3
93,500,1
93,502,2
93,503,1
93,504,5
93,507,2
93,508,1
93,509,1
93,512,4
93,513,2
93,514,2
93,515,2
93,516,5
93,517,1
93,518,2
93,519,1
93,520,3
93,521,2
93,524,2
93,525,2
93,526,2
93,529,2
93,530,1
93,531,1
93,536,1
93,537,1
93,541,1
93,542,1
93,543,2
93,545,1
93,549,4
93,553,2
93,563,1
93,564,1
94,478,1
94,484,1
94,491,1
94,492,1
94,495,1
94,498,1
94,501,1
94,502,1
94,504,2
94,506,1
94,508,2
94,511,2
94,512,2
94,514,3
94,515,1
94,518,1
94,520,1
94,522,1
94,524,1
94,525,1
94,526,1
94,538,1
94,539,1
94,544,1
94,545,1
94,557,1
94,558,1
94,563,1
94,564,1
95,509,1
95,514,1
95,526,1
95,542,1
96,535,1
96,539,1
