depth,f_value,expanded
0,239,1
1,240,1
1,244,1
1,245,1
1,247,1
1,249,1
1,252,2
1,253,2
1,254,1
1,257,1
1,260,1
1,261,2
1,262,1
1,263,2
2,241,1
2,243,1
2,244,2
2,245,1
2,247,1
2,248,4
2,249,5
2,250,7
2,251,5
2,252,6
2,253,8
2,254,8
2,255,6
2,256,5
2,257,6
2,258,7
2,259,9
2,260,9
2,261,16
2,262,16
2,263,21
2,264,17
2,265,10
2,266,8
2,267,8
2,268,16
2,269,5
2,270,6
2,271,3
2,272,3
2,273,2
2,274,3
2,275,3
2,276,5
2,277,3
2,278,2
2,279,11
2,280,4
2,282,5
2,283,3
2,285,3
2,287,2
3,243,1
3,244,1
3,245,2
3,246,2
3,247,3
3,248,9
3,249,15
3,250,9
3,251,21
3,252,17
3,253,20
3,254,26
3,255,34
3,256,32
3,257,27
3,258,48
3,259,54
3,260,69
3,261,75
3,262,88
3,263,94
3,264,109
3,265,119
3,266,82
3,267,83
3,268,84
3,269,69
3,270,68
3,271,48
3,272,59
3,273,56
3,274,48
3,275,47
3,276,54
3,277,51
3,278,57
3,279,68
3,280,67
3,281,36
3,282,55
3,283,28
3,284,32
3,285,25
3,286,21
3,287,25
3,288,17
3,289,16
3,290,11
3,291,6
3,292,3
3,293,3
3,297,3
3,300,2
3,301,1
3,302,1
4,245,3
4,246,5
4,247,4
4,248,16
4,249,17
4,250,15
4,251,32
4,252,30
4,253,41
4,254,51
4,255,69
4,256,84
4,257,92
4,258,139
4,259,177
4,260,208
4,261,271
4,262,305
4,263,309
4,264,355
4,265,394
4,266,349
4,267,345
4,268,293
4,269,330
4,270,298
4,271,253
4,272,262
4,273,248
4,274,318
4,275,288
4,276,293
4,277,305
4,278,298
4,279,331
4,280,280
4,281,231
4,282,251
4,283,187
4,284,197
4,285,180
4,286,179
4,287,161
4,288,93
4,289,122
4,290,71
4,291,61
4,292,41
4,293,28
4,294,22
4,295,19
4,296,15
4,297,18
4,298,17
4,299,17
4,300,14
4,301,11
4,302,10
4,303,7
4,304,3
4,305,1
4,306,3
4,310,1
4,313,1
5,245,1
5,246,4
5,247,8
5,248,14
5,249,16
5,250,19
5,251,34
5,252,38
5,253,55
5,254,70
5,255,98
5,256,162
5,257,183
5,258,262
5,259,362
5,260,426
5,261,548
5,262,613
5,263,690
5,264,794
5,265,759
5,266,867
5,267,844
5,268,763
5,269,821
5,270,822
5,271,878
5,272,885
5,273,896
5,274,946
5,275,964
5,276,1035
5,277,1018
5,278,884
5,279,902
5,280,876
5,281,855
5,282,877
5,283,854
5,284,854
5,285,747
5,286,796
5,287,675
5,288,581
5,289,539
5,290,422
5,291,353
5,292,306
5,293,268
5,294,252
5,295,220
5,296,203
5,297,179
5,298,186
5,299,164
5,300,152
5,301,92
5,302,74
5,303,46
5,304,36
5,305,27
5,306,7
5,307,7
5,308,2
5,309,1
6,246,2
6,247,5
6,248,11
6,249,12
6,250,10
6,251,23
6,252,41
6,253,64
6,254,91
6,255,110
6,256,218
6,257,268
6,258,392
6,259,500
6,260,582
6,261,870
6,262,946
6,263,1133
6,264,1321
6,265,1299
6,266,1499
6,267,1687
6,268,1695
6,269,1887
6,270,1981
6,271,2106
6,272,2234
6,273,2268
6,274,2384
6,275,2321
6,276,2298
6,277,2393
6,278,2302
6,279,2375
6,280,2492
6,281,2649
6,282,2702
6,283,2864
6,284,2795
6,285,2750
6,286,2639
6,287,2546
6,288,2304
6,289,2169
6,290,1877
6,291,1795
6,292,1666
6,293,1555
6,294,1348
6,295,1320
6,296,1190
6,297,1110
6,298,982
6,299,806
6,300,655
6,301,470
6,302,381
6,303,195
6,304,118
6,305,84
6,306,50
6,307,12
6,308,4
6,309,2
7,247,1
7,248,5
7,249,6
7,250,10
7,251,15
7,252,26
7,253,67
7,254,100
7,255,147
7,256,238
7,257,303
7,258,466
7,259,655
7,260,817
7,261,1155
7,262,1273
7,263,1542
7,264,2025
7,265,2103
7,266,2598
7,267,2976
7,268,3144
7,269,3704
7,270,3873
7,271,4090
7,272,4356
7,273,4516
7,274,4684
7,275,4656
7,276,4700
7,277,4943
7,278,5431
7,279,5788
7,280,6365
7,281,6603
7,282,7230
7,283,7369
7,284,7721
7,285,7673
7,286,7732
7,287,7307
7,288,7221
7,289,6918
7,290,6796
7,291,6262
7,292,6017
7,293,5602
7,294,5052
7,295,4884
7,296,4359
7,297,3850
7,298,3330
7,299,2665
7,300,2079
7,301,1262
7,302,916
7,303,566
7,304,294
7,305,186
7,306,97
7,307,21
7,308,20
7,309,7
7,310,8
7,311,5
7,312,2
7,313,4
7,315,1
8,248,1
8,249,1
8,250,5
8,251,14
8,252,25
8,253,58
8,254,96
8,255,132
8,256,266
8,257,330
8,258,549
8,259,806
8,260,1007
8,261,1526
8,262,1779
8,263,2191
8,264,2837
8,265,3118
8,266,4136
8,267,4630
8,268,5005
8,269,6061
8,270,6296
8,271,7052
8,272,7225
8,273,7611
8,274,7815
8,275,8438
8,276,8913
8,277,9822
8,278,10647
8,279,12122
8,280,13379
8,281,14444
8,282,15610
8,283,16529
8,284,17023
8,285,17666
8,286,18086
8,287,18093
8,288,18076
8,289,17685
8,290,17473
8,291,16227
8,292,15525
8,293,14653
8,294,13558
8,295,12885
8,296,11275
8,297,10065
8,298,7721
8,299,5765
8,300,4180
8,301,2690
8,302,1728
8,303,1114
8,304,606
8,305,371
8,306,264
8,307,168
8,308,163
8,309,117
8,310,105
8,311,91
8,312,49
8,313,46
8,314,23
8,315,15
8,316,19
8,317,6
8,318,11
8,319,10
8,320,1
8,321,3
9,250,1
9,251,11
9,252,13
9,253,45
9,254,57
9,255,117
9,256,260
9,257,332
9,258,664
9,259,972
9,260,1164
9,261,1812
9,262,2062
9,263,2822
9,264,3515
9,265,4078
9,266,5642
9,267,6128
9,268,7432
9,269,8409
9,270,9164
9,271,10004
9,272,10512
9,273,11175
9,274,12067
9,275,13084
9,276,14878
9,277,17225
9,278,19136
9,279,21609
9,280,24023
9,281,26428
9,282,28817
9,283,31161
9,284,32632
9,285,34521
9,286,35279
9,287,36406
9,288,36323
9,289,35424
9,290,34742
9,291,33485
9,292,32957
9,293,31287
9,294,29873
9,295,27138
9,296,23026
9,297,18940
9,298,14511
9,299,10587
9,300,7728
9,301,5445
9,302,3847
9,303,2866
9,304,2240
9,305,1888
9,306,1562
9,307,1470
9,308,1290
9,309,1032
9,310,926
9,311,687
9,312,545
9,313,428
9,314,322
9,315,280
9,316,241
9,317,169
9,318,143
9,319,88
9,320,59
9,321,39
9,322,19
9,323,7
9,324,10
9,325,4
9,326,3
10,251,4
10,252,5
10,253,24
10,254,19
10,255,95
10,256,215
10,257,302
10,258,672
10,259,881
10,260,1149
10,261,1667
10,262,1998
10,263,3068
10,264,3800
10,265,5013
10,266,6539
10,267,7493
10,268,9038
10,269,10073
10,270,10928
10,271,11964
10,272,12971
10,273,14323
10,274,16837
10,275,19151
10,276,22528
10,277,26199
10,278,30030
10,279,34311
10,280,38382
10,281,42590
10,282,47567
10,283,51654
10,284,54967
10,285,58280
10,286,59749
10,287,61443
10,288,62489
10,289,63205
10,290,63652
10,291,63545
10,292,63273
10,293,60542
10,294,56511
10,295,50433
10,296,42984
10,297,35550
10,298,29131
10,299,23582
10,300,19625
10,301,16137
10,302,13901
10,303,12477
10,304,10992
10,305,10303
10,306,9101
10,307,8375
10,308,7235
10,309,6175
10,310,5150
10,311,4140
10,312,3559
10,313,2859
10,314,2504
10,315,2038
10,316,1728
10,317,1333
10,318,994
10,319,743
10,320,468
10,321,359
10,322,226
10,323,158
10,324,121
10,325,57
10,326,35
10,327,18
10,328,4
11,251,1
11,253,7
11,254,7
11,255,65
11,256,155
11,257,221
11,258,465
11,259,546
11,260,865
11,261,1246
11,262,1727
11,263,2929
11,264,3864
11,265,5047
11,266,6525
11,267,7622
11,268,8639
11,269,10025
11,270,10827
11,271,12574
11,272,14388
11,273,17231
11,274,21277
11,275,25745
11,276,30954
11,277,36290
11,278,42044
11,279,49699
11,280,57288
11,281,64723
11,282,72491
11,283,79276
11,284,85276
11,285,91635
11,286,96844
11,287,102233
11,288,106283
11,289,111567
11,290,115724
11,291,118375
11,292,118118
11,293,115175
11,294,108742
11,295,101025
11,296,91959
11,297,83822
11,298,75697
11,299,68384
11,300,62537
11,301,57231
11,302,53428
11,303,49922
11,304,46465
11,305,43078
11,306,39034
11,307,35180
11,308,30128
11,309,26294
11,310,21984
11,311,18739
11,312,16161
11,313,13923
11,314,11955
11,315,10063
11,316,7988
11,317,6563
11,318,5045
11,319,3742
11,320,2836
11,321,2042
11,322,1429
11,323,996
11,324,601
11,325,369
11,326,188
11,327,86
11,328,29
11,329,7
12,253,1
12,255,38
12,256,74
12,257,118
12,258,208
12,259,236
12,260,510
12,261,869
12,262,1336
12,263,2372
12,264,3280
12,265,3991
12,266,5228
12,267,5919
12,268,6812
12,269,8041
12,270,9379
12,271,12111
12,272,14778
12,273,19225
12,274,24789
12,275,30746
12,276,38144
12,277,46815
12,278,56449
12,279,68856
12,280,81803
12,281,94261
12,282,107044
12,283,119651
12,284,132143
12,285,145757
12,286,158785
12,287,172301
12,288,186323
12,289,200820
12,290,213648
12,291,224234
12,292,231855
12,293,234180
12,294,233767
12,295,230617
12,296,224494
12,297,216181
12,298,207338
12,299,198056
12,300,189480
12,301,180665
12,302,172890
12,303,163418
12,304,153607
12,305,140836
12,306,127332
12,307,113239
12,308,98797
12,309,85360
12,310,74175
12,311,64300
12,312,56540
12,313,49025
12,314,42052
12,315,35765
12,316,29218
12,317,23693
12,318,19094
12,319,14386
12,320,10997
12,321,7939
12,322,5393
12,323,3566
12,324,2094
12,325,1180
12,326,510
12,327,229
12,328,65
12,329,18
12,330,11
12,331,1
12,332,4
12,333,1
12,335,4
12,338,3
13,255,16
13,256,19
13,257,33
13,258,59
13,259,71
13,260,256
13,261,565
13,262,861
13,263,1598
13,264,2015
13,265,2414
13,266,3170
13,267,3468
13,268,4570
13,269,5588
13,270,7367
13,271,10351
13,272,13833
13,273,19170
13,274,25635
13,275,33453
13,276,44057
13,277,57065
13,278,72809
13,279,90949
13,280,111715
13,281,131417
13,282,153297
13,283,177077
13,284,201897
13,285,228913
13,286,257924
13,287,290633
13,288,325249
13,289,363818
13,290,401232
13,291,435967
13,292,465766
13,293,490884
13,294,509546
13,295,519787
13,296,523601
13,297,521170
13,298,513953
13,299,504897
13,300,493868
13,301,477940
13,302,459241
13,303,434105
13,304,403058
13,305,369561
13,306,330447
13,307,294569
13,308,258601
13,309,226175
13,310,199300
13,311,175600
13,312,156186
13,313,137232
13,314,118451
13,315,101410
13,316,84012
13,317,68636
13,318,54867
13,319,41453
13,320,30627
13,321,21371
13,322,14087
13,323,8583
13,324,4691
13,325,2346
13,326,1053
13,327,437
13,328,215
13,329,124
13,330,61
13,331,46
13,332,33
13,333,28
13,334,24
13,335,17
13,336,22
13,337,9
13,338,4
14,255,3
14,256,2
14,257,3
14,258,11
14,259,18
14,260,140
14,261,280
14,262,435
14,263,793
14,264,815
14,265,1122
14,266,1400
14,267,1691
14,268,2499
14,269,3439
14,270,5178
14,271,7738
14,272,11447
14,273,16771
14,274,23938
14,275,33743
14,276,47702
14,277,65261
14,278,86698
14,279,112148
14,280,141362
14,281,171391
14,282,206708
14,283,246795
14,284,292679
14,285,345065
14,286,405269
14,287,476793
14,288,555350
14,289,640816
14,290,728246
14,291,813410
14,292,893206
14,293,962678
14,294,1020673
14,295,1065343
14,296,1091766
14,297,1109749
14,298,1112562
14,299,1106938
14,300,1088965
14,301,1056183
14,302,1011025
14,303,949109
14,304,876257
14,305,797269
14,306,714289
14,307,634985
14,308,560915
14,309,497063
14,310,445558
14,311,400075
14,312,358540
14,313,317718
14,314,276328
14,315,237389
14,316,196515
14,317,158702
14,318,123230
14,319,91208
14,320,65189
14,321,43554
14,322,27510
14,323,16095
14,324,8860
14,325,4679
14,326,2630
14,327,1483
14,328,854
14,329,548
14,330,383
14,331,288
14,332,229
14,333,178
14,334,133
14,335,95
14,336,45
14,337,15
14,338,3
14,340,1
15,258,1
15,259,3
15,260,69
15,261,89
15,262,153
15,263,260
15,264,221
15,265,367
15,266,437
15,267,685
15,268,1095
15,269,1807
15,270,3062
15,271,5116
15,272,8276
15,273,13131
15,274,20342
15,275,31352
15,276,47143
15,277,68093
15,278,94590
15,279,126732
15,280,163698
15,281,206682
15,282,258463
15,283,321525
15,284,399092
15,285,493890
15,286,606570
15,287,741229
15,288,891481
15,289,1052990
15,290,1225306
15,291,1395657
15,292,1561506
15,293,1709075
15,294,1838130
15,295,1939390
15,296,2015741
15,297,2069042
15,298,2088719
15,299,2088202
15,300,2052878
15,301,1984297
15,302,1888085
15,303,1762734
15,304,1619958
15,305,1463731
15,306,1309271
15,307,1165561
15,308,1040186
15,309,939405
15,310,856716
15,311,779574
15,312,704979
15,313,627007
15,314,545992
15,315,463801
15,316,379547
15,317,300128
15,318,227367
15,319,165091
15,320,115709
15,321,77446
15,322,49151
15,323,30826
15,324,18824
15,325,11638
15,326,7299
15,327,4472
15,328,3004
15,329,2048
15,330,1496
15,331,1114
15,332,817
15,333,581
15,334,333
15,335,171
15,336,50
15,337,10
16,260,22
16,261,15
16,262,34
16,263,47
16,264,44
16,265,85
16,266,98
16,267,194
16,268,402
16,269,756
16,270,1508
16,271,2988
16,272,5278
16,273,9221
16,274,15890
16,275,26596
16,276,42766
16,277,65382
16,278,94870
16,279,131166
16,280,175047
16,281,230390
16,282,301639
16,283,392601
16,284,512830
16,285,662905
16,286,846926
16,287,1066953
16,288,1315595
16,289,1588128
16,290,1879938
16,291,2172502
16,292,2460540
16,293,2722848
16,294,2956924
16,295,3144864
16,296,3296374
16,297,3397615
16,298,3448281
16,299,3444941
16,300,3374791
16,301,3248607
16,302,3068335
16,303,2845288
16,304,2597419
16,305,2336801
16,306,2089512
16,307,1877940
16,308,1703818
16,309,1566403
16,310,1449169
16,311,1331274
16,312,1205633
16,313,1069141
16,314,926210
16,315,776932
16,316,629136
16,317,491220
16,318,371356
16,319,271966
16,320,193930
16,321,134379
16,322,91385
16,323,61260
16,324,40588
16,325,26365
16,326,17387
16,327,11574
16,328,7971
16,329,5479
16,330,3905
16,331,2716
16,332,1811
16,333,997
16,334,492
16,335,177
16,336,42
16,337,10
16,338,3
17,260,3
17,261,1
17,262,3
17,263,3
17,264,7
17,265,8
17,266,23
17,267,37
17,268,106
17,269,244
17,270,619
17,271,1440
17,272,2986
17,273,6021
17,274,11509
17,275,21074
17,276,36574
17,277,58288
17,278,87735
17,279,125021
17,280,173245
17,281,238552
17,282,328172
17,283,449550
17,284,614171
17,285,825550
17,286,1090915
17,287,1409338
17,288,1776766
17,289,2181874
17,290,2612956
17,291,3059423
17,292,3490624
17,293,3901712
17,294,4262927
17,295,4564163
17,296,4806002
17,297,4966762
17,298,5041594
17,299,5017655
17,300,4884198
17,301,4662850
17,302,4368605
17,303,4016607
17,304,3642478
17,305,3277174
17,306,2951278
17,307,2688148
17,308,2484441
17,309,2322704
17,310,2169065
17,311,2000991
17,312,1814517
17,313,1606702
17,314,1385714
17,315,1158464
17,316,937162
17,317,737646
17,318,566114
17,319,424921
17,320,312639
17,321,225510
17,322,159841
17,323,110240
17,324,74963
17,325,50948
17,326,34406
17,327,23214
17,328,15522
17,329,10723
17,330,7064
17,331,4438
17,332,2468
17,333,1221
17,334,519
17,335,162
17,336,85
17,337,25
17,338,13
17,340,1
18,265,1
18,266,4
18,267,6
18,268,19
18,269,56
18,270,213
18,271,591
18,272,1538
18,273,3591
18,274,7930
18,275,15979
18,276,29268
18,277,48324
18,278,74590
18,279,109942
18,280,158480
18,281,229221
18,282,330738
18,283,477854
18,284,678902
18,285,945767
18,286,1286655
18,287,1699341
18,288,2181251
18,289,2719048
18,290,3293945
18,291,3897404
18,292,4485736
18,293,5049096
18,294,5542634
18,295,5959392
18,296,6282833
18,297,6482271
18,298,6550754
18,299,6466685
18,300,6242315
18,301,5902192
18,302,5474797
18,303,5000082
18,304,4519466
18,305,4082167
18,306,3717724
18,307,3444938
18,308,3237424
18,309,3063192
18,310,2881216
18,311,2666982
18,312,2425784
18,313,2156543
18,314,1864354
18,315,1565382
18,316,1278280
18,317,1019177
18,318,796473
18,319,610958
18,320,460349
18,321,336932
18,322,240787
18,323,169825
18,324,117358
18,325,80163
18,326,53723
18,327,35613
18,328,23465
18,329,14985
18,330,9128
18,331,5190
18,332,2739
18,333,1419
18,334,710
18,335,392
18,336,195
18,337,91
18,338,25
18,339,11
18,340,3
18,341,1
19,267,1
19,268,3
19,269,5
19,270,62
19,271,211
19,272,697
19,273,2057
19,274,5210
19,275,11520
19,276,21628
19,277,36776
19,278,58056
19,279,88166
19,280,133196
19,281,202088
19,282,307406
19,283,463766
19,284,685706
19,285,987097
19,286,1380381
19,287,1864059
19,288,2437248
19,289,3077654
19,290,3780179
19,291,4507652
19,292,5226003
19,293,5896726
19,294,6487035
19,295,6970679
19,296,7321336
19,297,7518235
19,298,7529881
19,299,7357254
19,300,7025700
19,301,6571612
19,302,6038827
19,303,5481945
19,304,4960084
19,305,4512583
19,306,4175712
19,307,3938298
19,308,3765788
19,309,3599259
19,310,3408491
19,311,3178897
19,312,2906801
19,313,2595717
19,314,2257502
19,315,1905365
19,316,1568991
19,317,1266621
19,318,1003187
19,319,776332
19,320,583981
19,321,429675
19,322,310498
19,323,220120
19,324,151927
19,325,103123
19,326,67937
19,327,43976
19,328,27706
19,329,16857
19,330,10636
19,331,6387
19,332,4117
19,333,2643
19,334,1659
19,335,953
19,336,464
19,337,210
19,338,84
19,339,39
19,340,7
19,341,2
19,342,4
19,344,2
20,270,12
20,271,61
20,272,296
20,273,1152
20,274,3264
20,275,7613
20,276,14588
20,277,25163
20,278,40583
20,279,63756
20,280,101713
20,281,161558
20,282,259427
20,283,408085
20,284,627750
20,285,937303
20,286,1348681
20,287,1864346
20,288,2482866
20,289,3178853
20,290,3942026
20,291,4720850
20,292,5483711
20,293,6175678
20,294,6770923
20,295,7246512
20,296,7558734
20,297,7688968
20,298,7608439
20,299,7341787
20,300,6920407
20,301,6395907
20,302,5828434
20,303,5276419
20,304,4795062
20,305,4427800
20,306,4183387
20,307,4031159
20,308,3910731
20,309,3777886
20,310,3607299
20,311,3387549
20,312,3116039
20,313,2793098
20,314,2432025
20,315,2062742
20,316,1708900
20,317,1386033
20,318,1095614
20,319,843508
20,320,636255
20,321,472468
20,322,343302
20,323,242799
20,324,166840
20,325,111899
20,326,73037
20,327,46922
20,328,31022
20,329,21788
20,330,15223
20,331,11571
20,332,8327
20,333,5701
20,334,3505
20,335,1900
20,336,982
20,337,456
20,338,218
20,339,65
20,340,42
20,341,24
20,342,24
20,343,12
20,344,4
20,345,4
20,346,1
20,347,1
21,270,1
21,271,12
21,272,142
21,273,624
21,274,1909
21,275,4465
21,276,8634
21,277,15242
21,278,24850
21,279,41285
21,280,69229
21,281,116591
21,282,196824
21,283,325580
21,284,523623
21,285,813279
21,286,1204893
21,287,1707198
21,288,2305722
21,289,2986745
21,290,3713622
21,291,4442532
21,292,5134873
21,293,5747933
21,294,6261661
21,295,6643257
21,296,6855777
21,297,6881358
21,298,6717016
21,299,6383983
21,300,5935421
21,301,5426137
21,302,4918524
21,303,4473571
21,304,4125791
21,305,3904483
21,306,3785320
21,307,3722442
21,308,3656804
21,309,3569175
21,310,3433158
21,311,3241030
21,312,2985233
21,313,2674457
21,314,2326439
21,315,1970349
21,316,1625734
21,317,1308896
21,318,1027510
21,319,793552
21,320,603810
21,321,452803
21,322,330950
21,323,235258
21,324,163851
21,325,111486
21,326,78390
21,327,56622
21,328,43814
21,329,35391
21,330,28733
21,331,22421
21,332,16166
21,333,10765
21,334,6437
21,335,3588
21,336,1890
21,337,957
21,338,492
21,339,315
21,340,269
21,341,216
21,342,141
21,343,88
21,344,36
21,345,15
21,346,3
21,347,1
21,349,1
21,350,1
21,352,3
21,358,1
21,362,1
22,271,1
22,272,74
22,273,312
22,274,975
22,275,2227
22,276,4341
22,277,7820
22,278,13322
22,279,23874
22,280,42064
22,281,75583
22,282,134856
22,283,237119
22,284,402248
22,285,649298
22,286,989547
22,287,1429456
22,288,1948888
22,289,2533194
22,290,3133977
22,291,3719184
22,292,4255512
22,293,4717257
22,294,5087875
22,295,5335450
22,296,5438545
22,297,5390305
22,298,5187914
22,299,4862949
22,300,4474238
22,301,4077721
22,302,3722683
22,303,3446275
22,304,3277176
22,305,3197304
22,306,3176768
22,307,3173185
22,308,3151349
22,309,3094435
22,310,2986484
22,311,2817649
22,312,2585194
22,313,2298471
22,314,1984891
22,315,1664813
22,316,1364074
22,317,1095649
22,318,869137
22,319,686679
22,320,535647
22,321,408489
22,322,305194
22,323,225344
22,324,166635
22,325,127886
22,326,100638
22,327,85684
22,328,74718
22,329,64021
22,330,53015
22,331,40027
22,332,28181
22,333,18547
22,334,11461
22,335,6784
22,336,4123
22,337,2658
22,338,1954
22,339,1660
22,340,1273
22,341,908
22,342,623
22,343,296
22,344,153
22,345,57
22,346,33
22,347,15
22,348,12
22,349,4
22,350,6
22,351,2
22,353,1
22,354,1
22,355,2
22,356,1
22,358,2
22,359,1
22,360,1
22,369,1
23,272,35
23,273,128
23,274,414
23,275,891
23,276,1810
23,277,3295
23,278,6237
23,279,12143
23,280,22998
23,281,44369
23,282,84988
23,283,160246
23,284,287711
23,285,479291
23,286,748080
23,287,1088876
23,288,1486293
23,289,1914897
23,290,2339667
23,291,2738522
23,292,3093177
23,293,3395096
23,294,3629425
23,295,3781469
23,296,3828618
23,297,3769972
23,298,3601339
23,299,3367782
23,300,3114891
23,301,2883395
23,302,2708614
23,303,2601694
23,304,2564083
23,305,2572058
23,306,2601503
23,307,2623092
23,308,2617206
23,309,2571954
23,310,2477212
23,311,2319748
23,312,2102466
23,313,1848174
23,314,1582756
23,315,1327900
23,316,1099985
23,317,907204
23,318,751407
23,319,614816
23,320,499812
23,321,400397
23,322,321991
23,323,260295
23,324,215447
23,325,184060
23,326,164268
23,327,147584
23,328,130918
23,329,111221
23,330,88755
23,331,67233
23,332,47685
23,333,33257
23,334,22341
23,335,15359
23,336,11375
23,337,9122
23,338,7271
23,339,5779
23,340,4194
23,341,2968
23,342,1716
23,343,1003
23,344,513
23,345,309
23,346,192
23,347,147
23,348,99
23,349,81
23,350,30
23,351,15
23,352,22
23,353,6
23,354,4
23,355,4
23,356,3
23,357,2
23,358,2
23,359,1
23,360,4
23,361,2
23,362,1
24,272,12
24,273,39
24,274,135
24,275,270
24,276,591
24,277,1147
24,278,2532
24,279,5299
24,280,11105
24,281,23753
24,282,50501
24,283,102713
24,284,192306
24,285,326828
24,286,514881
24,287,743731
24,288,1004654
24,289,1268957
24,290,1525327
24,291,1763363
24,292,1980582
24,293,2176505
24,294,2341807
24,295,2461270
24,296,2514684
24,297,2498084
24,298,2420830
24,299,2313719
24,300,2213019
24,301,2141312
24,302,2103617
24,303,2106282
24,304,2138658
24,305,2186797
24,306,2236272
24,307,2265250
24,308,2267333
24,309,2226180
24,310,2128156
24,311,1971510
24,312,1777512
24,313,1568171
24,314,1365026
24,315,1185435
24,316,1034293
24,317,905587
24,318,792557
24,319,689386
24,320,596722
24,321,515535
24,322,447233
24,323,391407
24,324,349578
24,325,316693
24,326,287304
24,327,257000
24,328,221185
24,329,183694
24,330,146510
24,331,111433
24,332,82824
24,333,60108
24,334,43296
24,335,32950
24,336,25782
24,337,20288
24,338,15848
24,339,11979
24,340,8545
24,341,5722
24,342,3604
24,343,2354
24,344,1598
24,345,1173
24,346,927
24,347,744
24,348,581
24,349,409
24,350,259
24,351,208
24,352,122
24,353,57
24,354,51
24,355,20
24,356,13
24,357,2
24,358,4
24,359,3
24,360,4
24,361,3
24,362,2
24,363,1
24,366,1
24,367,1
24,368,2
24,369,1
24,370,1
24,373,1
24,375,1
25,272,2
25,273,10
25,274,29
25,275,59
25,276,156
25,277,339
25,278,859
25,279,1973
25,280,4677
25,281,11738
25,282,28550
25,283,62332
25,284,119381
25,285,203173
25,286,315069
25,287,446593
25,288,590010
25,289,732637
25,290,875170
25,291,1018424
25,292,1167309
25,293,1320309
25,294,1468912
25,295,1591918
25,296,1678117
25,297,1720507
25,298,1739092
25,299,1750353
25,300,1767478
25,301,1803637
25,302,1850164
25,303,1912849
25,304,1991108
25,305,2073242
25,306,2148672
25,307,2203285
25,308,2219306
25,309,2183583
25,310,2089769
25,311,1953059
25,312,1799367
25,313,1650335
25,314,1514248
25,315,1402371
25,316,1302372
25,317,1206245
25,318,1109198
25,319,1015598
25,320,921666
25,321,832058
25,322,753566
25,323,690043
25,324,631142
25,325,578118
25,326,520528
25,327,459146
25,328,394052
25,329,327627
25,330,263431
25,331,205116
25,332,158088
25,333,120418
25,334,93979
25,335,74081
25,336,59072
25,337,47023
25,338,36078
25,339,27177
25,340,19546
25,341,14157
25,342,10377
25,343,7763
25,344,6089
25,345,4974
25,346,4120
25,347,3312
25,348,2613
25,349,1953
25,350,1500
25,351,1048
25,352,658
25,353,476
25,354,280
25,355,116
25,356,82
25,357,29
25,358,24
25,359,11
25,360,7
25,361,2
25,362,2
25,363,1
25,364,1
25,365,4
25,366,2
25,367,3
25,368,4
25,370,1
25,371,1
25,372,1
25,374,1
25,375,1
25,377,1
26,273,2
26,274,2
26,275,12
26,276,32
26,277,82
26,278,249
26,279,602
26,280,1779
26,281,5573
26,282,15123
26,283,34750
26,284,66380
26,285,112440
26,286,169347
26,287,234675
26,288,305098
26,289,382492
26,290,469519
26,291,575526
26,292,700977
26,293,841326
26,294,987523
26,295,1122531
26,296,1237906
26,297,1336670
26,298,1426540
26,299,1513859
26,300,1599684
26,301,1689617
26,302,1789347
26,303,1905400
26,304,2040395
26,305,2183271
26,306,2315463
26,307,2415713
26,308,2466436
26,309,2460459
26,310,2403418
26,311,2321709
26,312,2235546
26,313,2156766
26,314,2088126
26,315,2023434
26,316,1947971
26,317,1864724
26,318,1770720
26,319,1665511
26,320,1551590
26,321,1444344
26,322,1347227
26,323,1249956
26,324,1152917
26,325,1053212
26,326,947040
26,327,832965
26,328,717276
26,329,602807
26,330,494026
26,331,399079
26,332,320049
26,333,257302
26,334,209758
26,335,172894
26,336,141418
26,337,112963
26,338,89231
26,339,68745
26,340,53960
26,341,42527
26,342,34000
26,343,27830
26,344,23372
26,345,19581
26,346,16221
26,347,13096
26,348,10704
26,349,8446
26,350,6558
26,351,4858
26,352,3364
26,353,2301
26,354,1408
26,355,869
26,356,515
26,357,294
26,358,195
26,359,93
26,360,39
26,361,21
26,362,11
26,363,1
26,364,1
26,365,3
26,366,2
26,368,1
26,369,4
26,370,3
26,371,1
26,372,2
26,373,1
26,374,2
26,377,1
26,380,1
26,381,1
27,275,2
27,276,2
27,277,21
27,278,54
27,279,144
27,280,663
27,281,2495
27,282,7374
27,283,17116
27,284,32215
27,285,53571
27,286,79774
27,287,112656
27,288,150994
27,289,201238
27,290,268301
27,291,357865
27,292,467422
27,293,594522
27,294,727582
27,295,859960
27,296,988882
27,297,1119678
27,298,1254912
27,299,1386689
27,300,1526469
27,301,1672861
27,302,1831824
27,303,2005286
27,304,2199947
27,305,2419436
27,306,2625937
27,307,2792141
27,308,2906000
27,309,2966236
27,310,2991461
27,311,2997621
27,312,3002173
27,313,3004536
27,314,2998426
27,315,2977260
27,316,2940310
27,317,2873921
27,318,2780630
27,319,2664050
27,320,2540237
27,321,2411431
27,322,2274194
27,323,2127717
27,324,1975828
27,325,1807323
27,326,1629162
27,327,1445762
27,328,1261132
27,329,1079184
27,330,909058
27,331,758643
27,332,634855
27,333,538012
27,334,456958
27,335,389219
27,336,324361
27,337,267574
27,338,219737
27,339,181360
27,340,152378
27,341,128570
27,342,109424
27,343,92852
27,344,79308
27,345,67113
27,346,56113
27,347,47255
27,348,38497
27,349,31061
27,350,24319
27,351,18144
27,352,12975
27,353,8991
27,354,5929
27,355,3996
27,356,2619
27,357,1635
27,358,1016
27,359,595
27,360,277
27,361,148
27,362,62
27,363,29
27,364,9
27,365,7
27,366,2
27,367,1
27,368,2
27,369,2
27,370,2
27,371,2
27,372,2
27,373,3
27,375,2
27,376,1
27,377,1
27,381,2
28,277,4
28,278,8
28,279,25
28,280,246
28,281,996
28,282,3216
28,283,7192
28,284,13361
28,285,22138
28,286,34499
28,287,51959
28,288,76635
28,289,113185
28,290,164905
28,291,232424
28,292,315326
28,293,412984
28,294,521209
28,295,639752
28,296,769421
28,297,909676
28,298,1059988
28,299,1219054
28,300,1395513
28,301,1599194
28,302,1836191
28,303,2103056
28,304,2385275
28,305,2660647
28,306,2925619
28,307,3171813
28,308,3368386
28,309,3529935
28,310,3667605
28,311,3789743
28,312,3904155
28,313,4007554
28,314,4094941
28,315,4151863
28,316,4175913
28,317,4155211
28,318,4088289
28,319,3987831
28,320,3860421
28,321,3709692
28,322,3536664
28,323,3345777
28,324,3125459
28,325,2891528
28,326,2647603
28,327,2391069
28,328,2130332
28,329,1869713
28,330,1627135
28,331,1424213
28,332,1252613
28,333,1106708
28,334,976695
28,335,847558
28,336,726908
28,337,620947
28,338,534765
28,339,467168
28,340,408808
28,341,356753
28,342,306302
28,343,260082
28,344,220637
28,345,185858
28,346,155524
28,347,129212
28,348,104778
28,349,82958
28,350,64405
28,351,47723
28,352,34537
28,353,24446
28,354,17298
28,355,12045
28,356,7892
28,357,5169
28,358,3214
28,359,1880
28,360,971
28,361,525
28,362,286
28,363,144
28,364,54
28,365,21
28,366,10
28,367,10
28,368,1
28,369,2
28,370,1
28,371,4
28,372,4
28,373,2
28,374,2
28,375,1
28,376,3
28,377,3
28,378,3
28,380,3
28,383,1
28,386,1
29,278,2
29,280,84
29,281,342
29,282,1158
29,283,2501
29,284,4905
29,285,8436
29,286,14872
29,287,24630
29,288,40798
29,289,66075
29,290,102346
29,291,148651
29,292,207044
29,293,275330
29,294,358892
29,295,458278
29,296,572383
29,297,702561
29,298,848890
29,299,1016398
29,300,1219529
29,301,1465969
29,302,1757660
29,303,2082189
29,304,2423793
29,305,2768902
29,306,3082148
29,307,3380821
29,308,3676465
29,309,3957158
29,310,4224870
29,311,4486467
29,312,4745362
29,313,4992469
29,314,5214090
29,315,5394129
29,316,5516431
29,317,5570871
29,318,5561572
29,319,5505374
29,320,5413333
29,321,5286402
29,322,5112565
29,323,4901241
29,324,4662033
29,325,4406545
29,326,4128085
29,327,3823125
29,328,3489342
29,329,3118951
29,330,2412115
29,331,1671586
29,332,760633
29,333,226521
29,334,144324
29,335,25703
29,336,4
29,337,2
29,338,2
29,339,6
29,340,3
29,341,6
29,342,13
29,343,6
29,344,6
29,345,21
29,346,21
29,347,10
29,348,25
29,349,23
29,350,28
29,351,13
29,352,20
29,353,27
29,354,14
29,355,22
29,356,17
29,357,16
29,358,13
29,359,15
29,360,7
29,361,14
29,362,15
29,363,11
29,364,5
29,365,14
29,366,10
29,367,11
29,368,3
29,369,6
29,370,8
29,371,4
29,372,4
29,373,3
29,374,3
29,375,2
29,376,2
29,377,2
29,378,1
29,379,1
29,380,4
29,381,3
29,383,1
29,384,1
29,386,2
29,387,1
29,393,1
30,280,19
30,281,100
30,282,326
30,283,747
30,284,1644
30,285,3212
30,286,6362
30,287,11906
30,288,21584
30,289,36609
30,290,58318
30,291,87137
30,292,125516
30,293,173539
30,294,236397
30,295,313610
30,296,405293
30,297,514749
30,298,646616
30,299,812134
30,300,1020873
30,301,1277528
30,302,1579109
30,303,1907480
30,304,2263936
30,305,2633009
30,306,3013667
30,307,3369931
30,308,3724016
30,309,4124761
30,310,4537639
30,311,4966121
30,312,5398414
30,313,5831197
30,314,6219737
30,315,6546437
30,316,6792143
30,317,6964234
30,318,7061907
30,319,7117217
30,320,7125533
30,321,7076443
30,322,6990639
30,323,6874909
30,324,6719809
30,325,6523699
30,326,6264335
30,327,5942126
30,328,5133142
30,329,2340409
30,330,278902
30,331,11
30,332,7
30,333,9
30,334,5
30,335,2
30,336,5
30,337,3
30,338,5
30,339,2
30,340,2
30,341,11
30,342,3
30,343,10
30,344,9
30,345,11
30,346,17
30,347,18
30,348,30
30,349,20
30,350,24
30,351,29
30,352,20
30,353,27
30,354,25
30,355,18
30,356,26
30,357,16
30,358,29
30,359,30
30,360,19
30,361,26
30,362,20
30,363,19
30,364,21
30,365,18
30,366,10
30,367,11
30,368,8
30,369,12
30,370,12
30,371,5
30,372,5
30,373,6
30,374,1
30,375,4
30,376,2
30,377,4
30,378,1
30,379,1
30,380,1
30,381,1
30,382,1
30,383,6
30,384,2
30,385,1
30,387,1
30,388,1
30,390,2
30,392,1
31,280,2
31,281,24
31,282,63
31,283,218
31,284,487
31,285,1210
31,286,2640
31,287,5538
31,288,10363
31,289,17908
31,290,29315
31,291,46217
31,292,69814
31,293,103460
31,294,147713
31,295,201870
31,296,269140
31,297,354214
31,298,465249
31,299,611548
31,300,798238
31,301,1026427
31,302,1286682
31,303,1589783
31,304,1922570
31,305,2296121
31,306,2710082
31,307,3156768
31,308,3625867
31,309,4052424
31,310,4596747
31,311,5204045
31,312,5832852
31,313,6446962
31,314,7008146
31,315,7487557
31,316,7902939
31,317,8239523
31,318,8515900
31,319,8749571
31,320,8944728
31,321,9117598
31,322,9260798
31,323,9352526
31,324,9370999
31,325,9311352
31,326,9179271
31,327,8964206
31,328,7364258
31,329,2449515
31,330,152009
31,331,7
31,332,12
31,333,14
31,334,11
31,335,10
31,336,4
31,337,7
31,338,6
31,339,14
31,340,11
31,341,12
31,342,15
31,343,19
31,344,17
31,345,20
31,346,29
31,347,29
31,348,32
31,349,32
31,350,35
31,351,36
31,352,30
31,353,29
31,354,30
31,355,26
31,356,34
31,357,27
31,358,23
31,359,33
31,360,29
31,361,28
31,362,32
31,363,23
31,364,28
31,365,29
31,366,17
31,367,21
31,368,17
31,369,15
31,370,13
31,371,8
31,372,11
31,373,5
31,374,6
31,375,10
31,376,6
31,377,7
31,378,6
31,379,4
31,380,4
31,381,2
31,382,1
31,383,3
31,384,4
31,386,1
31,387,1
31,389,1
31,390,1
31,393,1
32,281,3
32,282,11
32,283,46
32,284,142
32,285,404
32,286,1053
32,287,2251
32,288,4289
32,289,7687
32,290,13401
32,291,22533
32,292,37541
32,293,58785
32,294,86419
32,295,121288
32,296,166046
32,297,226846
32,298,310928
32,299,423091
32,300,561876
32,301,732452
32,302,937479
32,303,1182310
32,304,1480952
32,305,1837661
32,306,2260577
32,307,2752499
32,308,3319420
32,309,3954255
32,310,4580224
32,311,5251056
32,312,6039584
32,313,6804261
32,314,7515538
32,315,8178457
32,316,8783118
32,317,9312523
32,318,9817208
32,319,10323656
32,320,10851489
32,321,11351688
32,322,11814635
32,323,12176073
32,324,12451277
32,325,12646287
32,326,12763717
32,327,12770618
32,328,10316025
32,329,2757154
32,330,152044
32,331,17
32,332,14
32,333,16
32,334,16
32,335,13
32,336,13
32,337,17
32,338,28
32,339,20
32,340,30
32,341,33
32,342,25
32,343,29
32,344,40
32,345,39
32,346,37
32,347,33
32,348,38
32,349,40
32,350,37
32,351,31
32,352,37
32,353,47
32,354,30
32,355,27
32,356,27
32,357,32
32,358,26
32,359,31
32,360,38
32,361,35
32,362,33
32,363,36
32,364,27
32,365,29
32,366,20
32,367,31
32,368,12
32,369,19
32,370,13
32,371,12
32,372,14
32,373,10
32,374,10
32,375,6
32,376,4
32,377,9
32,378,3
32,379,3
32,380,4
32,381,2
32,382,4
32,383,4
32,384,1
32,386,4
32,387,1
32,388,2
32,390,1
32,392,1
32,393,1
32,396,1
33,282,2
33,283,5
33,284,40
33,285,128
33,286,348
33,287,780
33,288,1527
33,289,2955
33,290,5721
33,291,11253
33,292,19743
33,293,31440
33,294,46708
33,295,66492
33,296,93756
33,297,133454
33,298,188260
33,299,257909
33,300,348118
33,301,460244
33,302,607681
33,303,802471
33,304,1055731
33,305,1383703
33,306,1793458
33,307,2301957
33,308,2919450
33,309,3651819
33,310,4480065
33,311,5296078
33,312,6012272
33,313,6870150
33,314,7709441
33,315,8520317
33,316,9277358
33,317,10017051
33,318,10804525
33,319,11663821
33,320,12538618
33,321,13390947
33,322,14151915
33,323,14828221
33,324,15428083
33,325,15932156
33,326,16309993
33,327,16489415
33,328,13802380
33,329,3494482
33,330,164894
33,331,12
33,332,14
33,333,17
33,334,13
33,335,19
33,336,29
33,337,33
33,338,34
33,339,37
33,340,45
33,341,50
33,342,47
33,343,51
33,344,41
33,345,59
33,346,61
33,347,46
33,348,43
33,349,51
33,350,45
33,351,32
33,352,30
33,353,35
33,354,41
33,355,19
33,356,22
33,357,18
33,358,28
33,359,20
33,360,23
33,361,22
33,362,37
33,363,28
33,364,25
33,365,32
33,366,17
33,367,27
33,368,27
33,369,23
33,370,27
33,371,18
33,372,12
33,373,13
33,374,10
33,375,13
33,376,4
33,377,13
33,378,5
33,379,3
33,380,5
33,381,3
33,382,4
33,383,1
33,384,2
33,385,1
33,386,1
33,387,1
33,389,1
33,394,1
33,395,1
33,396,1
34,283,1
34,284,9
34,285,32
34,286,102
34,287,226
34,288,436
34,289,1052
34,290,2643
34,291,5539
34,292,9718
34,293,15228
34,294,22408
34,295,32524
34,296,47832
34,297,69638
34,298,99247
34,299,137094
34,300,186401
34,301,256967
34,302,357961
34,303,504584
34,304,711924
34,305,993158
34,306,1376785
34,307,1881642
34,308,2514439
34,309,3281321
34,310,4136759
34,311,5030268
34,312,5881732
34,313,6595441
34,314,7464772
34,315,8338538
34,316,9210938
34,317,10155895
34,318,11199298
34,319,12331151
34,320,13477547
34,321,14567511
34,322,15588747
34,323,16541030
34,324,17402073
34,325,18090047
34,326,18618307
34,327,18947566
34,328,16977345
34,329,5429859
34,330,201496
34,331,11
34,332,14
34,333,10
34,334,12
34,335,18
34,336,29
34,337,32
34,338,41
34,339,36
34,340,40
34,341,61
34,342,67
34,343,59
34,344,44
34,345,48
34,346,53
34,347,51
34,348,52
34,349,50
34,350,42
34,351,34
34,352,21
34,353,21
34,354,26
34,355,30
34,356,21
34,357,20
34,358,21
34,359,22
34,360,26
34,361,16
34,362,15
34,363,18
34,364,25
34,365,29
34,366,21
34,367,23
34,368,15
34,369,22
34,370,30
34,371,22
34,372,23
34,373,13
34,374,22
34,375,15
34,376,14
34,377,20
34,378,9
34,379,13
34,380,6
34,381,7
34,382,7
34,383,5
34,384,4
34,385,3
34,386,2
34,387,3
34,388,2
34,389,2
34,393,1
34,394,1
34,396,1
34,397,2
34,400,1
35,284,2
35,285,6
35,286,27
35,287,30
35,288,116
35,289,438
35,290,1176
35,291,2480
35,292,4208
35,293,6319
35,294,9416
35,295,13969
35,296,21255
35,297,31395
35,298,44218
35,299,61877
35,300,88550
35,301,130403
35,302,198408
35,303,302091
35,304,458600
35,305,693872
35,306,1036916
35,307,1509823
35,308,2112906
35,309,2823437
35,310,3616284
35,311,4470701
35,312,5338421
35,313,6099256
35,314,6711111
35,315,7548295
35,316,8485394
35,317,9535018
35,318,10703601
35,319,11946315
35,320,13188502
35,321,14385877
35,322,15512613
35,323,16564690
35,324,17459696
35,325,18196836
35,326,18797853
35,327,19284351
35,328,18394864
35,329,7877248
35,330,420942
35,331,19
35,332,12
35,333,14
35,334,14
35,335,23
35,336,24
35,337,21
35,338,27
35,339,28
35,340,37
35,341,37
35,342,34
35,343,57
35,344,31
35,345,41
35,346,52
35,347,56
35,348,48
35,349,43
35,350,34
35,351,44
35,352,38
35,353,26
35,354,30
35,355,27
35,356,20
35,357,25
35,358,23
35,359,19
35,360,25
35,361,22
35,362,18
35,363,16
35,364,14
35,365,17
35,366,23
35,367,20
35,368,20
35,369,18
35,370,21
35,371,22
35,372,25
35,373,29
35,374,21
35,375,26
35,376,25
35,377,19
35,378,10
35,379,9
35,380,15
35,381,20
35,382,7
35,383,2
35,384,12
35,385,6
35,386,3
35,387,4
35,388,3
35,389,6
35,390,4
35,391,4
35,392,3
35,393,3
35,395,1
35,396,1
35,401,1
35,403,1
36,285,2
36,287,3
36,288,43
36,289,171
36,290,459
36,291,936
36,292,1497
36,293,2235
36,294,3412
36,295,5330
36,296,8056
36,297,11595
36,298,16667
36,299,24596
36,300,38415
36,301,62875
36,302,104042
36,303,173588
36,304,290938
36,305,483958
36,306,777552
36,307,1184722
36,308,1690761
36,309,2291458
36,310,2964078
36,311,3676787
36,312,4400521
36,313,5140223
36,314,5864346
36,315,6348933
36,316,7148535
36,317,8174399
36,318,9285929
36,319,10455752
36,320,11614284
36,321,12713109
36,322,13729648
36,323,14639323
36,324,15428458
36,325,16128039
36,326,16776376
36,327,17418723
36,328,17335806
36,329,9347835
36,330,762549
36,331,23
36,332,25
36,333,18
36,334,22
36,335,15
36,336,25
36,337,20
36,338,18
36,339,31
36,340,23
36,341,27
36,342,33
36,343,34
36,344,26
36,345,24
36,346,39
36,347,40
36,348,33
36,349,31
36,350,36
36,351,37
36,352,22
36,353,26
36,354,26
36,355,15
36,356,34
36,357,29
36,358,22
36,359,25
36,360,22
36,361,25
36,362,24
36,363,25
36,364,20
36,365,26
36,366,25
36,367,17
36,368,22
36,369,10
36,370,15
36,371,26
36,372,24
36,373,29
36,374,22
36,375,30
36,376,21
36,377,26
36,378,20
36,379,16
36,380,21
36,381,23
36,382,9
36,383,10
36,384,16
36,385,20
36,386,8
36,387,10
36,388,9
36,389,5
36,390,9
36,391,4
36,392,3
36,393,2
36,394,3
36,395,1
36,396,3
36,397,2
36,398,1
36,399,3
36,400,2
36,401,1
37,288,16
37,289,51
37,290,149
37,291,260
37,292,418
37,293,654
37,294,1086
37,295,1678
37,296,2420
37,297,3573
37,298,5422
37,299,9306
37,300,16037
37,301,28618
37,302,52567
37,303,99609
37,304,188049
37,305,339546
37,306,571223
37,307,881376
37,308,1261519
37,309,1713360
37,310,2217350
37,311,2735423
37,312,3292198
37,313,3885710
37,314,4527413
37,315,5210028
37,316,5963064
37,317,6524506
37,318,7270034
37,319,8195392
37,320,9106053
37,321,9929099
37,322,10667093
37,323,11344836
37,324,11988035
37,325,12637022
37,326,13318208
37,327,14015208
37,328,14305456
37,329,9041913
37,330,1063510
37,331,31
37,332,23
37,333,38
37,334,27
37,335,16
37,336,18
37,337,19
37,338,16
37,339,20
37,340,28
37,341,18
37,342,19
37,343,19
37,344,28
37,345,18
37,346,23
37,347,20
37,348,23
37,349,21
37,350,27
37,351,18
37,352,20
37,353,27
37,354,16
37,355,17
37,356,26
37,357,33
37,358,21
37,359,26
37,360,34
37,361,19
37,362,29
37,363,32
37,364,25
37,365,38
37,366,33
37,367,27
37,368,33
37,369,28
37,370,30
37,371,29
37,372,28
37,373,23
37,374,23
37,375,21
37,376,16
37,377,23
37,378,19
37,379,24
37,380,18
37,381,18
37,382,22
37,383,17
37,384,15
37,385,14
37,386,18
37,387,15
37,388,10
37,389,5
37,390,8
37,391,9
37,392,6
37,393,7
37,394,4
37,395,3
37,396,6
37,397,2
37,398,1
37,399,1
37,400,2
37,401,2
37,402,1
37,403,4
37,404,1
38,288,3
38,289,13
38,290,30
38,291,41
38,292,95
38,293,148
38,294,253
38,295,375
38,296,537
38,297,925
38,298,1742
38,299,3322
38,300,6193
38,301,12319
38,302,27233
38,303,59923
38,304,124105
38,305,235130
38,306,398190
38,307,609828
38,308,861963
38,309,1164646
38,310,1481349
38,311,1829323
38,312,2192833
38,313,2592383
38,314,3065521
38,315,3632363
38,316,4289863
38,317,4983852
38,318,5700175
38,319,6330616
38,320,6665354
38,321,6924427
38,322,7302764
38,323,7756376
38,324,8273173
38,325,8845672
38,326,9465933
38,327,10064661
38,328,10389073
38,329,7409414
38,330,1380900
38,331,20143
38,332,31
38,333,41
38,334,27
38,335,22
38,336,34
38,337,27
38,338,40
38,339,22
38,340,20
38,341,18
38,342,15
38,343,21
38,344,14
38,345,15
38,346,20
38,347,13
38,348,18
38,349,16
38,350,19
38,351,14
38,352,14
38,353,16
38,354,16
38,355,19
38,356,17
38,357,19
38,358,11
38,359,31
38,360,34
38,361,19
38,362,26
38,363,28
38,364,30
38,365,24
38,366,27
38,367,38
38,368,40
38,369,48
38,370,38
38,371,46
38,372,32
38,373,33
38,374,32
38,375,25
38,376,32
38,377,30
38,378,26
38,379,12
38,380,20
38,381,10
38,382,16
38,383,13
38,384,12
38,385,19
38,386,14
38,387,15
38,388,8
38,389,12
38,390,9
38,391,10
38,392,6
38,393,11
38,394,11
38,395,6
38,396,10
38,397,5
38,398,13
38,399,4
38,400,3
38,401,6
38,402,8
38,403,4
38,404,1
38,405,2
38,411,1
39,289,3
39,291,6
39,292,17
39,293,22
39,294,36
39,295,46
39,296,103
39,297,203
39,298,510
39,299,989
39,300,2133
39,301,5585
39,302,15079
39,303,37312
39,304,81326
39,305,154632
39,306,256870
39,307,383119
39,308,536279
39,309,698115
39,310,877332
39,311,1065092
39,312,1280713
39,313,1550131
39,314,1882819
39,315,2276880
39,316,2734173
39,317,3216355
39,318,3673368
39,319,4055730
39,320,4375846
39,321,4673236
39,322,5028088
39,323,5464379
39,324,5949923
39,325,6426007
39,326,6852295
39,327,7160066
39,328,7316360
39,329,6785730
39,330,4704680
39,331,2995092
39,332,1231865
39,333,386986
39,334,99304
39,335,29
39,336,36
39,337,28
39,338,30
39,339,24
39,340,26
39,341,23
39,342,24
39,343,22
39,344,14
39,345,16
39,346,22
39,347,18
39,348,20
39,349,13
39,350,24
39,351,21
39,352,7
39,353,13
39,354,12
39,355,14
39,356,21
39,357,14
39,358,18
39,359,22
39,360,15
39,361,14
39,362,17
39,363,18
39,364,16
39,365,15
39,366,42
39,367,37
39,368,53
39,369,45
39,370,37
39,371,48
39,372,25
39,373,41
39,374,33
39,375,34
39,376,38
39,377,30
39,378,22
39,379,18
39,380,17
39,381,9
39,382,12
39,383,10
39,384,8
39,385,10
39,386,9
39,387,12
39,388,16
39,389,6
39,390,8
39,391,10
39,392,11
39,393,19
39,394,11
39,395,9
39,396,11
39,397,13
39,398,6
39,399,8
39,400,8
39,401,9
39,402,2
39,403,6
39,404,1
39,405,1
39,406,1
39,407,5
39,409,1
39,410,2
39,412,1
40,291,1
40,292,1
40,293,1
40,294,2
40,295,6
40,296,16
40,297,43
40,298,100
40,299,274
40,300,793
40,301,2752
40,302,8788
40,303,23125
40,304,50803
40,305,93530
40,306,148317
40,307,213868
40,308,284987
40,309,362019
40,310,445052
40,311,546505
40,312,677822
40,313,845717
40,314,1053933
40,315,1306686
40,316,1573713
40,317,1823190
40,318,2022717
40,319,2179196
40,320,2348735
40,321,2578066
40,322,2864983
40,323,3219710
40,324,3613726
40,325,4019520
40,326,4389774
40,327,4664191
40,328,4843519
40,329,4922684
40,330,4761814
40,331,4501060
40,332,4126705
40,333,3759712
40,334,3407184
40,335,3090859
40,336,2825092
40,337,2565138
40,338,2249523
40,339,1849693
40,340,1348594
40,341,967280
40,342,523252
40,343,194912
40,344,114572
40,345,77334
40,346,45897
40,347,23867
40,348,11761
40,349,3879
40,350,1475
40,351,699
40,352,199
40,353,96
40,354,65
40,355,36
40,356,19
40,357,14
40,358,12
40,359,13
40,360,8
40,361,11
40,362,16
40,363,11
40,364,14
40,365,28
40,366,31
40,367,38
40,368,27
40,369,33
40,370,35
40,371,35
40,372,25
40,373,24
40,374,31
40,375,35
40,376,33
40,377,26
40,378,22
40,379,21
40,380,25
40,381,23
40,382,17
40,383,21
40,384,12
40,385,13
40,386,11
40,387,13
40,388,16
40,389,13
40,390,14
40,391,5
40,392,8
40,393,14
40,394,8
40,395,8
40,396,16
40,397,9
40,398,6
40,399,11
40,400,12
40,401,7
40,402,5
40,403,6
40,404,1
40,405,1
40,406,5
40,407,3
40,408,2
40,409,2
40,411,2
40,412,1
40,415,2
40,418,1
40,419,1
40,420,1
41,295,1
41,296,1
41,297,6
41,298,24
41,299,78
41,300,315
41,301,1468
41,302,5187
41,303,13745
41,304,28974
41,305,49647
41,306,74029
41,307,99903
41,308,127881
41,309,159700
41,310,201002
41,311,256665
41,312,330328
41,313,427558
41,314,545232
41,315,672004
41,316,780464
41,317,870377
41,318,943128
41,319,1024860
41,320,1140741
41,321,1289948
41,322,1472225
41,323,1682192
41,324,1922934
41,325,2157398
41,326,2347212
41,327,2471889
41,328,2566308
41,329,2666491
41,330,2760405
41,331,2817622
41,332,2812930
41,333,2768825
41,334,2724838
41,335,2637189
41,336,2488731
41,337,2320253
41,338,2154492
41,339,2016494
41,340,1883058
41,341,1718083
41,342,1493383
41,343,1227924
41,344,981636
41,345,776709
41,346,608373
41,347,476131
41,348,363396
41,349,278509
41,350,209651
41,351,157019
41,352,119468
41,353,91941
41,354,71559
41,355,57567
41,356,45659
41,357,37148
41,358,29943
41,359,24001
41,360,18492
41,361,14287
41,362,10434
41,363,6851
41,364,3982
41,365,1984
41,366,1169
41,367,695
41,368,463
41,369,418
41,370,307
41,371,212
41,372,65
41,373,30
41,374,23
41,375,30
41,376,26
41,377,25
41,378,18
41,379,22
41,380,33
41,381,22
41,382,23
41,383,24
41,384,30
41,385,23
41,386,22
41,387,22
41,388,12
41,389,18
41,390,22
41,391,11
41,392,9
41,393,14
41,394,14
41,395,10
41,396,11
41,397,10
41,398,7
41,399,13
41,400,8
41,401,6
41,402,8
41,403,6
41,404,1
41,405,6
41,406,2
41,407,2
41,408,1
41,409,3
41,410,5
41,411,2
41,412,1
41,413,2
41,414,2
41,417,1
42,297,1
42,298,6
42,299,21
42,300,134
42,301,831
42,302,2963
42,303,7380
42,304,14262
42,305,22099
42,306,30267
42,307,38723
42,308,49660
42,309,64213
42,310,84993
42,311,113288
42,312,152143
42,313,200262
42,314,249811
42,315,294865
42,316,329131
42,317,359415
42,318,394732
42,319,442966
42,320,509972
42,321,587455
42,322,681624
42,323,787481
42,324,891034
42,325,978426
42,326,1045017
42,327,1105804
42,328,1174855
42,329,1254266
42,330,1327606
42,331,1384122
42,332,1425062
42,333,1461537
42,334,1479765
42,335,1461029
42,336,1410547
42,337,1351872
42,338,1294168
42,339,1228779
42,340,1140711
42,341,1024400
42,342,883959
42,343,739066
42,344,606303
42,345,489397
42,346,394867
42,347,318957
42,348,253257
42,349,198934
42,350,152921
42,351,115827
42,352,88322
42,353,68016
42,354,53360
42,355,43649
42,356,35961
42,357,30506
42,358,26030
42,359,22310
42,360,18412
42,361,14996
42,362,12274
42,363,9270
42,364,6721
42,365,4210
42,366,2698
42,367,1789
42,368,1135
42,369,877
42,370,711
42,371,538
42,372,373
42,373,169
42,374,128
42,375,74
42,376,36
42,377,28
42,378,19
42,379,32
42,380,24
42,381,24
42,382,27
42,383,32
42,384,42
42,385,33
42,386,22
42,387,32
42,388,24
42,389,27
42,390,18
42,391,24
42,392,14
42,393,12
42,394,13
42,395,9
42,396,18
42,397,11
42,398,4
42,399,10
42,400,3
42,401,3
42,402,5
42,403,9
42,404,4
42,405,3
42,406,2
42,407,8
42,408,7
42,409,2
42,410,2
42,411,3
42,412,3
42,413,1
42,414,3
42,415,3
42,416,2
42,417,4
42,418,2
42,420,1
42,422,1
43,298,1
43,299,4
43,300,69
43,301,463
43,302,1505
43,303,3359
43,304,5729
43,305,7901
43,306,10410
43,307,13587
43,308,18371
43,309,24975
43,310,34819
43,311,48214
43,312,64931
43,313,83268
43,314,99284
43,315,113004
43,316,124596
43,317,139392
43,318,159922
43,319,184078
43,320,212230
43,321,246154
43,322,284177
43,323,322282
43,324,355224
43,325,383946
43,326,411996
43,327,442253
43,328,475596
43,329,509376
43,330,541152
43,331,571192
43,332,605009
43,333,632999
43,334,643916
43,335,639764
43,336,629431
43,337,618906
43,338,601104
43,339,568962
43,340,523365
43,341,465801
43,342,407455
43,343,348589
43,344,298723
43,345,253717
43,346,213514
43,347,176426
43,348,142529
43,349,111742
43,350,86334
43,351,66294
43,352,51755
43,353,41614
43,354,34660
43,355,29661
43,356,25949
43,357,22527
43,358,19024
43,359,15773
43,360,12815
43,361,10045
43,362,8123
43,363,6122
43,364,4504
43,365,3257
43,366,2261
43,367,1535
43,368,1130
43,369,849
43,370,702
43,371,476
43,372,335
43,373,190
43,374,209
43,375,150
43,376,121
43,377,40
43,378,32
43,379,34
43,380,15
43,381,21
43,382,30
43,383,26
43,384,37
43,385,28
43,386,25
43,387,39
43,388,26
43,389,20
43,390,12
43,391,11
43,392,19
43,393,20
43,394,15
43,395,14
43,396,20
43,397,15
43,398,10
43,399,7
43,400,8
43,401,6
43,402,8
43,403,3
43,404,2
43,405,6
43,406,6
43,407,5
43,408,4
43,409,7
43,410,3
43,411,2
43,412,4
43,413,5
43,414,6
43,415,2
43,416,3
43,417,7
43,418,3
43,419,4
43,420,4
43,421,1
43,422,2
43,424,3
43,425,2
43,426,1
43,427,3
43,428,1
43,429,1
43,433,1
44,299,1
44,300,37
44,301,227
44,302,634
44,303,1201
44,304,1853
44,305,2449
44,306,3446
44,307,4813
44,308,6782
44,309,9704
44,310,13967
44,311,19186
44,312,25145
44,313,31205
44,314,36408
44,315,42224
44,316,48846
44,317,57111
44,318,66377
44,319,75105
44,320,85674
44,321,98192
44,322,110716
44,323,121702
44,324,132078
44,325,141883
44,326,152232
44,327,162580
44,328,174298
44,329,186246
44,330,199954
44,331,213684
44,332,227402
44,333,236141
44,334,239295
44,335,243109
44,336,245807
44,337,245247
44,338,238727
44,339,225268
44,340,210506
44,341,192511
44,342,174773
44,343,158090
44,344,143166
44,345,126608
44,346,109867
44,347,92203
44,348,75072
44,349,60531
44,350,48144
44,351,39092
44,352,32669
44,353,28365
44,354,25356
44,355,22165
44,356,19302
44,357,16612
44,358,13321
44,359,10722
44,360,8322
44,361,6330
44,362,5017
44,363,3919
44,364,2770
44,365,2072
44,366,1477
44,367,1104
44,368,870
44,369,621
44,370,499
44,371,329
44,372,261
44,373,169
44,374,171
44,375,135
44,376,111
44,377,56
44,378,48
44,379,39
44,380,24
44,381,23
44,382,28
44,383,31
44,384,26
44,385,23
44,386,29
44,387,25
44,388,23
44,389,18
44,390,31
44,391,30
44,392,24
44,393,15
44,394,11
44,395,9
44,396,7
44,397,10
44,398,16
44,399,18
44,400,9
44,401,9
44,402,9
44,403,10
44,404,6
44,405,8
44,406,11
44,407,5
44,408,6
44,409,3
44,410,1
44,411,1
44,412,2
44,413,5
44,414,9
44,415,5
44,416,11
44,417,8
44,418,9
44,419,7
44,420,11
44,421,6
44,422,7
44,423,5
44,424,11
44,425,2
44,426,5
44,427,7
44,428,4
44,429,6
44,430,5
44,431,5
44,432,7
44,433,5
44,434,3
44,435,5
44,436,3
44,437,1
44,438,2
44,439,1
44,440,2
44,443,1
44,444,2
45,300,18
45,301,88
45,302,197
45,303,335
45,304,545
45,305,780
45,306,1150
45,307,1671
45,308,2518
45,309,3691
45,310,5345
45,311,7119
45,312,9521
45,313,11909
45,314,14708
45,315,18164
45,316,21830
45,317,25270
45,318,28896
45,319,32697
45,320,36986
45,321,41671
45,322,45914
45,323,49450
45,324,53286
45,325,56301
45,326,59397
45,327,63799
45,328,67593
45,329,72506
45,330,78138
45,331,81229
45,332,85045
45,333,87533
45,334,89995
45,335,93854
45,336,95606
45,337,95258
45,338,93709
45,339,90159
45,340,86760
45,341,83231
45,342,79292
45,343,75031
45,344,70824
45,345,64107
45,346,57140
45,347,49308
45,348,41359
45,349,35457
45,350,30071
45,351,26571
45,352,23928
45,353,21717
45,354,19976
45,355,17561
45,356,14673
45,357,11937
45,358,9291
45,359,7185
45,360,5540
45,361,4071
45,362,3011
45,363,2346
45,364,1575
45,365,1219
45,366,938
45,367,717
45,368,535
45,369,424
45,370,272
45,371,219
45,372,171
45,373,135
45,374,111
45,375,103
45,376,72
45,377,42
45,378,38
45,379,29
45,380,38
45,381,41
45,382,32
45,383,27
45,384,18
45,385,35
45,386,37
45,387,36
45,388,30
45,389,21
45,390,22
45,391,19
45,392,24
45,393,19
45,394,22
45,395,32
45,396,15
45,397,20
45,398,23
45,399,15
45,400,10
45,401,22
45,402,6
45,403,10
45,404,15
45,405,12
45,406,6
45,407,11
45,408,8
45,409,7
45,410,8
45,411,7
45,412,5
45,413,8
45,414,8
45,415,8
45,416,3
45,417,10
45,418,6
45,419,12
45,420,14
45,421,14
45,422,23
45,423,20
45,424,16
45,425,11
45,426,15
45,427,16
45,428,19
45,429,13
45,430,15
45,431,16
45,432,13
45,433,16
45,434,14
45,435,16
45,436,15
45,437,10
45,438,8
45,439,10
45,440,8
45,441,4
45,442,6
45,443,3
45,444,3
45,445,4
45,447,1
45,450,1
46,300,6
46,301,24
46,302,45
46,303,86
46,304,152
46,305,233
46,306,363
46,307,550
46,308,859
46,309,1292
46,310,1987
46,311,2783
46,312,4070
46,313,5562
46,314,7154
46,315,8982
46,316,10555
46,317,12157
46,318,13995
46,319,16145
46,320,18532
46,321,20397
46,322,22486
46,323,23788
46,324,25896
46,325,27610
46,326,29023
46,327,31952
46,328,33476
46,329,35521
46,330,37066
46,331,37414
46,332,38485
46,333,40310
46,334,41547
46,335,43217
46,336,43819
46,337,43502
46,338,43261
46,339,43110
46,340,42185
46,341,42020
46,342,41717
46,343,40398
46,344,39004
46,345,35520
46,346,32197
46,347,28687
46,348,25717
46,349,22885
46,350,20985
46,351,19668
46,352,18547
46,353,17192
46,354,15446
46,355,13219
46,356,10727
46,357,8447
46,358,6410
46,359,4824
46,360,3450
46,361,2368
46,362,1658
46,363,1320
46,364,912
46,365,759
46,366,593
46,367,461
46,368,338
46,369,317
46,370,199
46,371,161
46,372,128
46,373,85
46,374,72
46,375,63
46,376,39
46,377,33
46,378,31
46,379,19
46,380,27
46,381,31
46,382,42
46,383,29
46,384,26
46,385,32
46,386,36
46,387,35
46,388,43
46,389,35
46,390,33
46,391,33
46,392,32
46,393,30
46,394,38
46,395,24
46,396,30
46,397,32
46,398,19
46,399,30
46,400,22
46,401,17
46,402,11
46,403,11
46,404,20
46,405,13
46,406,10
46,407,8
46,408,12
46,409,9
46,410,7
46,411,5
46,412,11
46,413,15
46,414,15
46,415,10
46,416,15
46,417,6
46,418,14
46,419,25
46,420,17
46,421,21
46,422,22
46,423,17
46,424,28
46,425,24
46,426,17
46,427,27
46,428,34
46,429,26
46,430,22
46,431,29
46,432,34
46,433,21
46,434,27
46,435,24
46,436,20
46,437,21
46,438,19
46,439,19
46,440,10
46,441,5
46,442,4
46,443,3
46,444,4
46,445,5
46,446,1
46,447,3
46,448,1
46,449,2
46,452,1
47,300,1
47,301,5
47,302,7
47,303,23
47,304,37
47,305,53
47,306,90
47,307,153
47,308,270
47,309,464
47,310,807
47,311,1292
47,312,2042
47,313,2894
47,314,3651
47,315,4573
47,316,5204
47,317,6167
47,318,7344
47,319,8726
47,320,9962
47,321,11040
47,322,12366
47,323,13187
47,324,14760
47,325,16360
47,326,17816
47,327,19306
47,328,20129
47,329,20811
47,330,21290
47,331,22062
47,332,22997
47,333,24517
47,334,25035
47,335,25529
47,336,25651
47,337,25615
47,338,25241
47,339,25672
47,340,25629
47,341,26111
47,342,26081
47,343,25453
47,344,24292
47,345,22396
47,346,20404
47,347,18880
47,348,17646
47,349,16533
47,350,15809
47,351,15164
47,352,14380
47,353,13012
47,354,11357
47,355,9210
47,356,7544
47,357,5663
47,358,4235
47,359,3121
47,360,2247
47,361,1579
47,362,1214
47,363,963
47,364,806
47,365,652
47,366,559
47,367,419
47,368,303
47,369,284
47,370,196
47,371,150
47,372,114
47,373,96
47,374,63
47,375,48
47,376,45
47,377,29
47,378,21
47,379,10
47,380,19
47,381,23
47,382,27
47,383,32
47,384,36
47,385,37
47,386,34
47,387,41
47,388,38
47,389,56
47,390,55
47,391,56
47,392,52
47,393,53
47,394,47
47,395,50
47,396,39
47,397,49
47,398,37
47,399,44
47,400,29
47,401,28
47,402,21
47,403,10
47,404,14
47,405,21
47,406,14
47,407,9
47,408,14
47,409,10
47,410,11
47,411,14
47,412,14
47,413,7
47,414,21
47,415,13
47,416,22
47,417,11
47,418,10
47,419,11
47,420,16
47,421,15
47,422,21
47,423,17
47,424,25
47,425,28
47,426,27
47,427,24
47,428,26
47,429,47
47,430,29
47,431,26
47,432,27
47,433,26
47,434,20
47,435,17
47,436,18
47,437,16
47,438,13
47,439,13
47,440,14
47,441,11
47,442,7
47,443,9
47,444,2
47,445,3
47,446,1
47,447,4
47,448,1
47,449,1
47,450,1
48,301,1
48,303,5
48,304,8
48,305,8
48,306,12
48,307,37
48,308,79
48,309,184
48,310,362
48,311,625
48,312,1043
48,313,1421
48,314,1671
48,315,2114
48,316,2507
48,317,3147
48,318,3848
48,319,4704
48,320,5386
48,321,6106
48,322,6893
48,323,7853
48,324,9159
48,325,10329
48,326,11659
48,327,12434
48,328,13042
48,329,13723
48,330,14705
48,331,15888
48,332,16806
48,333,17261
48,334,18131
48,335,18133
48,336,18609
48,337,18871
48,338,19295
48,339,19827
48,340,20137
48,341,20539
48,342,20223
48,343,19306
48,344,18175
48,345,17011
48,346,16002
48,347,14821
48,348,14430
48,349,13571
48,350,13358
48,351,12539
48,352,11339
48,353,10053
48,354,8629
48,355,7198
48,356,5778
48,357,4562
48,358,3706
48,359,2871
48,360,2415
48,361,2099
48,362,1637
48,363,1463
48,364,1193
48,365,1012
48,366,866
48,367,712
48,368,591
48,369,441
48,370,412
48,371,313
48,372,243
48,373,200
48,374,164
48,375,136
48,376,101
48,377,58
48,378,39
48,379,34
48,380,28
48,381,12
48,382,36
48,383,29
48,384,46
48,385,43
48,386,45
48,387,34
48,388,62
48,389,72
48,390,67
48,391,89
48,392,79
48,393,77
48,394,78
48,395,84
48,396,66
48,397,64
48,398,52
48,399,53
48,400,45
48,401,37
48,402,33
48,403,29
48,404,31
48,405,34
48,406,18
48,407,20
48,408,10
48,409,20
48,410,11
48,411,14
48,412,11
48,413,11
48,414,19
48,415,18
48,416,15
48,417,18
48,418,15
48,419,17
48,420,17
48,421,12
48,422,9
48,423,16
48,424,22
48,425,9
48,426,6
48,427,17
48,428,24
48,429,28
48,430,20
48,431,15
48,432,27
48,433,22
48,434,24
48,435,15
48,436,21
48,437,22
48,438,20
48,439,11
48,440,17
48,441,7
48,442,6
48,443,7
48,444,1
48,445,7
48,446,2
48,447,2
48,448,1
48,449,1
48,451,1
48,452,1
48,453,1
49,303,1
49,306,2
49,307,8
49,308,21
49,309,73
49,310,170
49,311,277
49,312,432
49,313,551
49,314,646
49,315,889
49,316,1130
49,317,1566
49,318,1916
49,319,2396
49,320,2688
49,321,3323
49,322,3953
49,323,4731
49,324,5866
49,325,6707
49,326,7726
49,327,8282
49,328,9429
49,329,10376
49,330,11500
49,331,12576
49,332,13524
49,333,14382
49,334,15341
49,335,15885
49,336,16838
49,337,17236
49,338,17863
49,339,18540
49,340,18865
49,341,18833
49,342,18330
49,343,17791
49,344,17018
49,345,16193
49,346,15328
49,347,14778
49,348,14185
49,349,13494
49,350,12427
49,351,11296
49,352,10319
49,353,9129
49,354,7999
49,355,6866
49,356,5852
49,357,5406
49,358,4602
49,359,4211
49,360,3695
49,361,3279
49,362,2880
49,363,2425
49,364,2199
49,365,1912
49,366,1635
49,367,1288
49,368,1073
49,369,947
49,370,811
49,371,648
49,372,527
49,373,441
49,374,363
49,375,298
49,376,178
49,377,134
49,378,94
49,379,80
49,380,44
49,381,40
49,382,42
49,383,48
49,384,29
49,385,39
49,386,43
49,387,56
49,388,60
49,389,74
49,390,96
49,391,80
49,392,81
49,393,106
49,394,101
49,395,88
49,396,78
49,397,57
49,398,57
49,399,58
49,400,49
49,401,46
49,402,37
49,403,29
49,404,31
49,405,23
49,406,34
49,407,31
49,408,26
49,409,21
49,410,18
49,411,19
49,412,13
49,413,14
49,414,15
49,415,11
49,416,10
49,417,10
49,418,18
49,419,9
49,420,13
49,421,16
49,422,21
49,423,17
49,424,19
49,425,13
49,426,12
49,427,15
49,428,17
49,429,10
49,430,13
49,431,15
49,432,10
49,433,12
49,434,25
49,435,11
49,436,14
49,437,23
49,438,10
49,439,9
49,440,12
49,441,20
49,442,11
49,443,11
49,444,9
49,445,5
49,446,7
49,447,12
49,448,4
49,449,3
49,450,3
49,451,4
49,452,4
49,453,1
49,455,3
49,456,1
49,457,4
49,458,3
49,460,1
50,307,1
50,308,6
50,309,31
50,310,62
50,311,96
50,312,128
50,313,147
50,314,232
50,315,316
50,316,502
50,317,626
50,318,851
50,319,1076
50,320,1321
50,321,1791
50,322,2364
50,323,3091
50,324,3706
50,325,4602
50,326,5303
50,327,6263
50,328,7241
50,329,8155
50,330,9259
50,331,10695
50,332,11835
50,333,13207
50,334,14285
50,335,15433
50,336,16082
50,337,16993
50,338,17598
50,339,17985
50,340,18377
50,341,18637
50,342,18656
50,343,18446
50,344,17988
50,345,17306
50,346,16677
50,347,16240
50,348,15097
50,349,14031
50,350,13047
50,351,12056
50,352,10862
50,353,9947
50,354,9057
50,355,8259
50,356,8081
50,357,7213
50,358,6675
50,359,6069
50,360,5327
50,361,4747
50,362,4124
50,363,3721
50,364,3275
50,365,2866
50,366,2236
50,367,1961
50,368,1783
50,369,1484
50,370,1194
50,371,936
50,372,798
50,373,684
50,374,561
50,375,396
50,376,303
50,377,212
50,378,158
50,379,114
50,380,79
50,381,61
50,382,40
50,383,40
50,384,28
50,385,27
50,386,31
50,387,49
50,388,64
50,389,66
50,390,65
50,391,83
50,392,82
50,393,79
50,394,95
50,395,78
50,396,86
50,397,71
50,398,58
50,399,68
50,400,57
50,401,46
50,402,47
50,403,48
50,404,42
50,405,41
50,406,34
50,407,34
50,408,43
50,409,30
50,410,30
50,411,21
50,412,27
50,413,19
50,414,15
50,415,16
50,416,18
50,417,14
50,418,16
50,419,17
50,420,17
50,421,3
50,422,14
50,423,13
50,424,9
50,425,13
50,426,12
50,427,10
50,428,14
50,429,13
50,430,13
50,431,14
50,432,17
50,433,8
50,434,13
50,435,19
50,436,15
50,437,11
50,438,16
50,439,15
50,440,14
50,441,19
50,442,15
50,443,13
50,444,6
50,445,6
50,446,8
50,447,15
50,448,6
50,449,7
50,450,6
50,451,3
50,452,6
50,453,6
50,454,2
50,455,5
50,456,1
50,457,1
50,458,1
50,459,1
50,461,2
51,308,1
51,309,12
51,310,13
51,311,14
51,312,27
51,313,30
51,314,70
51,315,101
51,316,167
51,317,218
51,318,306
51,319,438
51,320,686
51,321,965
51,322,1468
51,323,1933
51,324,2396
51,325,3203
51,326,3804
51,327,4612
51,328,5512
51,329,6647
51,330,7741
51,331,9084
51,332,10362
51,333,11485
51,334,12940
51,335,14053
51,336,14989
51,337,15771
51,338,16509
51,339,17056
51,340,17799
51,341,18671
51,342,18801
51,343,18900
51,344,18494
51,345,18413
51,346,17731
51,347,16761
51,348,15906
51,349,15021
51,350,14103
51,351,13088
51,352,12481
51,353,12031
51,354,11613
51,355,11328
51,356,10270
51,357,9655
51,358,8912
51,359,8063
51,360,7305
51,361,6676
51,362,6017
51,363,5425
51,364,4673
51,365,3940
51,366,3528
51,367,3184
51,368,2589
51,369,2195
51,370,1864
51,371,1575
51,372,1414
51,373,1120
51,374,921
51,375,638
51,376,464
51,377,330
51,378,242
51,379,154
51,380,104
51,381,84
51,382,66
51,383,73
51,384,47
51,385,35
51,386,40
51,387,46
51,388,49
51,389,66
51,390,58
51,391,66
51,392,49
51,393,75
51,394,71
51,395,68
51,396,59
51,397,75
51,398,66
51,399,59
51,400,59
51,401,60
51,402,40
51,403,73
51,404,45
51,405,44
51,406,43
51,407,26
51,408,28
51,409,22
51,410,32
51,411,19
51,412,25
51,413,24
51,414,30
51,415,11
51,416,21
51,417,13
51,418,11
51,419,10
51,420,15
51,421,13
51,422,12
51,423,10
51,424,9
51,425,17
51,426,7
51,427,11
51,428,12
51,429,10
51,430,13
51,431,18
51,432,13
51,433,18
51,434,13
51,435,18
51,436,17
51,437,25
51,438,29
51,439,12
51,440,12
51,441,19
51,442,13
51,443,18
51,444,13
51,445,13
51,446,17
51,447,8
51,448,9
51,449,3
51,450,7
51,451,8
51,452,6
51,453,9
51,454,6
51,455,3
51,456,3
51,457,2
51,458,3
51,462,1
52,309,2
52,310,1
52,312,3
52,313,7
52,314,10
52,315,27
52,316,37
52,317,62
52,318,107
52,319,180
52,320,361
52,321,522
52,322,769
52,323,1108
52,324,1648
52,325,2062
52,326,2747
52,327,3401
52,328,4186
52,329,5201
52,330,6017
52,331,7115
52,332,8187
52,333,9364
52,334,10437
52,335,11500
52,336,12306
52,337,13384
52,338,14155
52,339,15085
52,340,16136
52,341,16454
52,342,17260
52,343,17500
52,344,17480
52,345,17224
52,346,16431
52,347,15799
52,348,14986
52,349,14628
52,350,14110
52,351,14117
52,352,14304
52,353,14025
52,354,13849
52,355,13035
52,356,12336
52,357,11573
52,358,10744
52,359,9928
52,360,9261
52,361,8473
52,362,7809
52,363,6783
52,364,5990
52,365,5569
52,366,5041
52,367,4284
52,368,3739
52,369,3225
52,370,2785
52,371,2520
52,372,2057
52,373,1685
52,374,1176
52,375,850
52,376,635
52,377,470
52,378,350
52,379,239
52,380,173
52,381,144
52,382,115
52,383,90
52,384,73
52,385,58
52,386,58
52,387,61
52,388,79
52,389,43
52,390,40
52,391,35
52,392,51
52,393,52
52,394,42
52,395,41
52,396,38
52,397,56
52,398,23
52,399,60
52,400,42
52,401,59
52,402,41
52,403,57
52,404,54
52,405,43
52,406,33
52,407,25
52,408,25
52,409,21
52,410,27
52,411,26
52,412,27
52,413,13
52,414,21
52,415,21
52,416,23
52,417,15
52,418,17
52,419,9
52,420,17
52,421,16
52,422,15
52,423,14
52,424,14
52,425,12
52,426,15
52,427,10
52,428,7
52,429,15
52,430,20
52,431,23
52,432,21
52,433,13
52,434,29
52,435,17
52,436,11
52,437,19
52,438,16
52,439,28
52,440,14
52,441,17
52,442,21
52,443,25
52,444,19
52,445,14
52,446,17
52,447,17
52,448,11
52,449,5
52,450,13
52,451,5
52,452,3
52,453,4
52,454,7
52,455,2
52,456,6
52,459,1
52,461,1
52,462,1
52,466,2
53,313,1
53,315,3
53,316,4
53,317,12
53,318,39
53,319,73
53,320,107
53,321,242
53,322,416
53,323,552
53,324,889
53,325,1297
53,326,1721
53,327,2284
53,328,2868
53,329,3538
53,330,4271
53,331,5087
53,332,5863
53,333,6572
53,334,7519
53,335,8278
53,336,9109
53,337,9944
53,338,10739
53,339,11759
53,340,12316
53,341,13342
53,342,13888
53,343,14011
53,344,14005
53,345,13421
53,346,12860
53,347,12692
53,348,12781
53,349,12888
53,350,13491
53,351,14109
53,352,14070
53,353,14064
53,354,13700
53,355,13139
53,356,12688
53,357,12119
53,358,11618
53,359,11005
53,360,10307
53,361,9406
53,362,8493
53,363,7881
53,364,7415
53,365,6914
53,366,6059
53,367,5470
53,368,4692
53,369,4183
53,370,3777
53,371,3073
53,372,2572
53,373,1832
53,374,1409
53,375,1083
53,376,926
53,377,675
53,378,564
53,379,414
53,380,336
53,381,245
53,382,187
53,383,164
53,384,138
53,385,115
53,386,105
53,387,78
53,388,67
53,389,52
53,390,61
53,391,47
53,392,35
53,393,38
53,394,48
53,395,48
53,396,39
53,397,42
53,398,37
53,399,48
53,400,46
53,401,40
53,402,42
53,403,40
53,404,40
53,405,41
53,406,30
53,407,27
53,408,32
53,409,36
53,410,20
53,411,20
53,412,30
53,413,26
53,414,29
53,415,19
53,416,18
53,417,23
53,418,25
53,419,13
53,420,17
53,421,18
53,422,22
53,423,20
53,424,11
53,425,16
53,426,11
53,427,11
53,428,6
53,429,12
53,430,11
53,431,18
53,432,13
53,433,18
53,434,13
53,435,14
53,436,21
53,437,17
53,438,12
53,439,20
53,440,12
53,441,18
53,442,27
53,443,24
53,444,18
53,445,9
53,446,9
53,447,10
53,448,9
53,449,7
53,450,10
53,451,5
53,452,6
53,453,5
53,454,6
53,455,2
53,456,1
53,457,3
53,458,1
53,459,2
53,460,2
53,461,1
53,462,3
53,463,2
53,466,1
53,467,1
54,316,2
54,317,1
54,319,27
54,320,30
54,321,75
54,322,160
54,323,263
54,324,398
54,325,630
54,326,872
54,327,1238
54,328,1657
54,329,2125
54,330,2635
54,331,3194
54,332,3768
54,333,4282
54,334,4786
54,335,5229
54,336,5856
54,337,6417
54,338,7188
54,339,7974
54,340,8676
54,341,9210
54,342,9446
54,343,9281
54,344,8974
54,345,8780
54,346,8963
54,347,9125
54,348,9780
54,349,10625
54,350,11310
54,351,11710
54,352,11960
54,353,11828
54,354,11739
54,355,11643
54,356,11516
54,357,11351
54,358,11082
54,359,10662
54,360,10005
54,361,9282
54,362,9051
54,363,8525
54,364,8130
54,365,7412
54,366,6622
54,367,5975
54,368,5202
54,369,4756
54,370,4059
54,371,3331
54,372,2519
54,373,2145
54,374,1744
54,375,1472
54,376,1173
54,377,946
54,378,800
54,379,623
54,380,502
54,381,404
54,382,301
54,383,264
54,384,213
54,385,172
54,386,129
54,387,96
54,388,111
54,389,76
54,390,73
54,391,69
54,392,49
54,393,40
54,394,60
54,395,37
54,396,52
54,397,51
54,398,42
54,399,53
54,400,47
54,401,52
54,402,45
54,403,40
54,404,39
54,405,31
54,406,34
54,407,31
54,408,38
54,409,24
54,410,32
54,411,27
54,412,26
54,413,23
54,414,23
54,415,24
54,416,27
54,417,21
54,418,21
54,419,13
54,420,11
54,421,28
54,422,16
54,423,19
54,424,15
54,425,13
54,426,12
54,427,16
54,428,11
54,429,17
54,430,17
54,431,7
54,432,15
54,433,15
54,434,13
54,435,6
54,436,11
54,437,14
54,438,15
54,439,11
54,440,12
54,441,17
54,442,11
54,443,13
54,444,8
54,445,9
54,446,8
54,447,10
54,448,9
54,449,13
54,450,12
54,451,7
54,452,2
54,453,8
54,454,6
54,455,4
54,456,5
54,457,3
54,458,2
54,459,1
54,460,2
54,461,2
54,462,2
54,463,1
54,464,1
54,465,1
54,468,2
54,470,1
54,472,1
54,473,1
54,474,1
55,320,11
55,321,18
55,322,40
55,323,86
55,324,140
55,325,237
55,326,341
55,327,540
55,328,773
55,329,1074
55,330,1330
55,331,1756
55,332,1990
55,333,2321
55,334,2680
55,335,2937
55,336,3393
55,337,3871
55,338,4519
55,339,4797
55,340,5216
55,341,5380
55,342,5231
55,343,5231
55,344,5193
55,345,5372
55,346,5669
55,347,6177
55,348,6940
55,349,7470
55,350,8009
55,351,8332
55,352,8412
55,353,8559
55,354,8658
55,355,8841
55,356,9090
55,357,9088
55,358,9010
55,359,8771
55,360,8643
55,361,8530
55,362,8312
55,363,8031
55,364,7511
55,365,6935
55,366,6400
55,367,5678
55,368,5251
55,369,4673
55,370,3903
55,371,3336
55,372,2982
55,373,2568
55,374,2159
55,375,1777
55,376,1623
55,377,1269
55,378,1031
55,379,874
55,380,745
55,381,569
55,382,492
55,383,397
55,384,286
55,385,237
55,386,172
55,387,148
55,388,110
55,389,94
55,390,104
55,391,91
55,392,58
55,393,66
55,394,59
55,395,56
55,396,60
55,397,58
55,398,55
55,399,65
55,400,58
55,401,56
55,402,46
55,403,43
55,404,39
55,405,43
55,406,38
55,407,44
55,408,36
55,409,36
55,410,37
55,411,36
55,412,29
55,413,22
55,414,29
55,415,31
55,416,31
55,417,27
55,418,30
55,419,28
55,420,16
55,421,19
55,422,22
55,423,22
55,424,14
55,425,17
55,426,14
55,427,13
55,428,15
55,429,11
55,430,8
55,431,17
55,432,13
55,433,15
55,434,14
55,435,10
55,436,8
55,437,4
55,438,13
55,439,14
55,440,8
55,441,11
55,442,10
55,443,7
55,444,5
55,445,11
55,446,8
55,447,4
55,448,6
55,449,10
55,450,4
55,451,4
55,452,7
55,453,5
55,454,2
55,455,4
55,456,4
55,457,2
55,458,3
55,459,2
55,460,2
55,462,1
55,463,2
55,465,1
55,466,1
55,467,1
55,470,2
55,471,1
55,472,1
55,474,2
55,475,1
56,321,5
56,322,10
56,323,13
56,324,36
56,325,69
56,326,100
56,327,183
56,328,296
56,329,405
56,330,510
56,331,728
56,332,835
56,333,1051
56,334,1212
56,335,1480
56,336,1813
56,337,2154
56,338,2410
56,339,2600
56,340,2687
56,341,2667
56,342,2668
56,343,2718
56,344,2885
56,345,3034
56,346,3353
56,347,3854
56,348,4211
56,349,4561
56,350,4772
56,351,4956
56,352,5068
56,353,5147
56,354,5467
56,355,5793
56,356,5899
56,357,6168
56,358,6215
56,359,6360
56,360,6436
56,361,6404
56,362,6295
56,363,6206
56,364,6006
56,365,5611
56,366,5116
56,367,4811
56,368,4433
56,369,3978
56,370,3621
56,371,3122
56,372,2851
56,373,2475
56,374,2234
56,375,1957
56,376,1583
56,377,1446
56,378,1218
56,379,1059
56,380,901
56,381,722
56,382,574
56,383,492
56,384,380
56,385,318
56,386,246
56,387,211
56,388,173
56,389,154
56,390,114
56,391,101
56,392,86
56,393,81
56,394,74
56,395,86
56,396,63
56,397,82
56,398,87
56,399,73
56,400,61
56,401,56
56,402,41
56,403,59
56,404,59
56,405,47
56,406,43
56,407,43
56,408,45
56,409,34
56,410,34
56,411,27
56,412,21
56,413,31
56,414,21
56,415,26
56,416,32
56,417,19
56,418,30
56,419,28
56,420,27
56,421,29
56,422,23
56,423,28
56,424,14
56,425,20
56,426,19
56,427,17
56,428,21
56,429,23
56,430,14
56,431,15
56,432,20
56,433,17
56,434,14
56,435,15
56,436,13
56,437,9
56,438,9
56,439,15
56,440,6
56,441,4
56,442,7
56,443,9
56,444,5
56,445,7
56,446,7
56,447,5
56,448,5
56,449,7
56,450,3
56,451,4
56,452,2
56,453,5
56,454,3
56,455,3
56,456,7
56,457,3
56,458,2
56,459,2
56,460,6
56,461,1
56,462,1
56,463,3
56,464,2
56,466,1
56,467,2
56,468,1
56,469,2
56,470,1
56,471,1
56,472,1
56,475,2
56,476,1
56,479,1
56,482,1
56,486,1
56,492,1
57,322,2
57,323,1
57,324,4
57,325,13
57,326,26
57,327,41
57,328,87
57,329,110
57,330,155
57,331,223
57,332,270
57,333,359
57,334,461
57,335,627
57,336,746
57,337,901
57,338,1065
57,339,1135
57,340,1205
57,341,1200
57,342,1262
57,343,1331
57,344,1467
57,345,1652
57,346,1817
57,347,2033
57,348,2147
57,349,2271
57,350,2464
57,351,2478
57,352,2561
57,353,2861
57,354,2990
57,355,3170
57,356,3421
57,357,3491
57,358,3756
57,359,3888
57,360,3916
57,361,3866
57,362,4031
57,363,3967
57,364,3766
57,365,3638
57,366,3501
57,367,3287
57,368,2998
57,369,2802
57,370,2651
57,371,2335
57,372,2167
57,373,1899
57,374,1797
57,375,1566
57,376,1436
57,377,1259
57,378,1164
57,379,998
57,380,845
57,381,700
57,382,608
57,383,522
57,384,447
57,385,369
57,386,288
57,387,257
57,388,204
57,389,209
57,390,190
57,391,153
57,392,132
57,393,118
57,394,94
57,395,101
57,396,95
57,397,103
57,398,77
57,399,86
57,400,69
57,401,77
57,402,93
57,403,81
57,404,60
57,405,67
57,406,49
57,407,45
57,408,41
57,409,54
57,410,49
57,411,49
57,412,30
57,413,28
57,414,30
57,415,36
57,416,37
57,417,25
57,418,26
57,419,25
57,420,28
57,421,27
57,422,14
57,423,26
57,424,26
57,425,24
57,426,23
57,427,17
57,428,21
57,429,21
57,430,18
57,431,19
57,432,20
57,433,15
57,434,18
57,435,20
57,436,15
57,437,19
57,438,16
57,439,18
57,440,12
57,441,15
57,442,8
57,443,11
57,444,10
57,445,5
57,446,7
57,447,5
57,448,2
57,449,4
57,450,7
57,451,6
57,452,5
57,453,5
57,455,4
57,456,4
57,457,5
57,458,2
57,459,4
57,460,4
57,461,2
57,462,2
57,463,3
57,464,5
57,465,5
57,466,3
57,467,3
57,468,3
57,469,2
57,470,3
57,471,3
57,472,2
57,473,1
57,474,3
57,475,1
57,476,2
57,478,2
57,479,3
57,480,2
57,483,2
57,484,2
57,485,1
57,486,1
57,488,1
57,491,1
57,492,1
57,494,1
57,496,1
57,497,1
57,498,1
57,504,1
57,505,1
57,506,2
58,325,2
58,326,4
58,327,8
58,328,13
58,329,19
58,330,34
58,331,47
58,332,69
58,333,103
58,334,147
58,335,194
58,336,236
58,337,304
58,338,331
58,339,416
58,340,483
58,341,441
58,342,545
58,343,615
58,344,642
58,345,794
58,346,805
58,347,908
58,348,969
58,349,1025
58,350,1023
58,351,1163
58,352,1233
58,353,1317
58,354,1443
58,355,1518
58,356,1637
58,357,1790
58,358,1859
58,359,1954
58,360,2028
58,361,2087
58,362,2048
58,363,2056
58,364,2037
58,365,2013
58,366,1895
58,367,1778
58,368,1686
58,369,1638
58,370,1502
58,371,1403
58,372,1354
58,373,1268
58,374,1205
58,375,1081
58,376,1041
58,377,970
58,378,861
58,379,733
58,380,671
58,381,589
58,382,541
58,383,491
58,384,419
58,385,336
58,386,323
58,387,255
58,388,235
58,389,229
58,390,206
58,391,194
58,392,161
58,393,141
58,394,139
58,395,138
58,396,125
58,397,120
58,398,130
58,399,96
58,400,118
58,401,128
58,402,103
58,403,104
58,404,89
58,405,78
58,406,77
58,407,75
58,408,77
58,409,80
58,410,75
58,411,73
58,412,51
58,413,49
58,414,41
58,415,57
58,416,59
58,417,51
58,418,51
58,419,34
58,420,31
58,421,33
58,422,35
58,423,32
58,424,35
58,425,24
58,426,31
58,427,29
58,428,28
58,429,23
58,430,34
58,431,31
58,432,17
58,433,18
58,434,24
58,435,23
58,436,14
58,437,29
58,438,25
58,439,14
58,440,15
58,441,19
58,442,14
58,443,21
58,444,10
58,445,6
58,446,12
58,447,13
58,448,18
58,449,7
58,450,12
58,451,10
58,452,9
58,453,11
58,454,5
58,455,11
58,456,8
58,457,3
58,458,6
58,459,6
58,460,2
58,461,5
58,462,7
58,463,7
58,464,7
58,465,10
58,466,6
58,467,9
58,468,7
58,469,8
58,470,6
58,471,16
58,472,4
58,473,7
58,474,4
58,475,3
58,476,6
58,477,4
58,478,8
58,479,5
58,480,3
58,481,5
58,482,5
58,483,7
58,484,3
58,485,5
58,487,2
58,488,1
58,489,1
58,490,4
58,491,2
58,492,2
58,493,2
58,494,1
58,495,1
58,496,4
58,498,2
58,499,1
58,500,1
58,502,3
58,503,2
58,504,3
58,507,2
58,511,1
58,513,2
58,516,3
58,518,1
58,520,1
59,327,2
59,329,2
59,330,2
59,331,8
59,332,15
59,333,24
59,334,31
59,335,52
59,336,71
59,337,94
59,338,112
59,339,124
59,340,175
59,341,178
59,342,211
59,343,246
59,344,273
59,345,298
59,346,362
59,347,403
59,348,384
59,349,463
59,350,466
59,351,485
59,352,591
59,353,638
59,354,687
59,355,759
59,356,793
59,357,887
59,358,905
59,359,980
59,360,1013
59,361,993
59,362,1004
59,363,1047
59,364,1007
59,365,1011
59,366,926
59,367,908
59,368,926
59,369,856
59,370,839
59,371,849
59,372,811
59,373,782
59,374,769
59,375,719
59,376,711
59,377,656
59,378,611
59,379,569
59,380,543
59,381,476
59,382,455
59,383,420
59,384,408
59,385,327
59,386,305
59,387,284
59,388,278
59,389,255
59,390,244
59,391,216
59,392,211
59,393,227
59,394,190
59,395,177
59,396,165
59,397,159
59,398,190
59,399,144
59,400,141
59,401,155
59,402,152
59,403,134
59,404,136
59,405,125
59,406,128
59,407,130
59,408,117
59,409,106
59,410,109
59,411,83
59,412,87
59,413,88
59,414,90
59,415,97
59,416,89
59,417,79
59,418,60
59,419,61
59,420,77
59,421,80
59,422,86
59,423,47
59,424,54
59,425,61
59,426,65
59,427,66
59,428,53
59,429,48
59,430,48
59,431,46
59,432,37
59,433,47
59,434,44
59,435,40
59,436,39
59,437,31
59,438,35
59,439,39
59,440,33
59,441,31
59,442,28
59,443,19
59,444,16
59,445,41
59,446,38
59,447,28
59,448,18
59,449,18
59,450,23
59,451,21
59,452,21
59,453,21
59,454,18
59,455,24
59,456,24
59,457,16
59,458,10
59,459,9
59,460,8
59,461,14
59,462,14
59,463,9
59,464,17
59,465,14
59,466,11
59,467,10
59,468,14
59,469,12
59,470,12
59,471,17
59,472,13
59,473,16
59,474,21
59,475,11
59,476,5
59,477,15
59,478,10
59,479,7
59,480,14
59,481,11
59,482,9
59,483,16
59,484,12
59,485,10
59,486,5
59,487,7
59,488,10
59,489,7
59,490,6
59,491,6
59,492,4
59,493,4
59,494,5
59,495,2
59,496,3
59,497,4
59,498,1
59,499,4
59,500,1
59,501,1
59,502,4
59,503,5
59,504,1
59,505,1
59,506,3
59,508,3
59,509,4
59,510,2
59,511,2
59,513,2
59,514,4
59,515,1
59,516,3
59,517,1
59,519,3
59,520,3
59,521,1
59,524,1
59,525,1
59,526,1
59,527,3
59,528,2
59,529,1
60,332,2
60,333,7
60,334,6
60,335,10
60,336,28
60,337,35
60,338,40
60,339,45
60,340,69
60,341,71
60,342,101
60,343,98
60,344,109
60,345,134
60,346,167
60,347,190
60,348,209
60,349,209
60,350,275
60,351,315
60,352,329
60,353,404
60,354,417
60,355,528
60,356,593
60,357,646
60,358,738
60,359,802
60,360,849
60,361,818
60,362,852
60,363,912
60,364,853
60,365,830
60,366,818
60,367,820
60,368,793
60,369,777
60,370,777
60,371,786
60,372,784
60,373,792
60,374,755
60,375,675
60,376,660
60,377,669
60,378,648
60,379,572
60,380,558
60,381,527
60,382,506
60,383,454
60,384,467
60,385,403
60,386,404
60,387,386
60,388,382
60,389,346
60,390,374
60,391,362
60,392,312
60,393,322
60,394,300
60,395,334
60,396,310
60,397,289
60,398,240
60,399,257
60,400,255
60,401,282
60,402,219
60,403,222
60,404,196
60,405,233
60,406,241
60,407,230
60,408,233
60,409,190
60,410,215
60,411,213
60,412,196
60,413,192
60,414,189
60,415,186
60,416,150
60,417,145
60,418,154
60,419,151
60,420,135
60,421,138
60,422,113
60,423,122
60,424,115
60,425,89
60,426,86
60,427,95
60,428,80
60,429,89
60,430,87
60,431,93
60,432,68
60,433,75
60,434,81
60,435,65
60,436,48
60,437,48
60,438,56
60,439,61
60,440,45
60,441,46
60,442,45
60,443,36
60,444,58
60,445,49
60,446,40
60,447,30
60,448,36
60,449,40
60,450,38
60,451,36
60,452,29
60,453,33
60,454,18
60,455,30
60,456,24
60,457,25
60,458,23
60,459,18
60,460,20
60,461,21
60,462,31
60,463,16
60,464,23
60,465,16
60,466,17
60,467,17
60,468,30
60,469,19
60,470,14
60,471,15
60,472,18
60,473,21
60,474,19
60,475,17
60,476,14
60,477,22
60,478,13
60,479,17
60,480,10
60,481,18
60,482,14
60,483,11
60,484,11
60,485,14
60,486,13
60,487,15
60,488,17
60,489,8
60,490,15
60,491,13
60,492,7
60,493,12
60,494,7
60,495,7
60,496,3
60,497,5
60,498,9
60,499,5
60,500,6
60,501,5
60,502,1
60,503,4
60,504,1
60,505,4
60,506,6
60,507,4
60,508,1
60,509,2
60,510,1
60,512,3
60,513,1
60,514,2
60,515,4
60,516,3
60,517,3
60,518,2
60,519,5
60,520,3
60,522,1
60,523,1
60,525,3
60,526,3
60,527,2
60,529,1
60,531,5
60,532,2
60,533,1
61,333,1
61,334,1
61,335,1
61,336,9
61,337,13
61,338,14
61,339,11
61,340,29
61,341,38
61,342,32
61,343,40
61,344,56
61,345,66
61,346,95
61,347,100
61,348,108
61,349,144
61,350,178
61,351,227
61,352,256
61,353,328
61,354,458
61,355,585
61,356,662
61,357,831
61,358,991
61,359,1112
61,360,1237
61,361,1322
61,362,1445
61,363,1541
61,364,1457
61,365,1382
61,366,1406
61,367,1307
61,368,1263
61,369,1249
61,370,1264
61,371,1277
61,372,1274
61,373,1221
61,374,1207
61,375,1222
61,376,1277
61,377,1236
61,378,1191
61,379,1075
61,380,1042
61,381,995
61,382,944
61,383,878
61,384,850
61,385,854
61,386,898
61,387,799
61,388,808
61,389,740
61,390,795
61,391,834
61,392,813
61,393,774
61,394,759
61,395,670
61,396,609
61,397,525
61,398,550
61,399,575
61,400,515
61,401,477
61,402,388
61,403,344
61,404,384
61,405,436
61,406,425
61,407,401
61,408,394
61,409,365
61,410,355
61,411,298
61,412,279
61,413,317
61,414,299
61,415,235
61,416,227
61,417,210
61,418,196
61,419,196
61,420,176
61,421,140
61,422,129
61,423,114
61,424,88
61,425,100
61,426,83
61,427,77
61,428,73
61,429,68
61,430,62
61,431,50
61,432,54
61,433,59
61,434,50
61,435,49
61,436,39
61,437,46
61,438,36
61,439,35
61,440,26
61,441,36
61,442,44
61,443,25
61,444,26
61,445,31
61,446,25
61,447,34
61,448,12
61,449,32
61,450,33
61,451,31
61,452,19
61,453,15
61,454,20
61,455,21
61,456,28
61,457,19
61,458,29
61,459,24
61,460,17
61,461,15
61,462,14
61,463,18
61,464,19
61,465,14
61,466,19
61,467,26
61,468,14
61,469,10
61,470,20
61,471,17
61,472,13
61,473,13
61,474,19
61,475,14
61,476,10
61,477,14
61,478,14
61,479,19
61,480,11
61,481,10
61,482,10
61,483,12
61,484,10
61,485,16
61,486,7
61,487,8
61,488,12
61,489,7
61,490,13
61,491,10
61,492,7
61,493,10
61,494,14
61,495,5
61,496,9
61,497,4
61,498,4
61,499,2
61,500,7
61,501,10
61,502,4
61,503,3
61,504,1
61,505,2
61,506,2
61,509,1
61,510,1
61,511,3
61,513,3
61,514,4
61,515,1
61,516,1
61,517,6
61,518,3
61,519,3
61,520,3
61,521,2
61,522,4
61,524,2
61,525,3
61,526,3
61,527,2
61,528,1
61,529,2
61,530,3
61,532,1
62,336,1
62,337,2
62,338,3
62,339,1
62,340,7
62,341,15
62,342,11
62,343,7
62,344,19
62,345,30
62,346,36
62,347,49
62,348,51
62,349,90
62,350,108
62,351,166
62,352,217
62,353,360
62,354,492
62,355,676
62,356,863
62,357,1138
62,358,1502
62,359,1740
62,360,2133
62,361,2389
62,362,2552
62,363,2405
62,364,2416
62,365,2332
62,366,2465
62,367,2417
62,368,2471
62,369,2513
62,370,2685
62,371,2787
62,372,2890
62,373,2892
62,374,3069
62,375,3069
62,376,3069
62,377,2883
62,378,2928
62,379,2833
62,380,2816
62,381,2592
62,382,2555
62,383,2500
62,384,2547
62,385,2284
62,386,2238
62,387,1952
62,388,2060
62,389,2159
62,390,2183
62,391,2045
62,392,2073
62,393,1823
62,394,1716
62,395,1505
62,396,1462
62,397,1503
62,398,1464
62,399,1154
62,400,883
62,401,737
62,402,748
62,403,785
62,404,801
62,405,791
62,406,759
62,407,634
62,408,569
62,409,423
62,410,510
62,411,567
62,412,564
62,413,463
62,414,378
62,415,335
62,416,302
62,417,347
62,418,326
62,419,229
62,420,205
62,421,153
62,422,120
62,423,122
62,424,129
62,425,121
62,426,81
62,427,78
62,428,69
62,429,80
62,430,69
62,431,66
62,432,63
62,433,66
62,434,48
62,435,37
62,436,36
62,437,30
62,438,47
62,439,33
62,440,41
62,441,32
62,442,37
62,443,24
62,444,29
62,445,32
62,446,24
62,447,33
62,448,18
62,449,30
62,450,33
62,451,26
62,452,31
62,453,32
62,454,34
62,455,27
62,456,22
62,457,22
62,458,22
62,459,18
62,460,29
62,461,20
62,462,27
62,463,23
62,464,36
62,465,34
62,466,16
62,467,18
62,468,18
62,469,16
62,470,21
62,471,20
62,472,15
62,473,17
62,474,15
62,475,17
62,476,13
62,477,20
62,478,14
62,479,15
62,480,15
62,481,15
62,482,11
62,483,13
62,484,12
62,485,11
62,486,9
62,487,13
62,488,9
62,489,7
62,490,8
62,491,3
62,492,4
62,493,5
62,494,8
62,495,10
62,496,5
62,497,5
62,498,4
62,499,4
62,500,11
62,501,7
62,502,6
62,503,1
62,504,5
62,505,5
62,506,4
62,507,4
62,508,1
62,510,3
62,511,4
62,513,1
62,514,4
62,515,3
62,516,2
62,517,5
62,518,4
62,520,5
62,521,6
62,522,1
62,523,8
62,524,4
62,525,6
62,526,4
62,527,2
62,528,3
62,529,1
62,530,3
62,531,4
62,532,1
62,542,1
63,341,2
63,342,2
63,344,4
63,345,10
63,346,8
63,347,9
63,348,15
63,349,44
63,350,68
63,351,126
63,352,209
63,353,317
63,354,497
63,355,714
63,356,1064
63,357,1476
63,358,1986
63,359,2573
63,360,3202
63,361,3466
63,362,3512
63,363,3581
63,364,3744
63,365,3980
63,366,4113
63,367,4262
63,368,4526
63,369,4887
63,370,5288
63,371,5459
63,372,5710
63,373,5890
63,374,6082
63,375,5981
63,376,6306
63,377,6137
63,378,6274
63,379,6272
63,380,6004
63,381,6008
63,382,6075
63,383,5730
63,384,5575
63,385,5028
63,386,5029
63,387,5123
63,388,5192
63,389,5026
63,390,4841
63,391,4313
63,392,4166
63,393,3758
63,394,3646
63,395,3719
63,396,3575
63,397,2987
63,398,2310
63,399,1868
63,400,1816
63,401,1879
63,402,1863
63,403,1787
63,404,1703
63,405,1449
63,406,1174
63,407,925
63,408,988
63,409,1171
63,410,1227
63,411,996
63,412,822
63,413,664
63,414,662
63,415,679
63,416,570
63,417,468
63,418,448
63,419,297
63,420,251
63,421,205
63,422,241
63,423,177
63,424,146
63,425,111
63,426,98
63,427,103
63,428,76
63,429,62
63,430,57
63,431,43
63,432,45
63,433,42
63,434,54
63,435,43
63,436,44
63,437,47
63,438,48
63,439,41
63,440,55
63,441,36
63,442,33
63,443,39
63,444,28
63,445,43
63,446,28
63,447,34
63,448,41
63,449,37
63,450,30
63,451,41
63,452,40
63,453,38
63,454,31
63,455,31
63,456,37
63,457,41
63,458,18
63,459,29
63,460,29
63,461,12
63,462,23
63,463,21
63,464,32
63,465,27
63,466,29
63,467,26
63,468,30
63,469,39
63,470,20
63,471,15
63,472,24
63,473,18
63,474,26
63,475,21
63,476,14
63,477,11
63,478,21
63,479,19
63,480,17
63,481,20
63,482,21
63,483,10
63,484,7
63,485,12
63,486,15
63,487,15
63,488,14
63,489,8
63,490,5
63,491,12
63,492,5
63,493,6
63,494,7
63,495,6
63,496,6
63,497,2
63,498,2
63,499,3
63,500,5
63,501,4
63,502,1
63,503,4
63,504,6
63,505,2
63,506,2
63,507,5
63,508,1
63,510,1
63,511,2
63,512,3
63,514,3
63,515,3
63,516,1
63,518,1
63,519,2
63,520,2
63,521,2
63,522,3
63,523,5
63,524,4
63,525,5
63,526,5
63,527,7
63,528,3
63,529,4
63,530,2
63,531,2
63,532,1
63,533,1
63,536,2
63,538,1
63,539,1
63,542,1
64,345,1
64,346,1
64,348,6
64,349,18
64,350,47
64,351,68
64,352,154
64,353,238
64,354,425
64,355,705
64,356,1062
64,357,1688
64,358,2283
64,359,3079
64,360,3738
64,361,4260
64,362,4690
64,363,4950
64,364,5339
64,365,5597
64,366,5886
64,367,6545
64,368,7231
64,369,7841
64,370,8493
64,371,8868
64,372,9325
64,373,9535
64,374,9998
64,375,10289
64,376,10660
64,377,10855
64,378,10874
64,379,11069
64,380,11170
64,381,10866
64,382,10821
64,383,10332
64,384,10221
64,385,10262
64,386,10526
64,387,10396
64,388,9905
64,389,8925
64,390,8519
64,391,7945
64,392,7818
64,393,8055
64,394,7803
64,395,6950
64,396,5757
64,397,4854
64,398,4355
64,399,4315
64,400,4297
64,401,4027
64,402,3740
64,403,3228
64,404,2574
64,405,2130
64,406,2099
64,407,2443
64,408,2548
64,409,2194
64,410,1791
64,411,1498
64,412,1438
64,413,1482
64,414,1240
64,415,1112
64,416,1004
64,417,765
64,418,644
64,419,503
64,420,452
64,421,358
64,422,355
64,423,266
64,424,235
64,425,198
64,426,142
64,427,115
64,428,104
64,429,100
64,430,81
64,431,54
64,432,64
64,433,64
64,434,72
64,435,65
64,436,72
64,437,80
64,438,65
64,439,43
64,440,47
64,441,46
64,442,35
64,443,38
64,444,26
64,445,28
64,446,38
64,447,39
64,448,38
64,449,40
64,450,46
64,451,48
64,452,50
64,453,48
64,454,51
64,455,30
64,456,49
64,457,32
64,458,37
64,459,36
64,460,28
64,461,24
64,462,24
64,463,21
64,464,36
64,465,21
64,466,18
64,467,30
64,468,24
64,469,23
64,470,38
64,471,37
64,472,35
64,473,24
64,474,34
64,475,35
64,476,22
64,477,15
64,478,14
64,479,19
64,480,22
64,481,17
64,482,13
64,483,13
64,484,13
64,485,16
64,486,14
64,487,7
64,488,21
64,489,18
64,490,12
64,491,13
64,492,7
64,493,9
64,494,8
64,495,7
64,496,8
64,497,9
64,498,6
64,499,6
64,500,8
64,501,5
64,502,5
64,503,5
64,505,7
64,506,1
64,507,5
64,508,3
64,509,6
64,510,1
64,511,6
64,512,1
64,513,2
64,514,3
64,515,3
64,516,2
64,517,1
64,518,1
64,519,2
64,520,3
64,521,2
64,522,1
64,523,3
64,524,1
64,526,3
64,527,5
64,528,2
64,529,1
64,530,3
64,531,2
64,532,3
64,533,2
64,534,3
64,535,1
64,536,3
64,537,2
64,538,1
64,539,3
64,540,3
64,541,4
64,542,1
64,544,1
64,548,1
65,348,4
65,349,4
65,350,26
65,351,32
65,352,91
65,353,171
65,354,271
65,355,620
65,356,896
65,357,1541
65,358,2090
65,359,2779
65,360,3820
65,361,4797
65,362,5580
65,363,5842
65,364,6272
65,365,6798
65,366,7578
65,367,8680
65,368,9680
65,369,10600
65,370,11603
65,371,12210
65,372,12865
65,373,13715
65,374,14155
65,375,15036
65,376,15597
65,377,15969
65,378,16592
65,379,16181
65,380,16427
65,381,16328
65,382,16482
65,383,16882
65,384,17195
65,385,17201
65,386,16892
65,387,15672
65,388,14763
65,389,14291
65,390,13942
65,391,14027
65,392,13834
65,393,13010
65,394,11726
65,395,10268
65,396,9152
65,397,8740
65,398,8290
65,399,7722
65,400,7204
65,401,6317
65,402,5096
65,403,4414
65,404,4117
65,405,4428
65,406,4535
65,407,4138
65,408,3386
65,409,2871
65,410,2814
65,411,2773
65,412,2349
65,413,2154
65,414,2024
65,415,1618
65,416,1397
65,417,1200
65,418,976
65,419,846
65,420,788
65,421,705
65,422,571
65,423,459
65,424,368
65,425,268
65,426,272
65,427,285
65,428,221
65,429,176
65,430,146
65,431,129
65,432,149
65,433,160
65,434,188
65,435,180
65,436,122
65,437,65
65,438,50
65,439,59
65,440,48
65,441,40
65,442,31
65,443,32
65,444,44
65,445,35
65,446,43
65,447,40
65,448,43
65,449,48
65,450,38
65,451,42
65,452,42
65,453,60
65,454,46
65,455,47
65,456,37
65,457,37
65,458,27
65,459,37
65,460,29
65,461,28
65,462,30
65,463,28
65,464,20
65,465,19
65,466,21
65,467,31
65,468,32
65,469,27
65,470,32
65,471,45
65,472,36
65,473,32
65,474,39
65,475,28
65,476,22
65,477,29
65,478,19
65,479,25
65,480,22
65,481,32
65,482,24
65,483,22
65,484,27
65,485,18
65,486,21
65,487,15
65,488,11
65,489,19
65,490,11
65,491,9
65,492,14
65,493,12
65,494,8
65,495,8
65,496,14
65,497,12
65,498,11
65,499,7
65,500,6
65,501,9
65,502,4
65,503,7
65,504,8
65,505,8
65,506,4
65,507,8
65,508,2
65,509,3
65,510,2
65,511,4
65,512,1
65,513,4
65,514,2
65,515,2
65,516,3
65,517,1
65,518,3
65,519,3
65,520,1
65,521,1
65,523,5
65,524,1
65,526,3
65,527,2
65,529,1
65,530,2
65,531,2
65,532,1
65,533,2
65,534,9
65,535,6
65,536,6
65,537,4
65,538,9
65,539,7
65,540,8
65,541,4
65,542,7
65,543,4
65,544,3
65,545,6
65,546,1
65,547,4
65,548,3
65,549,2
65,550,4
65,551,2
65,552,2
66,348,1
66,350,11
66,351,17
66,352,35
66,353,105
66,354,162
66,355,468
66,356,616
66,357,980
66,358,1586
66,359,2206
66,360,3392
66,361,4411
66,362,5394
66,363,6095
66,364,6598
66,365,7503
66,366,8454
66,367,9840
66,368,11143
66,369,12652
66,370,13644
66,371,14992
66,372,15615
66,373,17047
66,374,18520
66,375,19478
66,376,20415
66,377,20165
66,378,20816
66,379,21361
66,380,21857
66,381,22827
66,382,23406
66,383,23515
66,384,23678
66,385,22736
66,386,21967
66,387,21657
66,388,20987
66,389,20906
66,390,20683
66,391,19639
66,392,18510
66,393,17094
66,394,15881
66,395,15125
66,396,14149
66,397,12967
66,398,11859
66,399,10509
66,400,8833
66,401,7856
66,402,7149
66,403,7056
66,404,6981
66,405,6551
66,406,5581
66,407,4799
66,408,4593
66,409,4405
66,410,3859
66,411,3670
66,412,3429
66,413,2908
66,414,2567
66,415,2241
66,416,1863
66,417,1712
66,418,1613
66,419,1495
66,420,1233
66,421,1058
66,422,798
66,423,621
66,424,616
66,425,650
66,426,536
66,427,470
66,428,395
66,429,348
66,430,358
66,431,413
66,432,453
66,433,455
66,434,322
66,435,189
66,436,150
66,437,146
66,438,104
66,439,66
66,440,52
66,441,63
66,442,57
66,443,66
66,444,56
66,445,43
66,446,53
66,447,55
66,448,46
66,449,38
66,450,57
66,451,45
66,452,53
66,453,31
66,454,42
66,455,38
66,456,56
66,457,32
66,458,37
66,459,45
66,460,30
66,461,37
66,462,21
66,463,40
66,464,23
66,465,20
66,466,28
66,467,33
66,468,28
66,469,33
66,470,24
66,471,31
66,472,35
66,473,24
66,474,40
66,475,33
66,476,37
66,477,39
66,478,38
66,479,33
66,480,39
66,481,31
66,482,32
66,483,21
66,484,31
66,485,26
66,486,22
66,487,27
66,488,22
66,489,15
66,490,22
66,491,15
66,492,9
66,493,13
66,494,10
66,495,14
66,496,7
66,497,10
66,498,8
66,499,11
66,500,8
66,501,7
66,502,14
66,503,10
66,504,5
66,505,6
66,506,5
66,507,13
66,508,5
66,509,5
66,510,6
66,511,8
66,512,3
66,513,2
66,514,3
66,515,4
66,516,2
66,517,4
66,519,1
66,520,1
66,521,2
66,522,1
66,523,3
66,525,1
66,526,2
66,529,2
66,530,2
66,531,2
66,532,4
66,533,3
66,534,7
66,535,8
66,536,6
66,537,9
66,538,13
66,539,9
66,540,6
66,541,18
66,542,15
66,543,20
66,544,8
66,545,10
66,546,5
66,547,10
66,548,8
66,549,10
66,550,7
66,551,9
66,552,9
66,553,2
66,554,3
67,350,2
67,351,7
67,352,10
67,353,68
67,354,89
67,355,196
67,356,373
67,357,522
67,358,1046
67,359,1572
67,360,2326
67,361,3535
67,362,4320
67,363,5585
67,364,6225
67,365,7227
67,366,8346
67,367,10039
67,368,11395
67,369,13233
67,370,14278
67,371,16134
67,372,18319
67,373,20035
67,374,21719
67,375,22099
67,376,23038
67,377,24358
67,378,25643
67,379,26999
67,380,27625
67,381,28340
67,382,29044
67,383,28856
67,384,28655
67,385,28554
67,386,28020
67,387,27858
67,388,27630
67,389,26581
67,390,25721
67,391,24023
67,392,22521
67,393,21847
67,394,21098
67,395,19723
67,396,17698
67,397,15816
67,398,13640
67,399,12283
67,400,11195
67,401,10362
67,402,9746
67,403,9132
67,404,7902
67,405,7011
67,406,6521
67,407,5924
67,408,5375
67,409,5226
67,410,4819
67,411,4390
67,412,3885
67,413,3532
67,414,2985
67,415,2827
67,416,2622
67,417,2548
67,418,2239
67,419,1945
67,420,1508
67,421,1212
67,422,1194
67,423,1216
67,424,1059
67,425,989
67,426,834
67,427,689
67,428,749
67,429,860
67,430,972
67,431,942
67,432,746
67,433,547
67,434,488
67,435,445
67,436,297
67,437,184
67,438,175
67,439,184
67,440,194
67,441,206
67,442,167
67,443,90
67,444,95
67,445,111
67,446,72
67,447,68
67,448,68
67,449,55
67,450,49
67,451,40
67,452,35
67,453,45
67,454,72
67,455,49
67,456,56
67,457,44
67,458,37
67,459,45
67,460,25
67,461,27
67,462,34
67,463,28
67,464,30
67,465,21
67,466,30
67,467,27
67,468,30
67,469,35
67,470,39
67,471,33
67,472,41
67,473,25
67,474,40
67,475,37
67,476,32
67,477,36
67,478,42
67,479,27
67,480,31
67,481,34
67,482,33
67,483,35
67,484,31
67,485,26
67,486,33
67,487,27
67,488,27
67,489,17
67,490,25
67,491,18
67,492,14
67,493,23
67,494,17
67,495,16
67,496,6
67,497,15
67,498,7
67,499,9
67,500,11
67,501,11
67,502,12
67,503,8
67,504,6
67,505,10
67,506,14
67,507,9
67,508,5
67,509,8
67,510,6
67,511,3
67,512,6
67,513,4
67,514,5
67,515,2
67,516,3
67,517,7
67,518,6
67,519,3
67,520,3
67,521,5
67,522,7
67,523,3
67,524,5
67,525,3
67,526,2
67,527,2
67,528,7
67,529,2
67,530,1
67,531,1
67,532,5
67,533,6
67,534,4
67,535,8
67,536,7
67,537,11
67,538,16
67,539,17
67,540,14
67,541,19
67,542,20
67,543,20
67,544,19
67,545,13
67,546,13
67,547,19
67,548,18
67,549,10
67,550,17
67,551,6
67,552,7
67,553,7
67,554,5
67,555,4
67,556,3
67,557,2
67,558,3
68,351,4
68,352,2
68,353,20
68,354,40
68,355,61
68,356,184
68,357,296
68,358,532
68,359,982
68,360,1348
68,361,2209
68,362,3055
68,363,4044
68,364,5175
68,365,6447
68,366,7701
68,367,9130
68,368,10438
68,369,12438
68,370,14867
68,371,17104
68,372,19786
68,373,21125
68,374,22736
68,375,24935
68,376,27316
68,377,29173
68,378,30403
68,379,31578
68,380,33146
68,381,34370
68,382,34544
68,383,35373
68,384,35351
68,385,35783
68,386,35963
68,387,35247
68,388,34705
68,389,33313
68,390,31684
68,391,30358
68,392,29559
68,393,28036
68,394,25604
68,395,23181
68,396,20700
68,397,18962
68,398,17531
68,399,15354
68,400,13719
68,401,12322
68,402,10795
68,403,9618
68,404,8645
68,405,7505
68,406,6552
68,407,6366
68,408,5750
68,409,5412
68,410,4864
68,411,4498
68,412,3929
68,413,3792
68,414,3565
68,415,3352
68,416,3250
68,417,2819
68,418,2309
68,419,1944
68,420,1848
68,421,1860
68,422,1700
68,423,1584
68,424,1373
68,425,1122
68,426,1271
68,427,1348
68,428,1546
68,429,1514
68,430,1373
68,431,1132
68,432,1060
68,433,977
68,434,729
68,435,473
68,436,445
68,437,487
68,438,540
68,439,538
68,440,442
68,441,269
68,442,232
68,443,248
68,444,217
68,445,151
68,446,124
68,447,82
68,448,38
68,449,33
68,450,33
68,451,58
68,452,76
68,453,69
68,454,54
68,455,38
68,456,49
68,457,45
68,458,31
68,459,34
68,460,27
68,461,47
68,462,37
68,463,52
68,464,41
68,465,38
68,466,45
68,467,40
68,468,44
68,469,48
68,470,45
68,471,38
68,472,40
68,473,22
68,474,40
68,475,34
68,476,41
68,477,39
68,478,34
68,479,37
68,480,31
68,481,24
68,482,28
68,483,43
68,484,25
68,485,22
68,486,25
68,487,22
68,488,26
68,489,15
68,490,18
68,491,15
68,492,24
68,493,19
68,494,20
68,495,16
68,496,16
68,497,21
68,498,17
68,499,15
68,500,24
68,501,10
68,502,8
68,503,13
68,504,9
68,505,7
68,506,10
68,507,8
68,508,11
68,509,10
68,510,8
68,511,5
68,512,9
68,513,6
68,514,6
68,515,4
68,516,4
68,517,4
68,519,6
68,520,2
68,521,4
68,522,4
68,523,6
68,524,5
68,525,5
68,526,6
68,527,4
68,528,9
68,529,3
68,530,2
68,531,5
68,532,2
68,533,4
68,534,5
68,535,10
68,536,10
68,537,9
68,538,12
68,539,21
68,540,16
68,541,22
68,542,13
68,543,25
68,544,28
68,545,14
68,546,23
68,547,22
68,548,23
68,549,16
68,550,11
68,551,6
68,552,6
68,553,3
68,554,1
68,555,3
68,556,4
68,557,2
68,558,2
68,559,2
68,562,1
69,351,1
69,353,2
69,354,15
69,355,22
69,356,61
69,357,151
69,358,214
69,359,440
69,360,759
69,361,1076
69,362,1712
69,363,2626
69,364,3763
69,365,4985
69,366,6202
69,367,7687
69,368,9779
69,369,11780
69,370,14481
69,371,16692
69,372,19090
69,373,22594
69,374,25854
69,375,28702
69,376,31153
69,377,33476
69,378,36156
69,379,39084
69,380,40458
69,381,42473
69,382,43871
69,383,45575
69,384,47730
69,385,47847
69,386,48766
69,387,48457
69,388,47449
69,389,46400
69,390,45330
69,391,43883
69,392,41118
69,393,37838
69,394,34268
69,395,31606
69,396,29493
69,397,26404
69,398,23127
69,399,20252
69,400,17509
69,401,15482
69,402,13608
69,403,11214
69,404,9082
69,405,8056
69,406,6989
69,407,6593
69,408,5767
69,409,5044
69,410,4419
69,411,4127
69,412,3925
69,413,3637
69,414,3622
69,415,3178
69,416,2857
69,417,2340
69,418,2219
69,419,2178
69,420,2088
69,421,1990
69,422,1726
69,423,1471
69,424,1606
69,425,1637
69,426,1878
69,427,1897
69,428,1878
69,429,1732
69,430,1707
69,431,1565
69,432,1282
69,433,874
69,434,814
69,435,874
69,436,1012
69,437,1014
69,438,892
69,439,551
69,440,425
69,441,489
69,442,474
69,443,310
69,444,210
69,445,134
69,446,73
69,447,31
69,448,42
69,449,70
69,450,100
69,451,91
69,452,76
69,453,58
69,454,43
69,455,32
69,456,47
69,457,33
69,458,34
69,459,26
69,460,40
69,461,35
69,462,58
69,463,39
69,464,67
69,465,58
69,466,60
69,467,67
69,468,73
69,469,54
69,470,48
69,471,57
69,472,52
69,473,46
69,474,47
69,475,37
69,476,28
69,477,36
69,478,34
69,479,39
69,480,28
69,481,28
69,482,20
69,483,23
69,484,20
69,485,22
69,486,21
69,487,19
69,488,15
69,489,17
69,490,12
69,491,14
69,492,11
69,493,11
69,494,9
69,495,14
69,496,21
69,497,14
69,498,21
69,499,16
69,500,24
69,501,13
69,502,20
69,503,26
69,504,17
69,505,17
69,506,15
69,507,6
69,508,12
69,509,6
69,510,19
69,511,11
69,512,11
69,513,6
69,514,5
69,515,4
69,516,4
69,517,4
69,518,8
69,519,15
69,520,4
69,521,8
69,522,4
69,523,9
69,524,2
69,525,7
69,526,5
69,527,5
69,528,11
69,529,8
69,530,4
69,531,3
69,532,4
69,533,5
69,534,1
69,535,4
69,536,7
69,537,7
69,538,12
69,539,13
69,540,13
69,541,16
69,542,26
69,543,22
69,544,23
69,545,20
69,546,28
69,547,20
69,548,15
69,549,18
69,550,8
69,551,10
69,552,11
69,553,3
69,554,2
69,555,5
69,556,1
69,557,2
69,559,2
70,354,3
70,355,8
70,356,10
70,357,44
70,358,90
70,359,137
70,360,296
70,361,524
70,362,869
70,363,1471
70,364,2179
70,365,3259
70,366,4788
70,367,6490
70,368,8407
70,369,10451
70,370,12634
70,371,16182
70,372,20032
70,373,23760
70,374,27410
70,375,31256
70,376,35725
70,377,40488
70,378,43907
70,379,47511
70,380,51010
70,381,54878
70,382,59949
70,383,62714
70,384,66318
70,385,69033
70,386,70107
70,387,71062
70,388,72064
70,389,71632
70,390,70236
70,391,67471
70,392,63156
70,393,58858
70,394,55151
70,395,50963
70,396,45306
70,397,40358
70,398,35471
70,399,32126
70,400,28398
70,401,24365
70,402,19561
70,403,15585
70,404,12817
70,405,11155
70,406,9704
70,407,7785
70,408,6271
70,409,5161
70,410,4484
70,411,3964
70,412,3656
70,413,3208
70,414,3020
70,415,2400
70,416,2215
70,417,2068
70,418,2000
70,419,1968
70,420,1740
70,421,1557
70,422,1553
70,423,1565
70,424,1734
70,425,1853
70,426,1944
70,427,1963
70,428,2045
70,429,1917
70,430,1636
70,431,1205
70,432,1119
70,433,1145
70,434,1387
70,435,1444
70,436,1272
70,437,870
70,438,693
70,439,750
70,440,753
70,441,514
70,442,331
70,443,198
70,444,121
70,445,62
70,446,55
70,447,97
70,448,126
70,449,149
70,450,117
70,451,91
70,452,63
70,453,52
70,454,78
70,455,52
70,456,64
70,457,32
70,458,26
70,459,25
70,460,48
70,461,61
70,462,62
70,463,54
70,464,62
70,465,90
70,466,88
70,467,104
70,468,93
70,469,80
70,470,69
70,471,89
70,472,56
70,473,50
70,474,58
70,475,46
70,476,28
70,477,38
70,478,34
70,479,30
70,480,36
70,481,21
70,482,22
70,483,20
70,484,27
70,485,21
70,486,22
70,487,23
70,488,17
70,489,18
70,490,4
70,491,18
70,492,20
70,493,10
70,494,14
70,495,14
70,496,18
70,497,11
70,498,14
70,499,15
70,500,13
70,501,16
70,502,15
70,503,24
70,504,17
70,505,15
70,506,22
70,507,15
70,508,16
70,509,22
70,510,16
70,511,16
70,512,12
70,513,8
70,514,9
70,515,8
70,516,10
70,517,5
70,518,8
70,519,10
70,520,3
70,521,10
70,522,6
70,523,8
70,524,5
70,525,3
70,526,12
70,527,3
70,528,7
70,529,4
70,530,5
70,531,10
70,532,6
70,533,11
70,534,6
70,535,4
70,536,6
70,537,3
70,538,7
70,539,3
70,540,6
70,541,12
70,542,6
70,543,14
70,544,24
70,545,24
70,546,18
70,547,13
70,548,18
70,549,7
70,550,8
70,551,6
70,553,6
70,554,3
70,555,2
70,556,1
70,557,3
70,560,1
70,562,1
71,355,1
71,356,2
71,357,6
71,358,22
71,359,43
71,360,112
71,361,223
71,362,372
71,363,704
71,364,1219
71,365,2070
71,366,3168
71,367,4629
71,368,6520
71,369,8767
71,370,11605
71,371,14980
71,372,18412
71,373,22819
71,374,27901
71,375,33933
71,376,39596
71,377,44663
71,378,50379
71,379,56192
71,380,63918
71,381,69970
71,382,76819
71,383,83723
71,384,88964
71,385,94315
71,386,99107
71,387,102892
71,388,106084
71,389,106696
71,390,104807
71,391,101077
71,392,97918
71,393,93623
71,394,87351
71,395,79356
71,396,72112
71,397,66376
71,398,60500
71,399,54825
71,400,46919
71,401,38896
71,402,31879
71,403,27127
71,404,23215
71,405,19037
71,406,14837
71,407,11394
71,408,8898
71,409,7231
71,410,5916
71,411,4779
71,412,4250
71,413,3165
71,414,2678
71,415,2272
71,416,2093
71,417,1971
71,418,1797
71,419,1607
71,420,1483
71,421,1395
71,422,1426
71,423,1603
71,424,1702
71,425,1792
71,426,1896
71,427,1830
71,428,1643
71,429,1314
71,430,1248
71,431,1242
71,432,1502
71,433,1584
71,434,1414
71,435,1056
71,436,874
71,437,872
71,438,926
71,439,762
71,440,450
71,441,309
71,442,236
71,443,152
71,444,141
71,445,185
71,446,221
71,447,279
71,448,233
71,449,197
71,450,135
71,451,145
71,452,180
71,453,149
71,454,135
71,455,83
71,456,51
71,457,67
71,458,130
71,459,100
71,460,94
71,461,72
71,462,81
71,463,63
71,464,79
71,465,118
71,466,105
71,467,125
71,468,135
71,469,101
71,470,133
71,471,83
71,472,88
71,473,65
71,474,67
71,475,68
71,476,36
71,477,45
71,478,45
71,479,33
71,480,32
71,481,24
71,482,35
71,483,23
71,484,29
71,485,18
71,486,29
71,487,19
71,488,12
71,489,16
71,490,9
71,491,11
71,492,10
71,493,10
71,494,14
71,495,9
71,496,9
71,497,10
71,498,14
71,499,10
71,500,17
71,501,7
71,502,10
71,503,13
71,504,21
71,505,21
71,506,19
71,507,23
71,508,26
71,509,24
71,510,28
71,511,18
71,512,23
71,513,26
71,514,19
71,515,18
71,516,11
71,517,16
71,518,12
71,519,9
71,520,10
71,521,8
71,522,2
71,523,2
71,524,3
71,525,6
71,526,7
71,527,4
71,528,8
71,529,2
71,530,5
71,531,3
71,532,5
71,533,2
71,534,5
71,535,2
71,536,3
71,537,7
71,538,5
71,539,3
71,540,4
71,541,5
71,542,2
71,543,7
71,544,8
71,545,8
71,546,10
71,547,12
71,548,7
71,550,3
71,551,3
71,554,2
71,555,2
71,556,1
71,557,2
71,558,3
71,559,1
71,560,1
71,562,1
71,564,1
72,357,1
72,358,5
72,359,13
72,360,33
72,361,83
72,362,156
72,363,352
72,364,631
72,365,1065
72,366,1840
72,367,2874
72,368,4559
72,369,6940
72,370,9095
72,371,12396
72,372,15896
72,373,20332
72,374,26233
72,375,31883
72,376,38426
72,377,44754
72,378,53388
72,379,61250
72,380,69861
72,381,79558
72,382,88138
72,383,97805
72,384,106607
72,385,115779
72,386,124817
72,387,132231
72,388,136351
72,389,137900
72,390,138677
72,391,138011
72,392,135979
72,393,129270
72,394,121626
72,395,115138
72,396,108407
72,397,101121
72,398,91646
72,399,80143
72,400,69058
72,401,60293
72,402,53015
72,403,45249
72,404,37107
72,405,29225
72,406,23050
72,407,18111
72,408,14653
72,409,11663
72,410,9521
72,411,7110
72,412,5624
72,413,4517
72,414,3885
72,415,3264
72,416,2844
72,417,2482
72,418,2245
72,419,1944
72,420,1718
72,421,1740
72,422,1803
72,423,1784
72,424,1755
72,425,1611
72,426,1518
72,427,1382
72,428,1335
72,429,1258
72,430,1385
72,431,1464
72,432,1331
72,433,1090
72,434,1011
72,435,950
72,436,961
72,437,888
72,438,621
72,439,525
72,440,487
72,441,387
72,442,373
72,443,365
72,444,416
72,445,464
72,446,448
72,447,354
72,448,266
72,449,305
72,450,338
72,451,365
72,452,280
72,453,212
72,454,162
72,455,200
72,456,309
72,457,263
72,458,226
72,459,183
72,460,182
72,461,155
72,462,155
72,463,153
72,464,167
72,465,180
72,466,182
72,467,162
72,468,207
72,469,158
72,470,152
72,471,123
72,472,96
72,473,88
72,474,83
72,475,57
72,476,56
72,477,43
72,478,53
72,479,29
72,480,36
72,481,34
72,482,25
72,483,28
72,484,33
72,485,27
72,486,30
72,487,29
72,488,20
72,489,23
72,490,18
72,491,12
72,492,20
72,493,11
72,494,13
72,495,12
72,496,8
72,497,19
72,498,6
72,499,15
72,500,16
72,501,8
72,502,17
72,503,13
72,504,11
72,505,17
72,506,22
72,507,18
72,508,21
72,509,22
72,510,25
72,511,19
72,512,32
72,513,20
72,514,19
72,515,22
72,516,18
72,517,18
72,518,18
72,519,17
72,520,12
72,521,12
72,522,5
72,523,11
72,524,8
72,525,11
72,526,5
72,527,2
72,528,3
72,529,2
72,531,1
72,532,2
72,533,4
72,535,1
72,537,2
72,538,1
72,539,5
72,540,1
72,541,1
72,542,2
72,543,2
72,544,3
72,546,6
72,549,5
72,550,2
72,553,1
72,554,1
72,555,2
72,558,2
72,559,1
72,560,1
72,561,1
72,562,1
72,564,1
73,358,1
73,359,4
73,360,9
73,361,32
73,362,63
73,363,125
73,364,278
73,365,486
73,366,873
73,367,1676
73,368,2583
73,369,4378
73,370,6543
73,371,9026
73,372,12499
73,373,16123
73,374,20900
73,375,26171
73,376,32710
73,377,39760
73,378,48010
73,379,57432
73,380,65971
73,381,76826
73,382,87210
73,383,98539
73,384,110160
73,385,122714
73,386,133201
73,387,141250
73,388,148341
73,389,154125
73,390,158879
73,391,159764
73,392,156698
73,393,153005
73,394,149339
73,395,144014
73,396,137098
73,397,125688
73,398,113725
73,399,102322
73,400,92563
73,401,82500
73,402,71168
73,403,59979
73,404,49242
73,405,40064
73,406,32200
73,407,26603
73,408,21169
73,409,16720
73,410,13152
73,411,10461
73,412,8748
73,413,7289
73,414,5945
73,415,5037
73,416,4505
73,417,3994
73,418,3494
73,419,3099
73,420,2800
73,421,2561
73,422,2399
73,423,1945
73,424,1716
73,425,1597
73,426,1509
73,427,1427
73,428,1431
73,429,1392
73,430,1233
73,431,1132
73,432,1085
73,433,1011
73,434,1016
73,435,961
73,436,743
73,437,781
73,438,800
73,439,726
73,440,700
73,441,639
73,442,628
73,443,670
73,444,696
73,445,572
73,446,416
73,447,452
73,448,524
73,449,546
73,450,452
73,451,402
73,452,332
73,453,409
73,454,557
73,455,523
73,456,432
73,457,406
73,458,368
73,459,352
73,460,360
73,461,348
73,462,368
73,463,384
73,464,372
73,465,312
73,466,307
73,467,287
73,468,234
73,469,186
73,470,152
73,471,150
73,472,142
73,473,121
73,474,82
73,475,77
73,476,59
73,477,65
73,478,58
73,479,49
73,480,48
73,481,47
73,482,31
73,483,45
73,484,38
73,485,23
73,486,28
73,487,26
73,488,25
73,489,35
73,490,15
73,491,21
73,492,32
73,493,33
73,494,19
73,495,13
73,496,13
73,497,17
73,498,8
73,499,7
73,500,15
73,501,10
73,502,13
73,503,12
73,504,13
73,505,11
73,506,10
73,507,16
73,508,10
73,509,16
73,510,8
73,511,15
73,512,10
73,513,22
73,514,15
73,515,12
73,516,21
73,517,21
73,518,20
73,519,19
73,520,19
73,521,22
73,522,21
73,523,10
73,524,12
73,525,9
73,526,10
73,527,5
73,528,2
73,529,3
73,531,3
73,532,1
73,533,1
73,539,1
73,540,1
73,541,3
73,542,1
73,543,3
73,544,5
73,545,5
73,546,3
73,547,4
73,548,1
73,549,1
73,550,2
73,551,2
73,552,1
73,553,3
73,554,2
73,555,1
73,556,1
73,558,2
73,559,3
73,560,1
73,561,3
73,564,1
73,565,2
73,570,1
74,359,1
74,360,2
74,361,6
74,362,18
74,363,39
74,364,81
74,365,208
74,366,351
74,367,744
74,368,1343
74,369,2237
74,370,3757
74,371,5718
74,372,8121
74,373,11155
74,374,14694
74,375,18731
74,376,23929
74,377,30171
74,378,36985
74,379,44993
74,380,53632
74,381,63114
74,382,73452
74,383,85020
74,384,97048
74,385,108669
74,386,119691
74,387,129576
74,388,140400
74,389,149212
74,390,153741
74,391,155564
74,392,158033
74,393,158404
74,394,156588
74,395,150968
74,396,142547
74,397,134173
74,398,125512
74,399,115448
74,400,104971
74,401,91899
74,402,80006
74,403,68352
74,404,57572
74,405,48676
74,406,40438
74,407,32751
74,408,26456
74,409,21283
74,410,17868
74,411,15113
74,412,12345
74,413,10478
74,414,8909
74,415,8147
74,416,7293
74,417,6479
74,418,5569
74,419,4880
74,420,4425
74,421,3663
74,422,3023
74,423,2511
74,424,2175
74,425,2017
74,426,1866
74,427,1730
74,428,1479
74,429,1379
74,430,1353
74,431,1261
74,432,1156
74,433,1022
74,434,929
74,435,924
74,436,964
74,437,1019
74,438,973
74,439,892
74,440,799
74,441,774
74,442,836
74,443,754
74,444,563
74,445,589
74,446,662
74,447,679
74,448,602
74,449,569
74,450,510
74,451,634
74,452,760
74,453,744
74,454,662
74,455,633
74,456,618
74,457,605
74,458,639
74,459,663
74,460,685
74,461,735
74,462,723
74,463,704
74,464,654
74,465,588
74,466,428
74,467,342
74,468,241
74,469,228
74,470,174
74,471,162
74,472,110
74,473,87
74,474,98
74,475,82
74,476,72
74,477,76
74,478,64
74,479,68
74,480,75
74,481,48
74,482,45
74,483,48
74,484,50
74,485,28
74,486,46
74,487,32
74,488,34
74,489,36
74,490,31
74,491,34
74,492,30
74,493,21
74,494,21
74,495,21
74,496,15
74,497,17
74,498,18
74,499,11
74,500,14
74,501,17
74,502,11
74,503,10
74,504,6
74,505,8
74,506,11
74,507,8
74,508,8
74,509,19
74,510,12
74,511,8
74,512,14
74,513,9
74,514,20
74,515,13
74,516,14
74,517,25
74,518,21
74,519,10
74,520,12
74,521,27
74,522,15
74,523,19
74,524,10
74,525,17
74,526,8
74,527,7
74,528,11
74,529,3
74,530,1
74,531,5
74,532,4
74,533,1
74,534,1
74,535,3
74,536,1
74,537,2
74,540,2
74,541,1
74,542,4
74,544,2
74,545,5
74,546,4
74,547,7
74,548,1
74,549,3
74,550,9
74,551,6
74,552,4
74,553,6
74,554,1
74,556,4
74,557,1
74,558,5
74,559,2
74,560,1
74,561,4
74,562,1
74,563,1
74,564,1
74,565,2
74,570,3
74,575,1
74,578,1
74,584,1
75,362,2
75,363,11
75,364,18
75,365,62
75,366,126
75,367,264
75,368,550
75,369,1001
75,370,1694
75,371,2873
75,372,4512
75,373,6430
75,374,8940
75,375,11741
75,376,15256
75,377,19453
75,378,24638
75,379,30023
75,380,36627
75,381,44185
75,382,52665
75,383,62465
75,384,71963
75,385,82024
75,386,92423
75,387,104290
75,388,114136
75,389,121383
75,390,128181
75,391,134515
75,392,139982
75,393,142029
75,394,140136
75,395,139321
75,396,135895
75,397,130324
75,398,124271
75,399,115086
75,400,105565
75,401,94505
75,402,83545
75,403,73541
75,404,63825
75,405,53944
75,406,45159
75,407,37228
75,408,31586
75,409,26535
75,410,22147
75,411,18480
75,412,15688
75,413,14019
75,414,12833
75,415,11291
75,416,9864
75,417,8348
75,418,7620
75,419,6727
75,420,5474
75,421,4278
75,422,3464
75,423,2915
75,424,2617
75,425,2390
75,426,2071
75,427,1796
75,428,1625
75,429,1536
75,430,1340
75,431,1136
75,432,1034
75,433,926
75,434,904
75,435,934
75,436,938
75,437,896
75,438,719
75,439,691
75,440,781
75,441,731
75,442,588
75,443,532
75,444,623
75,445,636
75,446,591
75,447,632
75,448,579
75,449,706
75,450,796
75,451,792
75,452,696
75,453,633
75,454,627
75,455,659
75,456,741
75,457,829
75,458,878
75,459,968
75,460,966
75,461,984
75,462,975
75,463,923
75,464,729
75,465,602
75,466,403
75,467,341
75,468,264
75,469,188
75,470,147
75,471,90
75,472,68
75,473,71
75,474,68
75,475,68
75,476,52
75,477,62
75,478,77
75,479,60
75,480,57
75,481,60
75,482,66
75,483,54
75,484,53
75,485,51
75,486,39
75,487,54
75,488,34
75,489,40
75,490,26
75,491,39
75,492,34
75,493,29
75,494,20
75,495,32
75,496,20
75,497,24
75,498,25
75,499,19
75,500,14
75,501,13
75,502,20
75,503,14
75,504,15
75,505,11
75,506,10
75,507,10
75,508,10
75,509,13
75,510,10
75,511,12
75,512,14
75,513,14
75,514,11
75,515,11
75,516,24
75,517,21
75,518,13
75,519,18
75,520,24
75,521,23
75,522,19
75,523,17
75,524,26
75,525,10
75,526,10
75,527,5
75,528,6
75,529,9
75,530,10
75,531,8
75,532,11
75,533,10
75,534,6
75,535,10
75,536,2
75,537,16
75,538,3
75,539,4
75,540,6
75,541,4
75,542,8
75,543,3
75,544,2
75,545,3
75,546,4
75,547,4
75,548,2
75,549,1
75,550,5
75,551,6
75,552,6
75,553,2
75,554,3
75,555,3
75,556,8
75,557,5
75,558,2
75,559,8
75,560,2
75,561,1
75,562,5
75,563,2
75,564,3
75,565,4
75,566,1
75,567,2
75,568,3
75,569,1
75,570,1
75,572,1
75,573,1
75,574,1
75,575,2
75,576,1
75,577,3
75,578,3
75,579,3
75,581,2
75,582,2
76,363,2
76,364,3
76,365,14
76,366,33
76,367,79
76,368,177
76,369,355
76,370,633
76,371,1166
76,372,1910
76,373,2966
76,374,4459
76,375,6199
76,376,8515
76,377,10911
76,378,13897
76,379,17350
76,380,21473
76,381,26654
76,382,32152
76,383,38586
76,384,45142
76,385,52929
76,386,61812
76,387,69989
76,388,77604
76,389,84988
76,390,92690
76,391,98908
76,392,103445
76,393,107297
76,394,110729
76,395,110962
76,396,109287
76,397,106384
76,398,103129
76,399,97385
76,400,89838
76,401,82918
76,402,75027
76,403,66107
76,404,57315
76,405,49087
76,406,42363
76,407,36727
76,408,31489
76,409,25983
76,410,21803
76,411,19253
76,412,17479
76,413,15449
76,414,13547
76,415,11464
76,416,10196
76,417,9316
76,418,7960
76,419,6322
76,420,5073
76,421,4090
76,422,3444
76,423,3072
76,424,2619
76,425,2213
76,426,1924
76,427,1712
76,428,1546
76,429,1290
76,430,1071
76,431,908
76,432,825
76,433,747
76,434,672
76,435,679
76,436,532
76,437,490
76,438,518
76,439,570
76,440,538
76,441,489
76,442,510
76,443,518
76,444,527
76,445,561
76,446,538
76,447,596
76,448,669
76,449,653
76,450,567
76,451,452
76,452,459
76,453,460
76,454,554
76,455,637
76,456,714
76,457,856
76,458,855
76,459,892
76,460,969
76,461,955
76,462,796
76,463,645
76,464,502
76,465,394
76,466,319
76,467,233
76,468,181
76,469,96
76,470,73
76,471,42
76,472,48
76,473,39
76,474,47
76,475,47
76,476,53
76,477,58
76,478,59
76,479,34
76,480,41
76,481,45
76,482,59
76,483,47
76,484,40
76,485,61
76,486,39
76,487,44
76,488,44
76,489,31
76,490,45
76,491,43
76,492,40
76,493,32
76,494,41
76,495,24
76,496,33
76,497,27
76,498,16
76,499,13
76,500,34
76,501,26
76,502,19
76,503,23
76,504,14
76,505,20
76,506,14
76,507,16
76,508,8
76,509,13
76,510,7
76,511,9
76,512,11
76,513,16
76,514,18
76,515,16
76,516,19
76,517,19
76,518,25
76,519,25
76,520,26
76,521,21
76,522,24
76,523,22
76,524,25
76,525,18
76,526,13
76,527,12
76,528,19
76,529,15
76,530,14
76,531,11
76,532,10
76,533,16
76,534,12
76,535,15
76,536,20
76,537,16
76,538,16
76,539,8
76,540,9
76,541,10
76,542,6
76,543,9
76,544,6
76,545,11
76,546,5
76,547,1
76,548,3
76,549,4
76,550,5
76,551,5
76,552,1
76,553,4
76,554,10
76,555,13
76,556,7
76,557,6
76,558,7
76,559,7
76,560,10
76,561,7
76,562,7
76,563,8
76,564,5
76,565,2
76,566,3
76,567,2
76,568,3
76,569,6
76,570,2
76,571,4
76,572,1
76,573,3
76,574,3
76,575,1
76,577,1
76,578,2
76,579,6
76,580,2
76,581,4
76,582,4
76,583,1
76,584,1
76,585,3
76,586,1
77,364,1
77,365,2
77,366,5
77,367,21
77,368,34
77,369,104
77,370,175
77,371,346
77,372,619
77,373,1052
77,374,1701
77,375,2624
77,376,3679
77,377,5046
77,378,6692
77,379,8672
77,380,11203
77,381,13983
77,382,17012
77,383,20435
77,384,24801
77,385,29496
77,386,34714
77,387,39951
77,388,45523
77,389,50654
77,390,55769
77,391,60556
77,392,65843
77,393,70255
77,394,72104
77,395,72611
77,396,73936
77,397,73583
77,398,71763
77,399,68298
77,400,64762
77,401,60283
77,402,54714
77,403,48354
77,404,42343
77,405,37993
77,406,33306
77,407,28149
77,408,23415
77,409,20414
77,410,18105
77,411,16091
77,412,14028
77,413,11990
77,414,10306
77,415,9517
77,416,8410
77,417,7039
77,418,5518
77,419,4403
77,420,3746
77,421,3224
77,422,2774
77,423,2382
77,424,1976
77,425,1620
77,426,1510
77,427,1300
77,428,1133
77,429,882
77,430,748
77,431,624
77,432,570
77,433,492
77,434,418
77,435,340
77,436,314
77,437,337
77,438,338
77,439,366
77,440,341
77,441,417
77,442,478
77,443,465
77,444,506
77,445,541
77,446,536
77,447,565
77,448,516
77,449,436
77,450,319
77,451,296
77,452,338
77,453,364
77,454,412
77,455,492
77,456,520
77,457,539
77,458,632
77,459,635
77,460,622
77,461,499
77,462,442
77,463,315
77,464,282
77,465,224
77,466,185
77,467,119
77,468,87
77,469,57
77,470,38
77,471,29
77,472,27
77,473,37
77,474,47
77,475,39
77,476,40
77,477,27
77,478,29
77,479,31
77,480,30
77,481,32
77,482,26
77,483,40
77,484,27
77,485,36
77,486,24
77,487,23
77,488,35
77,489,34
77,490,36
77,491,40
77,492,41
77,493,29
77,494,28
77,495,25
77,496,24
77,497,34
77,498,23
77,499,27
77,500,29
77,501,25
77,502,18
77,503,28
77,504,12
77,505,28
77,506,17
77,507,19
77,508,14
77,509,19
77,510,20
77,511,23
77,512,20
77,513,18
77,514,30
77,515,27
77,516,28
77,517,31
77,518,33
77,519,30
77,520,36
77,521,29
77,522,27
77,523,26
77,524,26
77,525,28
77,526,25
77,527,23
77,528,15
77,529,24
77,530,19
77,531,19
77,532,17
77,533,17
77,534,30
77,535,23
77,536,23
77,537,25
77,538,27
77,539,16
77,540,19
77,541,18
77,542,11
77,543,12
77,544,11
77,545,6
77,546,7
77,547,5
77,548,4
77,549,2
77,550,2
77,551,9
77,552,2
77,553,11
77,554,5
77,555,6
77,556,11
77,557,12
77,558,11
77,559,9
77,560,13
77,561,10
77,562,12
77,563,6
77,564,15
77,565,13
77,566,7
77,567,8
77,568,2
77,569,7
77,570,4
77,571,3
77,572,6
77,573,4
77,574,5
77,575,1
77,576,3
77,578,2
77,580,5
77,581,1
77,585,1
77,586,1
77,587,1
77,589,1
78,367,3
78,368,5
78,369,17
78,370,30
78,371,80
78,372,138
78,373,278
78,374,478
78,375,736
78,376,1157
78,377,1749
78,378,2529
78,379,3455
78,380,4714
78,381,6018
78,382,7625
78,383,9624
78,384,12027
78,385,14542
78,386,17167
78,387,19947
78,388,22971
78,389,25665
78,390,29400
78,391,33394
78,392,36358
78,393,38152
78,394,40055
78,395,42028
78,396,43429
78,397,43730
78,398,42809
78,399,41460
78,400,39707
78,401,36976
78,402,33831
78,403,30985
78,404,28272
78,405,24501
78,406,20533
78,407,17735
78,408,15445
78,409,13427
78,410,11721
78,411,10015
78,412,8429
78,413,7550
78,414,6709
78,415,5920
78,416,4821
78,417,3858
78,418,3175
78,419,2869
78,420,2437
78,421,2244
78,422,1780
78,423,1454
78,424,1202
78,425,1104
78,426,987
78,427,822
78,428,615
78,429,513
78,430,432
78,431,401
78,432,356
78,433,251
78,434,239
78,435,208
78,436,214
78,437,217
78,438,220
78,439,271
78,440,255
78,441,270
78,442,341
78,443,348
78,444,446
78,445,459
78,446,481
78,447,444
78,448,411
78,449,365
78,450,343
78,451,339
78,452,314
78,453,333
78,454,320
78,455,321
78,456,359
78,457,334
78,458,362
78,459,328
78,460,300
78,461,225
78,462,200
78,463,177
78,464,155
78,465,129
78,466,79
78,467,62
78,468,47
78,469,43
78,470,27
78,471,31
78,472,33
78,473,33
78,474,37
78,475,32
78,476,21
78,477,23
78,478,20
78,479,12
78,480,23
78,481,22
78,482,18
78,483,30
78,484,18
78,485,21
78,486,15
78,487,17
78,488,27
78,489,23
78,490,22
78,491,20
78,492,32
78,493,16
78,494,21
78,495,26
78,496,17
78,497,24
78,498,12
78,499,21
78,500,24
78,501,24
78,502,21
78,503,22
78,504,20
78,505,26
78,506,20
78,507,27
78,508,29
78,509,24
78,510,34
78,511,24
78,512,33
78,513,27
78,514,49
78,515,33
78,516,42
78,517,49
78,518,43
78,519,44
78,520,58
78,521,63
78,522,46
78,523,38
78,524,32
78,525,51
78,526,34
78,527,48
78,528,34
78,529,35
78,530,26
78,531,37
78,532,36
78,533,35
78,534,22
78,535,22
78,536,26
78,537,26
78,538,35
78,539,26
78,540,21
78,541,22
78,542,18
78,543,24
78,544,19
78,545,16
78,546,14
78,547,12
78,548,5
78,549,12
78,550,9
78,551,7
78,552,5
78,553,14
78,554,13
78,555,9
78,556,13
78,557,8
78,558,5
78,559,11
78,560,14
78,561,4
78,562,10
78,563,9
78,564,4
78,565,10
78,566,5
78,567,5
78,568,4
78,569,1
78,570,5
78,571,7
78,572,6
78,573,4
78,574,6
78,575,3
78,576,4
78,577,4
78,578,2
78,579,1
78,580,3
78,581,1
78,582,1
79,368,1
79,370,3
79,371,9
79,372,17
79,373,46
79,374,79
79,375,137
79,376,256
79,377,423
79,378,674
79,379,956
79,380,1400
79,381,2019
79,382,2582
79,383,3566
79,384,4736
79,385,5883
79,386,7160
79,387,8680
79,388,10214
79,389,12212
79,390,14112
79,391,15919
79,392,17283
79,393,18508
79,394,19980
79,395,21654
79,396,22513
79,397,22722
79,398,22433
79,399,22141
79,400,21619
79,401,20701
79,402,19537
79,403,17789
79,404,15796
79,405,13906
79,406,12274
79,407,10657
79,408,9193
79,409,8018
79,410,6793
79,411,5940
79,412,5022
79,413,4331
79,414,3690
79,415,3043
79,416,2458
79,417,2142
79,418,1972
79,419,1889
79,420,1615
79,421,1343
79,422,1084
79,423,1006
79,424,911
79,425,756
79,426,560
79,427,468
79,428,359
79,429,347
79,430,323
79,431,230
79,432,177
79,433,168
79,434,164
79,435,146
79,436,156
79,437,155
79,438,152
79,439,180
79,440,172
79,441,160
79,442,227
79,443,216
79,444,258
79,445,287
79,446,294
79,447,294
79,448,322
79,449,343
79,450,366
79,451,392
79,452,342
79,453,362
79,454,360
79,455,354
79,456,355
79,457,322
79,458,320
79,459,235
79,460,217
79,461,200
79,462,172
79,463,157
79,464,129
79,465,100
79,466,100
79,467,63
79,468,67
79,469,54
79,470,59
79,471,49
79,472,45
79,473,43
79,474,27
79,475,26
79,476,28
79,477,26
79,478,29
79,479,18
79,480,19
79,481,23
79,482,21
79,483,17
79,484,11
79,485,15
79,486,15
79,487,17
79,488,18
79,489,14
79,490,14
79,491,13
79,492,21
79,493,16
79,494,9
79,495,22
79,496,8
79,497,15
79,498,20
79,499,10
79,500,16
79,501,22
79,502,22
79,503,32
79,504,26
79,505,27
79,506,28
79,507,23
79,508,33
79,509,38
79,510,35
79,511,35
79,512,41
79,513,43
79,514,55
79,515,38
79,516,62
79,517,64
79,518,54
79,519,60
79,520,66
79,521,63
79,522,63
79,523,64
79,524,47
79,525,41
79,526,63
79,527,66
79,528,61
79,529,66
79,530,52
79,531,65
79,532,54
79,533,42
79,534,48
79,535,37
79,536,37
79,537,44
79,538,45
79,539,33
79,540,30
79,541,31
79,542,22
79,543,25
79,544,22
79,545,16
79,546,17
79,547,26
79,548,19
79,549,18
79,550,15
79,551,11
79,552,24
79,553,16
79,554,9
79,555,13
79,556,15
79,557,12
79,558,10
79,559,11
79,560,11
79,561,7
79,562,8
79,563,4
79,564,4
79,565,8
79,566,7
79,567,3
79,568,8
79,569,1
79,570,7
79,571,3
79,572,4
79,573,3
79,574,1
79,575,3
79,576,1
79,577,3
79,578,2
79,579,1
79,580,1
79,581,3
79,583,2
79,586,1
79,587,1
79,590,2
80,372,3
80,373,2
80,374,8
80,375,14
80,376,30
80,377,65
80,378,109
80,379,174
80,380,282
80,381,442
80,382,636
80,383,943
80,384,1266
80,385,1742
80,386,2239
80,387,2963
80,388,3813
80,389,4632
80,390,5614
80,391,6570
80,392,7259
80,393,8146
80,394,9224
80,395,10251
80,396,10517
80,397,10562
80,398,10745
80,399,11041
80,400,11090
80,401,10502
80,402,9760
80,403,9222
80,404,8532
80,405,7839
80,406,6957
80,407,6191
80,408,5399
80,409,4980
80,410,4285
80,411,3735
80,412,3267
80,413,2701
80,414,2255
80,415,1981
80,416,1594
80,417,1494
80,418,1345
80,419,1188
80,420,1063
80,421,941
80,422,876
80,423,775
80,424,625
80,425,520
80,426,439
80,427,418
80,428,413
80,429,361
80,430,289
80,431,260
80,432,242
80,433,226
80,434,190
80,435,182
80,436,168
80,437,153
80,438,147
80,439,150
80,440,139
80,441,113
80,442,126
80,443,149
80,444,152
80,445,171
80,446,185
80,447,184
80,448,210
80,449,217
80,450,248
80,451,262
80,452,279
80,453,339
80,454,344
80,455,369
80,456,400
80,457,384
80,458,327
80,459,334
80,460,351
80,461,305
80,462,255
80,463,241
80,464,191
80,465,190
80,466,166
80,467,144
80,468,125
80,469,119
80,470,94
80,471,104
80,472,91
80,473,81
80,474,76
80,475,55
80,476,50
80,477,54
80,478,50
80,479,42
80,480,44
80,481,24
80,482,37
80,483,26
80,484,32
80,485,34
80,486,21
80,487,30
80,488,22
80,489,16
80,490,24
80,491,22
80,492,22
80,493,24
80,494,23
80,495,28
80,496,12
80,497,11
80,498,19
80,499,19
80,500,21
80,501,18
80,502,11
80,503,14
80,504,21
80,505,38
80,506,18
80,507,38
80,508,30
80,509,37
80,510,46
80,511,53
80,512,50
80,513,43
80,514,58
80,515,55
80,516,54
80,517,76
80,518,52
80,519,63
80,520,79
80,521,72
80,522,59
80,523,76
80,524,73
80,525,67
80,526,71
80,527,65
80,528,76
80,529,80
80,530,61
80,531,54
80,532,76
80,533,63
80,534,60
80,535,67
80,536,64
80,537,52
80,538,55
80,539,54
80,540,36
80,541,58
80,542,30
80,543,47
80,544,32
80,545,35
80,546,25
80,547,29
80,548,30
80,549,30
80,550,25
80,551,37
80,552,29
80,553,18
80,554,24
80,555,27
80,556,15
80,557,23
80,558,9
80,559,21
80,560,26
80,561,10
80,562,8
80,563,11
80,564,13
80,565,13
80,566,3
80,567,10
80,568,8
80,569,13
80,570,9
80,571,2
80,572,10
80,573,7
80,574,4
80,575,4
80,576,4
80,577,6
80,578,4
80,579,2
80,580,5
80,581,5
80,582,4
80,583,4
80,584,3
80,585,3
80,586,5
80,587,2
80,588,1
80,589,3
80,591,2
80,592,1
80,594,2
80,595,1
80,596,4
80,597,1
80,599,1
81,376,3
81,377,2
81,378,9
81,379,17
81,380,31
81,381,64
81,382,90
81,383,146
81,384,230
81,385,342
81,386,504
81,387,715
81,388,954
81,389,1271
81,390,1640
81,391,1958
81,392,2409
81,393,2891
81,394,3494
81,395,3936
81,396,4041
81,397,4355
81,398,4804
81,399,5023
81,400,4932
81,401,4936
81,402,4821
81,403,4735
81,404,4559
81,405,4283
81,406,3894
81,407,3675
81,408,3406
81,409,3228
81,410,2875
81,411,2609
81,412,2258
81,413,2079
81,414,1829
81,415,1679
81,416,1479
81,417,1305
81,418,1150
81,419,1046
81,420,941
81,421,793
81,422,680
81,423,681
81,424,554
81,425,496
81,426,519
81,427,507
81,428,449
81,429,426
81,430,370
81,431,371
81,432,391
81,433,351
81,434,323
81,435,287
81,436,277
81,437,272
81,438,238
81,439,225
81,440,214
81,441,172
81,442,167
81,443,184
81,444,176
81,445,160
81,446,171
81,447,151
81,448,146
81,449,163
81,450,144
81,451,168
81,452,167
81,453,209
81,454,222
81,455,218
81,456,282
81,457,315
81,458,310
81,459,339
81,460,332
81,461,292
81,462,313
81,463,357
81,464,300
81,465,320
81,466,279
81,467,245
81,468,277
81,469,205
81,470,198
81,471,170
81,472,137
81,473,157
81,474,154
81,475,136
81,476,114
81,477,89
81,478,93
81,479,77
81,480,83
81,481,76
81,482,71
81,483,64
81,484,80
81,485,55
81,486,56
81,487,46
81,488,42
81,489,37
81,490,65
81,491,29
81,492,34
81,493,43
81,494,35
81,495,32
81,496,31
81,497,27
81,498,32
81,499,33
81,500,32
81,501,27
81,502,28
81,503,27
81,504,31
81,505,29
81,506,32
81,507,34
81,508,44
81,509,34
81,510,39
81,511,35
81,512,49
81,513,50
81,514,62
81,515,51
81,516,56
81,517,60
81,518,51
81,519,77
81,520,63
81,521,80
81,522,67
81,523,77
81,524,84
81,525,63
81,526,75
81,527,55
81,528,68
81,529,72
81,530,67
81,531,61
81,532,61
81,533,76
81,534,61
81,535,87
81,536,74
81,537,74
81,538,66
81,539,64
81,540,54
81,541,48
81,542,77
81,543,51
81,544,50
81,545,40
81,546,49
81,547,53
81,548,31
81,549,35
81,550,46
81,551,39
81,552,38
81,553,31
81,554,28
81,555,38
81,556,31
81,557,28
81,558,34
81,559,21
81,560,25
81,561,25
81,562,20
81,563,25
81,564,19
81,565,21
81,566,19
81,567,14
81,568,20
81,569,13
81,570,17
81,571,13
81,572,15
81,573,8
81,574,15
81,575,11
81,576,6
81,577,9
81,578,12
81,579,9
81,580,5
81,581,7
81,582,7
81,583,7
81,584,9
81,585,12
81,586,6
81,587,7
81,588,4
81,589,8
81,590,7
81,591,6
81,592,8
81,593,5
81,594,3
81,595,2
81,596,6
81,597,9
81,598,1
81,599,1
81,601,1
82,380,1
82,381,2
82,382,4
82,383,12
82,384,23
82,385,41
82,386,70
82,387,96
82,388,175
82,389,225
82,390,310
82,391,390
82,392,567
82,393,747
82,394,893
82,395,1046
82,396,1167
82,397,1378
82,398,1565
82,399,1693
82,400,1743
82,401,1863
82,402,1969
82,403,2055
82,404,1966
82,405,1998
82,406,1983
82,407,1972
82,408,1988
82,409,1876
82,410,1826
82,411,1706
82,412,1644
82,413,1531
82,414,1514
82,415,1382
82,416,1277
82,417,1129
82,418,1078
82,419,983
82,420,872
82,421,800
82,422,772
82,423,703
82,424,681
82,425,593
82,426,615
82,427,522
82,428,505
82,429,449
82,430,491
82,431,486
82,432,444
82,433,392
82,434,405
82,435,394
82,436,390
82,437,401
82,438,341
82,439,345
82,440,344
82,441,334
82,442,279
82,443,276
82,444,264
82,445,259
82,446,235
82,447,210
82,448,224
82,449,181
82,450,192
82,451,177
82,452,181
82,453,169
82,454,162
82,455,166
82,456,175
82,457,196
82,458,189
82,459,218
82,460,225
82,461,231
82,462,228
82,463,228
82,464,273
82,465,259
82,466,284
82,467,266
82,468,248
82,469,271
82,470,255
82,471,255
82,472,236
82,473,220
82,474,184
82,475,194
82,476,194
82,477,184
82,478,147
82,479,163
82,480,121
82,481,142
82,482,131
82,483,126
82,484,116
82,485,109
82,486,118
82,487,98
82,488,103
82,489,79
82,490,104
82,491,63
82,492,78
82,493,67
82,494,61
82,495,49
82,496,52
82,497,64
82,498,49
82,499,59
82,500,64
82,501,54
82,502,45
82,503,43
82,504,34
82,505,50
82,506,38
82,507,31
82,508,46
82,509,33
82,510,33
82,511,36
82,512,45
82,513,30
82,514,41
82,515,49
82,516,49
82,517,40
82,518,54
82,519,50
82,520,59
82,521,55
82,522,62
82,523,53
82,524,65
82,525,68
82,526,68
82,527,60
82,528,74
82,529,59
82,530,48
82,531,54
82,532,61
82,533,64
82,534,70
82,535,73
82,536,71
82,537,69
82,538,80
82,539,65
82,540,82
82,541,64
82,542,62
82,543,59
82,544,62
82,545,63
82,546,53
82,547,41
82,548,52
82,549,66
82,550,44
82,551,44
82,552,35
82,553,46
82,554,56
82,555,45
82,556,41
82,557,47
82,558,46
82,559,44
82,560,38
82,561,34
82,562,26
82,563,30
82,564,21
82,565,27
82,566,30
82,567,32
82,568,25
82,569,21
82,570,30
82,571,23
82,572,22
82,573,20
82,574,18
82,575,16
82,576,14
82,577,21
82,578,10
82,579,10
82,580,10
82,581,10
82,582,10
82,583,10
82,584,17
82,585,11
82,586,11
82,587,12
82,588,8
82,589,12
82,590,11
82,591,9
82,592,7
82,593,9
82,594,3
82,595,7
82,596,3
82,597,3
82,598,2
82,599,2
82,600,1
82,602,1
82,604,1
83,383,1
83,384,1
83,385,2
83,386,4
83,387,9
83,388,17
83,389,17
83,390,39
83,391,64
83,392,82
83,393,122
83,394,146
83,395,207
83,396,232
83,397,303
83,398,341
83,399,385
83,400,437
83,401,511
83,402,582
83,403,587
83,404,621
83,405,702
83,406,750
83,407,773
83,408,762
83,409,847
83,410,838
83,411,935
83,412,940
83,413,872
83,414,847
83,415,793
83,416,815
83,417,731
83,418,782
83,419,751
83,420,718
83,421,742
83,422,688
83,423,694
83,424,681
83,425,661
83,426,603
83,427,604
83,428,580
83,429,570
83,430,543
83,431,523
83,432,520
83,433,529
83,434,504
83,435,505
83,436,459
83,437,450
83,438,460
83,439,440
83,440,394
83,441,419
83,442,366
83,443,366
83,444,374
83,445,336
83,446,320
83,447,326
83,448,248
83,449,284
83,450,223
83,451,232
83,452,181
83,453,196
83,454,165
83,455,146
83,456,174
83,457,152
83,458,161
83,459,154
83,460,178
83,461,188
83,462,161
83,463,171
83,464,191
83,465,171
83,466,181
83,467,204
83,468,207
83,469,211
83,470,207
83,471,214
83,472,228
83,473,214
83,474,228
83,475,196
83,476,201
83,477,169
83,478,150
83,479,167
83,480,171
83,481,159
83,482,166
83,483,178
83,484,147
83,485,162
83,486,153
83,487,154
83,488,126
83,489,140
83,490,111
83,491,114
83,492,107
83,493,112
83,494,100
83,495,96
83,496,104
83,497,87
83,498,97
83,499,80
83,500,84
83,501,77
83,502,73
83,503,78
83,504,77
83,505,71
83,506,72
83,507,61
83,508,59
83,509,73
83,510,58
83,511,60
83,512,71
83,513,46
83,514,42
83,515,43
83,516,42
83,517,46
83,518,44
83,519,51
83,520,47
83,521,42
83,522,56
83,523,58
83,524,54
83,525,61
83,526,66
83,527,49
83,528,59
83,529,59
83,530,52
83,531,52
83,532,47
83,533,51
83,534,36
83,535,42
83,536,46
83,537,61
83,538,55
83,539,47
83,540,63
83,541,67
83,542,58
83,543,57
83,544,53
83,545,51
83,546,52
83,547,60
83,548,55
83,549,53
83,550,54
83,551,35
83,552,46
83,553,53
83,554,43
83,555,53
83,556,58
83,557,52
83,558,55
83,559,42
83,560,40
83,561,53
83,562,28
83,563,34
83,564,31
83,565,36
83,566,39
83,567,34
83,568,30
83,569,31
83,570,20
83,571,25
83,572,25
83,573,23
83,574,30
83,575,18
83,576,14
83,577,21
83,578,14
83,579,17
83,580,12
83,581,19
83,582,22
83,583,9
83,584,21
83,585,10
83,586,12
83,587,13
83,588,19
83,589,13
83,590,14
83,591,10
83,592,8
83,593,15
83,594,8
83,595,10
83,596,3
83,597,2
83,598,2
83,602,3
84,388,1
84,389,1
84,390,3
84,391,6
84,392,7
84,393,14
84,394,17
84,395,28
84,396,34
84,397,41
84,398,60
84,399,70
84,400,88
84,401,99
84,402,113
84,403,131
84,404,143
84,405,177
84,406,179
84,407,203
84,408,248
84,409,256
84,410,304
84,411,362
84,412,351
84,413,365
84,414,361
84,415,365
84,416,352
84,417,380
84,418,368
84,419,412
84,420,450
84,421,457
84,422,446
84,423,499
84,424,504
84,425,474
84,426,480
84,427,516
84,428,498
84,429,455
84,430,475
84,431,501
84,432,488
84,433,471
84,434,498
84,435,450
84,436,459
84,437,449
84,438,458
84,439,437
84,440,406
84,441,420
84,442,378
84,443,374
84,444,340
84,445,359
84,446,320
84,447,324
84,448,267
84,449,284
84,450,226
84,451,205
84,452,197
84,453,160
84,454,177
84,455,157
84,456,135
84,457,155
84,458,144
84,459,137
84,460,134
84,461,113
84,462,135
84,463,121
84,464,120
84,465,109
84,466,129
84,467,137
84,468,132
84,469,131
84,470,149
84,471,137
84,472,153
84,473,155
84,474,150
84,475,165
84,476,133
84,477,142
84,478,150
84,479,140
84,480,137
84,481,135
84,482,142
84,483,152
84,484,139
84,485,152
84,486,129
84,487,144
84,488,148
84,489,141
84,490,134
84,491,122
84,492,143
84,493,125
84,494,103
84,495,135
84,496,121
84,497,126
84,498,118
84,499,104
84,500,108
84,501,89
84,502,97
84,503,103
84,504,98
84,505,89
84,506,93
84,507,100
84,508,89
84,509,89
84,510,77
84,511,69
84,512,70
84,513,66
84,514,63
84,515,70
84,516,49
84,517,43
84,518,51
84,519,44
84,520,58
84,521,56
84,522,42
84,523,49
84,524,42
84,525,53
84,526,42
84,527,55
84,528,42
84,529,38
84,530,31
84,531,36
84,532,39
84,533,34
84,534,31
84,535,39
84,536,37
84,537,30
84,538,26
84,539,35
84,540,30
84,541,47
84,542,40
84,543,39
84,544,51
84,545,40
84,546,38
84,547,56
84,548,46
84,549,42
84,550,36
84,551,36
84,552,33
84,553,38
84,554,26
84,555,25
84,556,37
84,557,26
84,558,30
84,559,31
84,560,41
84,561,40
84,562,36
84,563,29
84,564,30
84,565,32
84,566,31
84,567,36
84,568,30
84,569,29
84,570,30
84,571,24
84,572,27
84,573,19
84,574,18
84,575,18
84,576,24
84,577,19
84,578,20
84,579,24
84,580,10
84,581,13
84,582,17
84,583,18
84,584,12
84,585,17
84,586,13
84,587,17
84,588,8
84,589,10
84,590,6
84,591,13
84,592,12
84,593,8
84,594,7
84,595,5
84,596,6
84,597,1
84,598,2
84,600,2
84,602,1
84,603,1
84,612,1
85,393,2
85,395,3
85,396,6
85,397,5
85,398,13
85,399,9
85,400,12
85,401,22
85,402,25
85,403,33
85,404,27
85,405,36
85,406,41
85,407,49
85,408,51
85,409,66
85,410,91
85,411,86
85,412,120
85,413,116
85,414,108
85,415,126
85,416,118
85,417,146
85,418,180
85,419,199
85,420,193
85,421,234
85,422,215
85,423,229
85,424,267
85,425,262
85,426,270
85,427,282
85,428,239
85,429,308
85,430,305
85,431,279
85,432,321
85,433,338
85,434,308
85,435,303
85,436,306
85,437,308
85,438,296
85,439,310
85,440,275
85,441,272
85,442,276
85,443,246
85,444,263
85,445,246
85,446,252
85,447,262
85,448,194
85,449,183
85,450,182
85,451,167
85,452,152
85,453,167
85,454,122
85,455,115
85,456,135
85,457,107
85,458,102
85,459,114
85,460,98
85,461,81
85,462,105
85,463,73
85,464,114
85,465,85
85,466,82
85,467,82
85,468,76
85,469,99
85,470,100
85,471,82
85,472,97
85,473,93
85,474,97
85,475,88
85,476,93
85,477,104
85,478,110
85,479,112
85,480,111
85,481,90
85,482,102
85,483,128
85,484,90
85,485,111
85,486,104
85,487,104
85,488,114
85,489,123
85,490,102
85,491,99
85,492,112
85,493,102
85,494,124
85,495,104
85,496,104
85,497,114
85,498,99
85,499,101
85,500,102
85,501,96
85,502,92
85,503,96
85,504,94
85,505,100
85,506,88
85,507,87
85,508,90
85,509,81
85,510,75
85,511,81
85,512,60
85,513,58
85,514,51
85,515,52
85,516,50
85,517,48
85,518,61
85,519,47
85,520,49
85,521,44
85,522,42
85,523,34
85,524,46
85,525,34
85,526,44
85,527,35
85,528,41
85,529,22
85,530,33
85,531,20
85,532,28
85,533,24
85,534,19
85,535,15
85,536,17
85,537,22
85,538,19
85,539,13
85,540,13
85,541,19
85,542,26
85,543,17
85,544,26
85,545,29
85,546,24
85,547,27
85,548,24
85,549,30
85,550,23
85,551,30
85,552,22
85,553,28
85,554,24
85,555,27
85,556,22
85,557,26
85,558,32
85,559,19
85,560,21
85,561,17
85,562,22
85,563,24
85,564,29
85,565,22
85,566,17
85,567,24
85,568,16
85,569,14
85,570,24
85,571,22
85,572,16
85,573,17
85,574,22
85,575,15
85,576,19
85,577,15
85,578,10
85,579,19
85,580,7
85,581,16
85,582,12
85,583,14
85,584,15
85,585,18
85,586,8
85,587,11
85,588,8
85,589,7
85,590,14
85,591,10
85,592,9
85,593,5
85,594,4
85,595,8
85,596,4
85,597,2
85,598,4
85,599,5
85,600,2
85,602,1
85,604,1
85,610,2
85,612,1
85,613,1
85,616,1
85,617,1
86,400,2
86,401,4
86,402,3
86,403,6
86,404,6
86,405,8
86,406,8
86,407,17
86,408,16
86,409,11
86,410,24
86,411,28
86,412,26
86,413,30
86,414,33
86,415,34
86,416,46
86,417,55
86,418,51
86,419,80
86,420,80
86,421,75
86,422,100
86,423,89
86,424,106
86,425,109
86,426,108
86,427,124
86,428,139
86,429,128
86,430,146
86,431,139
86,432,145
86,433,171
86,434,167
86,435,154
86,436,179
86,437,191
86,438,155
86,439,187
86,440,159
86,441,150
86,442,170
86,443,142
86,444,147
86,445,142
86,446,124
86,447,126
86,448,143
86,449,115
86,450,115
86,451,117
86,452,91
86,453,93
86,454,102
86,455,89
86,456,77
86,457,79
86,458,64
86,459,52
86,460,79
86,461,64
86,462,67
86,463,52
86,464,70
86,465,58
86,466,69
86,467,67
86,468,57
86,469,56
86,470,65
86,471,63
86,472,79
86,473,54
86,474,71
86,475,60
86,476,65
86,477,58
86,478,74
86,479,53
86,480,84
86,481,77
86,482,76
86,483,70
86,484,71
86,485,65
86,486,67
86,487,76
86,488,65
86,489,79
86,490,65
86,491,80
86,492,75
86,493,74
86,494,74
86,495,75
86,496,93
86,497,78
86,498,79
86,499,79
86,500,67
86,501,66
86,502,65
86,503,65
86,504,65
86,505,75
86,506,62
86,507,65
86,508,66
86,509,72
86,510,59
86,511,66
86,512,53
86,513,48
86,514,46
86,515,56
86,516,45
86,517,49
86,518,48
86,519,38
86,520,46
86,521,38
86,522,36
86,523,40
86,524,29
86,525,28
86,526,21
86,527,27
86,528,15
86,529,14
86,530,26
86,531,21
86,532,18
86,533,22
86,534,16
86,535,15
86,536,14
86,537,10
86,538,10
86,539,11
86,540,18
86,541,9
86,542,19
86,543,11
86,544,12
86,545,15
86,546,13
86,547,15
86,548,22
86,549,15
86,550,11
86,551,15
86,552,13
86,553,11
86,554,16
86,555,17
86,556,21
86,557,20
86,558,21
86,559,20
86,560,12
86,561,18
86,562,13
86,563,17
86,564,19
86,565,22
86,566,15
86,567,14
86,568,10
86,569,8
86,570,16
86,571,12
86,572,10
86,573,10
86,574,10
86,575,10
86,576,11
86,577,14
86,578,10
86,579,13
86,580,14
86,581,6
86,582,10
86,583,15
86,584,7
86,585,9
86,586,16
86,587,15
86,588,13
86,589,9
86,590,10
86,591,5
86,592,11
86,593,4
86,594,8
86,595,6
86,596,3
86,597,7
86,598,2
86,599,2
86,600,4
86,601,5
86,602,4
86,603,2
86,604,3
86,605,2
86,606,3
86,607,4
86,608,3
86,609,2
86,610,3
86,611,1
86,612,1
86,613,2
86,614,3
86,615,1
86,616,1
86,617,1
86,620,1
86,629,2
87,403,1
87,405,1
87,406,1
87,408,3
87,409,2
87,410,4
87,411,3
87,412,4
87,413,2
87,414,6
87,415,9
87,416,7
87,417,16
87,418,15
87,419,16
87,420,22
87,421,22
87,422,26
87,423,38
87,424,30
87,425,39
87,426,43
87,427,47
87,428,55
87,429,62
87,430,62
87,431,72
87,432,75
87,433,67
87,434,73
87,435,79
87,436,64
87,437,106
87,438,67
87,439,82
87,440,109
87,441,80
87,442,96
87,443,86
87,444,81
87,445,84
87,446,86
87,447,81
87,448,79
87,449,86
87,450,65
87,451,86
87,452,79
87,453,85
87,454,67
87,455,67
87,456,66
87,457,69
87,458,62
87,459,59
87,460,58
87,461,54
87,462,65
87,463,57
87,464,46
87,465,51
87,466,54
87,467,47
87,468,46
87,469,42
87,470,57
87,471,47
87,472,47
87,473,42
87,474,60
87,475,40
87,476,58
87,477,39
87,478,53
87,479,45
87,480,47
87,481,36
87,482,58
87,483,52
87,484,48
87,485,46
87,486,53
87,487,45
87,488,39
87,489,39
87,490,55
87,491,48
87,492,51
87,493,53
87,494,50
87,495,55
87,496,52
87,497,47
87,498,59
87,499,55
87,500,48
87,501,56
87,502,38
87,503,42
87,504,61
87,505,41
87,506,47
87,507,46
87,508,47
87,509,60
87,510,48
87,511,35
87,512,45
87,513,31
87,514,37
87,515,46
87,516,44
87,517,36
87,518,45
87,519,31
87,520,33
87,521,39
87,522,27
87,523,37
87,524,18
87,525,35
87,526,34
87,527,27
87,528,25
87,529,23
87,530,19
87,531,29
87,532,20
87,533,17
87,534,19
87,535,15
87,536,20
87,537,13
87,538,12
87,539,7
87,540,19
87,541,20
87,542,13
87,543,12
87,544,12
87,545,11
87,546,10
87,547,6
87,548,8
87,549,13
87,550,12
87,551,6
87,552,13
87,553,11
87,554,10
87,555,10
87,556,8
87,557,7
87,558,9
87,559,13
87,560,10
87,561,13
87,562,12
87,563,11
87,564,8
87,565,9
87,566,11
87,567,8
87,568,7
87,569,11
87,570,6
87,571,9
87,572,7
87,573,5
87,574,5
87,575,13
87,576,8
87,577,7
87,578,8
87,579,5
87,580,6
87,581,9
87,582,11
87,583,11
87,584,6
87,585,9
87,586,9
87,587,6
87,588,11
87,589,11
87,590,6
87,591,9
87,592,9
87,593,10
87,594,7
87,595,14
87,596,7
87,597,5
87,598,4
87,599,5
87,600,4
87,601,7
87,602,6
87,603,1
87,604,9
87,605,8
87,606,6
87,607,3
87,608,5
87,609,2
87,610,3
87,611,6
87,612,9
87,613,5
87,614,2
87,615,1
87,616,1
87,618,2
87,620,1
87,621,2
87,622,1
87,625,2
87,630,1
87,631,1
87,633,1
87,636,1
88,417,2
88,418,3
88,419,4
88,420,5
88,421,5
88,422,6
88,423,6
88,424,6
88,425,10
88,426,12
88,427,13
88,428,12
88,429,17
88,430,13
88,431,20
88,432,21
88,433,28
88,434,28
88,435,39
88,436,29
88,437,28
88,438,44
88,439,44
88,440,40
88,441,42
88,442,42
88,443,54
88,444,45
88,445,66
88,446,65
88,447,69
88,448,60
88,449,66
88,450,52
88,451,73
88,452,68
88,453,68
88,454,66
88,455,66
88,456,68
88,457,63
88,458,69
88,459,65
88,460,58
88,461,58
88,462,50
88,463,52
88,464,62
88,465,53
88,466,61
88,467,58
88,468,48
88,469,43
88,470,49
88,471,34
88,472,46
88,473,38
88,474,47
88,475,40
88,476,51
88,477,34
88,478,44
88,479,29
88,480,38
88,481,36
88,482,31
88,483,42
88,484,38
88,485,34
88,486,45
88,487,32
88,488,39
88,489,36
88,490,42
88,491,32
88,492,43
88,493,28
88,494,50
88,495,31
88,496,37
88,497,40
88,498,29
88,499,32
88,500,41
88,501,38
88,502,33
88,503,44
88,504,38
88,505,43
88,506,33
88,507,40
88,508,40
88,509,35
88,510,44
88,511,52
88,512,31
88,513,40
88,514,39
88,515,33
88,516,39
88,517,39
88,518,23
88,519,38
88,520,36
88,521,45
88,522,31
88,523,34
88,524,34
88,525,29
88,526,33
88,527,31
88,528,28
88,529,35
88,530,32
88,531,23
88,532,33
88,533,23
88,534,26
88,535,21
88,536,12
88,537,13
88,538,21
88,539,23
88,540,21
88,541,19
88,542,17
88,543,13
88,544,16
88,545,8
88,546,11
88,547,13
88,548,13
88,549,11
88,550,10
88,551,7
88,552,9
88,553,9
88,554,6
88,555,8
88,556,9
88,557,6
88,558,11
88,559,7
88,560,5
88,561,10
88,562,6
88,563,7
88,564,11
88,565,6
88,566,8
88,567,7
88,568,7
88,569,9
88,570,8
88,571,9
88,572,2
88,573,2
88,574,6
88,575,11
88,576,3
88,577,6
88,578,8
88,579,10
88,580,3
88,581,11
88,582,4
88,583,12
88,584,2
88,585,11
88,586,4
88,587,5
88,588,9
88,589,7
88,590,8
88,591,3
88,592,9
88,593,11
88,594,8
88,595,4
88,596,6
88,597,5
88,598,5
88,599,8
88,600,4
88,601,2
88,602,9
88,603,4
88,604,6
88,605,7
88,606,3
88,607,5
88,608,10
88,609,6
88,610,5
88,611,10
88,612,5
88,613,8
88,614,3
88,615,5
88,616,5
88,617,4
88,618,2
88,619,3
88,620,6
88,621,6
88,622,6
88,623,3
88,624,1
88,625,1
88,626,2
88,628,2
88,629,3
88,630,2
88,631,1
88,632,3
88,634,2
88,636,3
88,637,3
88,638,1
88,639,1
88,640,4
88,641,1
88,643,1
88,648,1
89,422,1
89,423,1
89,424,1
89,425,1
89,427,2
89,428,3
89,429,5
89,430,4
89,431,3
89,432,4
89,433,5
89,434,4
89,435,6
89,436,7
89,437,10
89,438,10
89,439,12
89,440,10
89,441,17
89,442,22
89,443,22
89,444,27
89,445,32
89,446,25
89,447,45
89,448,38
89,449,45
89,450,54
89,451,48
89,452,58
89,453,63
89,454,58
89,455,77
89,456,66
89,457,67
89,458,65
89,459,68
89,460,75
89,461,76
89,462,65
89,463,68
89,464,76
89,465,66
89,466,68
89,467,62
89,468,50
89,469,63
89,470,63
89,471,50
89,472,58
89,473,55
89,474,64
89,475,45
89,476,55
89,477,47
89,478,48
89,479,53
89,480,42
89,481,37
89,482,55
89,483,45
89,484,35
89,485,39
89,486,47
89,487,42
89,488,40
89,489,46
89,490,49
89,491,41
89,492,35
89,493,43
89,494,46
89,495,35
89,496,37
89,497,41
89,498,47
89,499,44
89,500,46
89,501,36
89,502,42
89,503,46
89,504,42
89,505,40
89,506,41
89,507,36
89,508,37
89,509,44
89,510,36
89,511,49
89,512,33
89,513,38
89,514,44
89,515,49
89,516,36
89,517,44
89,518,39
89,519,41
89,520,39
89,521,45
89,522,45
89,523,34
89,524,52
89,525,32
89,526,41
89,527,35
89,528,43
89,529,37
89,530,47
89,531,40
89,532,32
89,533,29
89,534,31
89,535,37
89,536,39
89,537,22
89,538,29
89,539,29
89,540,29
89,541,26
89,542,19
89,543,40
89,544,24
89,545,22
89,546,18
89,547,21
89,548,20
89,549,17
89,550,17
89,551,22
89,552,11
89,553,17
89,554,11
89,555,20
89,556,20
89,557,9
89,558,8
89,559,11
89,560,12
89,561,11
89,562,11
89,563,11
89,564,11
89,565,7
89,566,9
89,567,11
89,568,12
89,569,4
89,570,9
89,571,7
89,572,8
89,573,16
89,574,8
89,575,6
89,576,5
89,577,15
89,578,7
89,579,19
89,580,11
89,581,6
89,582,7
89,583,8
89,584,8
89,585,10
89,586,6
89,587,10
89,588,10
89,589,10
89,590,8
89,591,8
89,592,8
89,593,8
89,594,5
89,595,9
89,596,5
89,597,10
89,598,8
89,599,6
89,600,4
89,601,6
89,602,4
89,603,5
89,604,5
89,605,2
89,606,9
89,607,4
89,608,7
89,609,12
89,610,5
89,611,9
89,612,8
89,613,7
89,614,6
89,615,12
89,616,6
89,617,8
89,618,8
89,619,6
89,620,7
89,621,4
89,622,9
89,623,9
89,624,4
89,625,6
89,626,6
89,627,1
89,628,10
89,629,5
89,630,2
89,631,11
89,632,6
89,633,7
89,634,5
89,636,5
89,637,2
89,638,4
89,639,2
89,640,4
89,641,5
89,642,2
89,643,3
89,644,3
89,645,4
89,646,2
89,649,3
89,650,1
89,651,2
89,652,1
89,653,1
89,654,1
89,657,1
89,658,1
89,659,1
89,661,2
90,432,1
90,433,1
90,437,4
90,438,5
90,439,2
90,440,4
90,441,5
90,442,7
90,443,12
90,444,13
90,445,17
90,446,16
90,447,21
90,448,31
90,449,35
90,450,35
90,451,44
90,452,46
90,453,58
90,454,66
90,455,59
90,456,75
90,457,72
90,458,79
90,459,85
90,460,83
90,461,94
90,462,92
90,463,87
90,464,77
90,465,88
90,466,75
90,467,90
90,468,97
90,469,95
90,470,88
90,471,97
90,472,81
90,473,71
90,474,74
90,475,74
90,476,78
90,477,99
90,478,82
90,479,65
90,480,83
90,481,66
90,482,64
90,483,78
90,484,75
90,485,53
90,486,70
90,487,67
90,488,60
90,489,61
90,490,68
90,491,69
90,492,61
90,493,63
90,494,58
90,495,73
90,496,68
90,497,49
90,498,55
90,499,64
90,500,68
90,501,56
90,502,62
90,503,55
90,504,61
90,505,53
90,506,62
90,507,60
90,508,48
90,509,59
90,510,53
90,511,55
90,512,55
90,513,58
90,514,45
90,515,57
90,516,50
90,517,64
90,518,58
90,519,63
90,520,46
90,521,46
90,522,54
90,523,61
90,524,62
90,525,60
90,526,63
90,527,49
90,528,59
90,529,54
90,530,48
90,531,53
90,532,64
90,533,51
90,534,65
90,535,45
90,536,52
90,537,47
90,538,45
90,539,47
90,540,47
90,541,45
90,542,37
90,543,43
90,544,41
90,545,37
90,546,32
90,547,45
90,548,29
90,549,28
90,550,37
90,551,38
90,552,29
90,553,22
90,554,22
90,555,29
90,556,23
90,557,29
90,558,20
90,559,22
90,560,16
90,561,14
90,562,18
90,563,23
90,564,22
90,565,18
90,566,17
90,567,18
90,568,11
90,569,11
90,570,8
90,571,11
90,572,14
90,573,23
90,574,9
90,575,26
90,576,11
90,577,12
90,578,10
90,579,19
90,580,10
90,581,16
90,582,11
90,583,26
90,584,14
90,585,14
90,586,11
90,587,21
90,588,12
90,589,11
90,590,10
90,591,8
90,592,15
90,593,20
90,594,11
90,595,17
90,596,10
90,597,13
90,598,12
90,599,7
90,600,4
90,601,16
90,602,12
90,603,12
90,604,6
90,605,11
90,606,4
90,607,5
90,608,4
90,609,6
90,610,9
90,611,10
90,612,6
90,613,14
90,614,8
90,615,7
90,616,6
90,617,9
90,618,6
90,619,11
90,620,8
90,621,9
90,622,4
90,623,8
90,624,8
90,625,8
90,626,12
90,627,11
90,628,8
90,629,14
90,630,6
90,631,13
90,632,10
90,633,16
90,634,7
90,635,16
90,636,6
90,637,8
90,638,9
90,639,6
90,640,11
90,641,12
90,642,7
90,643,4
90,644,5
90,645,12
90,646,5
90,647,5
90,648,2
90,649,3
90,650,4
90,651,1
90,652,3
90,653,4
90,654,1
90,656,1
90,657,5
90,658,4
90,659,1
90,660,1
90,661,3
90,662,2
90,663,2
90,665,4
90,669,1
90,670,3
90,671,2
90,679,1
90,684,1
91,437,1
91,438,2
91,439,3
91,440,4
91,441,6
91,442,6
91,443,4
91,444,10
91,445,13
91,446,19
91,447,23
91,448,17
91,449,24
91,450,31
91,451,31
91,452,57
91,453,54
91,454,62
91,455,57
91,456,66
91,457,84
91,458,89
91,459,91
91,460,91
91,461,95
91,462,92
91,463,100
91,464,100
91,465,105
91,466,114
91,467,131
91,468,107
91,469,120
91,470,102
91,471,100
91,472,102
91,473,102
91,474,110
91,475,99
91,476,104
91,477,106
91,478,95
91,479,98
91,480,94
91,481,94
91,482,91
91,483,68
91,484,82
91,485,85
91,486,110
91,487,86
91,488,104
91,489,98
91,490,86
91,491,103
91,492,81
91,493,79
91,494,96
91,495,78
91,496,86
91,497,90
91,498,87
91,499,87
91,500,78
91,501,77
91,502,89
91,503,83
91,504,81
91,505,65
91,506,71
91,507,71
91,508,91
91,509,79
91,510,66
91,511,85
91,512,59
91,513,85
91,514,74
91,515,93
91,516,67
91,517,74
91,518,67
91,519,73
91,520,71
91,521,85
91,522,76
91,523,72
91,524,68
91,525,65
91,526,77
91,527,86
91,528,93
91,529,65
91,530,82
91,531,67
91,532,76
91,533,65
91,534,69
91,535,71
91,536,76
91,537,55
91,538,65
91,539,53
91,540,70
91,541,59
91,542,66
91,543,57
91,544,49
91,545,47
91,546,58
91,547,67
91,548,45
91,549,47
91,550,44
91,551,39
91,552,38
91,553,51
91,554,27
91,555,45
91,556,37
91,557,32
91,558,36
91,559,33
91,560,33
91,561,35
91,562,24
91,563,28
91,564,30
91,565,26
91,566,30
91,567,25
91,568,17
91,569,23
91,570,26
91,571,24
91,572,23
91,573,17
91,574,16
91,575,25
91,576,16
91,577,29
91,578,15
91,579,24
91,580,18
91,581,20
91,582,16
91,583,27
91,584,18
91,585,24
91,586,14
91,587,27
91,588,20
91,589,16
91,590,20
91,591,23
91,592,17
91,593,21
91,594,19
91,595,29
91,596,21
91,597,16
91,598,19
91,599,17
91,600,16
91,601,12
91,602,7
91,603,12
91,604,8
91,605,14
91,606,15
91,607,8
91,608,16
91,609,13
91,610,9
91,611,11
91,612,8
91,613,18
91,614,8
91,615,15
91,616,7
91,617,9
91,618,12
91,619,8
91,620,9
91,621,6
91,622,12
91,623,9
91,624,14
91,625,11
91,626,7
91,627,15
91,628,11
91,629,11
91,630,17
91,631,15
91,632,11
91,633,18
91,634,7
91,635,10
91,636,18
91,637,10
91,638,7
91,639,10
91,640,12
91,641,21
91,642,10
91,643,17
91,644,14
91,645,8
91,646,6
91,647,8
91,648,7
91,649,12
91,650,8
91,651,7
91,652,6
91,653,12
91,654,11
91,655,4
91,656,6
91,657,4
91,658,2
91,659,5
91,660,5
91,661,7
91,662,1
91,663,2
91,664,1
91,665,5
91,666,3
91,667,3
91,668,4
91,669,4
91,670,2
91,671,4
91,672,1
91,673,3
91,674,1
91,675,1
91,676,2
91,677,2
91,681,1
91,682,1
91,684,2
91,685,3
91,686,2
91,688,1
91,689,1
91,692,1
91,693,1
91,695,1
91,696,2
91,697,1
92,438,1
92,439,2
92,440,2
92,441,3
92,442,7
92,443,5
92,444,8
92,445,10
92,446,8
92,447,13
92,448,19
92,449,21
92,450,21
92,451,18
92,452,38
92,453,48
92,454,58
92,455,51
92,456,53
92,457,56
92,458,65
92,459,76
92,460,78
92,461,95
92,462,92
92,463,93
92,464,100
92,465,111
92,466,110
92,467,121
92,468,98
92,469,113
92,470,94
92,471,102
92,472,123
92,473,97
92,474,113
92,475,94
92,476,103
92,477,106
92,478,84
92,479,97
92,480,78
92,481,91
92,482,101
92,483,92
92,484,114
92,485,96
92,486,95
92,487,107
92,488,111
92,489,105
92,490,97
92,491,108
92,492,95
92,493,88
92,494,86
92,495,81
92,496,98
92,497,98
92,498,126
92,499,95
92,500,90
92,501,105
92,502,102
92,503,98
92,504,101
92,505,92
92,506,88
92,507,95
92,508,85
92,509,93
92,510,100
92,511,101
92,512,85
92,513,92
92,514,77
92,515,94
92,516,72
92,517,96
92,518,72
92,519,90
92,520,74
92,521,69
92,522,101
92,523,89
92,524,83
92,525,83
92,526,100
92,527,77
92,528,89
92,529,78
92,530,80
92,531,76
92,532,79
92,533,72
92,534,73
92,535,71
92,536,84
92,537,70
92,538,82
92,539,61
92,540,69
92,541,70
92,542,58
92,543,66
92,544,58
92,545,57
92,546,50
92,547,58
92,548,62
92,549,54
92,550,44
92,551,47
92,552,54
92,553,49
92,554,41
92,555,51
92,556,48
92,557,46
92,558,35
92,559,44
92,560,35
92,561,55
92,562,33
92,563,28
92,564,33
92,565,40
92,566,32
92,567,34
92,568,40
92,569,25
92,570,37
92,571,30
92,572,28
92,573,17
92,574,26
92,575,21
92,576,24
92,577,18
92,578,16
92,579,26
92,580,18
92,581,21
92,582,20
92,583,27
92,584,18
92,585,22
92,586,17
92,587,22
92,588,27
92,589,18
92,590,27
92,591,25
92,592,22
92,593,26
92,594,19
92,595,21
92,596,22
92,597,20
92,598,23
92,599,23
92,600,21
92,601,11
92,602,14
92,603,20
92,604,22
92,605,11
92,606,20
92,607,14
92,608,13
92,609,19
92,610,17
92,611,12
92,612,12
92,613,18
92,614,12
92,615,12
92,616,9
92,617,4
92,618,15
92,619,12
92,620,14
92,621,14
92,622,7
92,623,12
92,624,8
92,625,10
92,626,12
92,627,10
92,628,11
92,629,14
92,630,14
92,631,13
92,632,11
92,633,12
92,634,15
92,635,11
92,636,15
92,637,12
92,638,16
92,639,9
92,640,12
92,641,15
92,642,9
92,643,18
92,644,16
92,645,14
92,646,7
92,647,5
92,648,16
92,649,7
92,650,11
92,651,11
92,652,9
92,653,5
92,654,12
92,655,9
92,656,15
92,657,8
92,658,8
92,659,7
92,660,8
92,661,6
92,662,4
92,663,3
92,664,5
92,665,2
92,666,3
92,667,4
92,668,2
92,669,3
92,670,5
92,671,1
92,672,4
92,673,1
92,674,3
92,675,1
92,676,2
92,677,4
92,678,2
92,679,2
92,680,4
92,681,2
92,682,2
92,683,2
92,684,4
92,685,1
92,686,3
92,687,2
92,688,1
92,689,2
92,690,2
92,691,1
92,692,3
92,694,1
92,695,1
92,696,2
92,697,2
92,698,1
93,440,1
93,441,1
93,442,5
93,443,5
93,444,4
93,445,5
93,446,5
93,447,6
93,448,12
93,449,8
93,450,14
93,451,12
93,452,20
93,453,23
93,454,31
93,455,27
93,456,31
93,457,42
93,458,37
93,459,38
93,460,46
93,461,50
93,462,67
93,463,73
93,464,64
93,465,76
93,466,65
93,467,78
93,468,77
93,469,84
93,470,74
93,471,93
93,472,89
93,473,74
93,474,82
93,475,75
93,476,98
93,477,90
93,478,78
93,479,89
93,480,91
93,481,87
93,482,93
93,483,93
93,484,82
93,485,101
93,486,96
93,487,84
93,488,85
93,489,77
93,490,101
93,491,85
93,492,86
93,493,88
93,494,82
93,495,85
93,496,95
93,497,104
93,498,117
93,499,101
93,500,115
93,501,109
93,502,114
93,503,91
93,504,106
93,505,102
93,506,109
93,507,111
93,508,73
93,509,102
93,510,100
93,511,128
93,512,64
93,513,97
93,514,87
93,515,92
93,516,66
93,517,80
93,518,82
93,519,83
93,520,82
93,521,68
93,522,89
93,523,70
93,524,82
93,525,65
93,526,82
93,527,78
93,528,57
93,529,77
93,530,67
93,531,79
93,532,65
93,533,83
93,534,57
93,535,89
93,536,73
93,537,65
93,538,74
93,539,56
93,540,74
93,541,65
93,542,62
93,543,57
93,544,70
93,545,65
93,546,48
93,547,60
93,548,63
93,549,62
93,550,48
93,551,60
93,552,51
93,553,49
93,554,43
93,555,50
93,556,45
93,557,43
93,558,34
93,559,49
93,560,43
93,561,44
93,562,39
93,563,50
93,564,37
93,565,41
93,566,40
93,567,38
93,568,31
93,569,34
93,570,38
93,571,40
93,572,36
93,573,30
93,574,35
93,575,29
93,576,30
93,577,27
93,578,28
93,579,22
93,580,16
93,581,21
93,582,17
93,583,16
93,584,20
93,585,17
93,586,17
93,587,18
93,588,30
93,589,15
93,590,18
93,591,18
93,592,20
93,593,22
93,594,19
93,595,23
93,596,17
93,597,25
93,598,21
93,599,23
93,600,15
93,601,20
93,602,16
93,603,19
93,604,22
93,605,12
93,606,14
93,607,23
93,608,16
93,609,10
93,610,8
93,611,10
93,612,16
93,613,15
93,614,14
93,615,11
93,616,9
93,617,14
93,618,15
93,619,12
93,620,13
93,621,14
93,622,13
93,623,10
93,624,14
93,625,12
93,626,13
93,627,17
93,628,16
93,629,7
93,630,10
93,631,16
93,632,7
93,633,13
93,634,10
93,635,15
93,636,8
93,637,11
93,638,11
93,639,13
93,640,10
93,641,14
93,642,9
93,643,11
93,644,15
93,645,13
93,646,15
93,647,11
93,648,14
93,649,10
93,650,12
93,651,9
93,652,9
93,653,14
93,654,12
93,655,10
93,656,16
93,657,9
93,658,10
93,659,4
93,660,11
93,661,8
93,662,3
93,663,3
93,664,10
93,665,4
93,666,5
93,667,7
93,668,5
93,670,5
93,671,2
93,672,5
93,673,8
93,674,6
93,675,4
93,676,5
93,678,5
93,679,4
93,680,7
93,681,2
93,682,5
93,683,5
93,684,3
93,685,6
93,686,3
93,687,5
93,688,2
93,692,6
93,694,1
93,695,1
93,696,1
93,698,3
93,699,2
93,700,1
93,702,2
93,704,2
94,442,2
94,443,2
94,444,2
94,445,2
94,446,4
94,447,4
94,448,2
94,449,6
94,450,6
94,451,1
94,452,8
94,453,6
94,454,10
94,455,13
94,456,13
94,457,15
94,458,21
94,459,18
94,460,22
94,461,29
94,462,25
94,463,32
94,464,32
94,465,38
94,466,48
94,467,52
94,468,38
94,469,53
94,470,39
94,471,63
94,472,53
94,473,54
94,474,52
94,475,53
94,476,64
94,477,62
94,478,62
94,479,56
94,480,68
94,481,56
94,482,57
94,483,58
94,484,47
94,485,56
94,486,52
94,487,54
94,488,50
94,489,61
94,490,63
94,491,41
94,492,55
94,493,55
94,494,63
94,495,64
94,496,70
94,497,70
94,498,88
94,499,78
94,500,85
94,501,74
94,502,95
94,503,78
94,504,93
94,505,88
94,506,95
94,507,81
94,508,67
94,509,89
94,510,69
94,511,78
94,512,64
94,513,72
94,514,61
94,515,65
94,516,54
94,517,58
94,518,52
94,519,53
94,520,47
94,521,51
94,522,57
94,523,49
94,524,54
94,525,41
94,526,37
94,527,46
94,528,37
94,529,41
94,530,48
94,531,40
94,532,40
94,533,61
94,534,45
94,535,54
94,536,40
94,537,47
94,538,34
94,539,49
94,540,52
94,541,49
94,542,46
94,543,54
94,544,58
94,545,41
94,546,40
94,547,50
94,548,45
94,549,34
94,550,37
94,551,34
94,552,34
94,553,35
94,554,27
94,555,31
94,556,36
94,557,22
94,558,29
94,559,40
94,560,22
94,561,25
94,562,24
94,563,32
94,564,28
94,565,25
94,566,30
94,567,37
94,568,31
94,569,31
94,570,26
94,571,27
94,572,23
94,573,36
94,574,22
94,575,23
94,576,20
94,577,27
94,578,22
94,579,17
94,580,11
94,581,12
94,582,13
94,583,13
94,584,19
94,585,14
94,586,11
94,587,10
94,588,23
94,589,13
94,590,18
94,591,7
94,592,12
94,593,7
94,594,11
94,595,11
94,596,10
94,597,17
94,598,8
94,599,18
94,600,7
94,601,14
94,602,7
94,603,17
94,604,9
94,605,7
94,606,10
94,607,12
94,608,14
94,609,7
94,610,8
94,611,8
94,612,6
94,613,9
94,614,7
94,615,6
94,616,4
94,617,8
94,618,11
94,619,6
94,620,6
94,621,8
94,622,9
94,623,6
94,624,8
94,625,9
94,626,12
94,627,6
94,628,8
94,629,6
94,630,6
94,631,7
94,632,9
94,633,13
94,634,8
94,635,10
94,636,1
94,637,11
94,638,4
94,639,6
94,640,6
94,641,15
94,642,8
94,643,12
94,644,14
94,645,9
94,646,10
94,647,5
94,648,13
94,649,4
94,650,10
94,651,1
94,652,8
94,653,9
94,654,9
94,655,7
94,656,12
94,657,7
94,658,4
94,659,4
94,660,4
94,661,4
94,662,3
94,663,3
94,664,8
94,665,1
94,666,5
94,667,5
94,668,2
94,670,2
94,671,4
94,672,4
94,673,4
94,674,7
94,675,2
94,676,1
94,677,2
94,678,7
94,679,4
94,680,3
94,681,4
94,682,3
94,684,2
94,686,5
94,687,3
94,688,3
94,689,2
94,690,3
94,691,2
94,692,1
94,693,1
94,694,2
94,695,4
94,696,2
94,697,1
94,698,3
94,699,1
94,700,2
94,702,1
94,704,1
94,705,2
94,714,1
95,444,2
95,445,2
95,449,2
95,450,2
95,452,2
95,453,1
95,454,1
95,455,3
95,456,5
95,457,5
95,458,12
95,459,9
95,460,5
95,461,9
95,462,10
95,463,9
95,464,16
95,465,15
95,466,16
95,467,23
95,468,19
95,469,20
95,470,16
95,471,27
95,472,17
95,473,19
95,474,24
95,475,28
95,476,25
95,477,25
95,478,24
95,479,22
95,480,24
95,481,22
95,482,20
95,483,23
95,484,23
95,485,34
95,486,21
95,487,26
95,488,21
95,489,16
95,490,30
95,491,28
95,492,25
95,493,37
95,494,30
95,495,29
95,496,38
95,497,36
95,498,51
95,499,37
95,500,44
95,501,47
95,502,45
95,503,43
95,504,49
95,505,46
95,506,42
95,507,54
95,508,39
95,509,34
95,510,33
95,511,34
95,512,28
95,513,40
95,514,45
95,515,38
95,516,21
95,517,26
95,518,21
95,519,27
95,520,23
95,521,27
95,522,28
95,523,28
95,524,18
95,525,29
95,526,15
95,527,25
95,528,26
95,529,13
95,530,17
95,531,22
95,532,20
95,533,32
95,534,22
95,535,24
95,536,26
95,537,26
95,538,26
95,539,26
95,540,24
95,541,23
95,542,33
95,543,25
95,544,17
95,545,20
95,546,21
95,547,24
95,548,17
95,549,26
95,550,22
95,551,16
95,552,22
95,553,20
95,554,10
95,555,9
95,556,15
95,557,16
95,558,16
95,559,13
95,560,22
95,561,16
95,562,18
95,563,16
95,564,10
95,565,15
95,566,20
95,567,17
95,568,15
95,569,21
95,570,22
95,571,13
95,572,7
95,573,22
95,574,15
95,575,10
95,576,14
95,577,12
95,578,8
95,579,14
95,580,7
95,581,6
95,582,12
95,583,12
95,584,5
95,585,6
95,586,9
95,587,10
95,588,8
95,589,10
95,590,7
95,591,8
95,592,6
95,593,3
95,594,8
95,595,4
95,596,5
95,597,10
95,598,6
95,599,8
95,600,4
95,601,6
95,602,3
95,603,10
95,604,9
95,605,5
95,606,6
95,607,3
95,608,3
95,609,4
95,610,2
95,611,4
95,612,3
95,613,3
95,614,4
95,615,6
95,616,2
95,617,7
95,618,3
95,619,3
95,620,5
95,621,1
95,622,1
95,623,2
95,624,2
95,625,6
95,626,5
95,627,4
95,628,4
95,629,2
95,630,5
95,631,2
95,633,5
95,634,4
95,635,3
95,636,1
95,637,10
95,638,4
95,639,6
95,640,5
95,641,10
95,642,3
95,643,6
95,644,3
95,645,2
95,646,5
95,647,5
95,648,3
95,650,5
95,652,4
95,653,3
95,654,5
95,655,1
95,656,1
95,657,5
95,658,2
95,659,3
95,660,4
95,662,2
95,663,3
95,664,2
95,665,1
95,666,2
95,668,2
95,669,1
95,670,2
95,671,2
95,672,5
95,673,2
95,674,5
95,675,2
95,676,1
95,677,2
95,678,1
95,681,1
95,682,1
95,683,2
95,684,2
95,685,2
95,686,2
95,687,1
95,689,1
95,690,2
95,692,1
95,693,1
95,694,4
95,695,2
95,696,2
95,697,2
95,699,1
95,701,1
95,703,1
95,704,1
95,705,1
95,709,1
95,712,1
95,715,1
96,456,2
96,457,2
96,458,2
96,459,2
96,460,1
96,462,2
96,463,4
96,464,4
96,465,3
96,466,3
96,467,4
96,468,6
96,469,6
96,470,3
96,471,6
96,472,3
96,473,3
96,474,5
96,475,6
96,476,6
96,477,8
96,478,6
96,479,5
96,480,7
96,481,8
96,482,5
96,483,6
96,484,7
96,485,11
96,486,11
96,487,6
96,488,7
96,489,4
96,490,8
96,491,11
96,492,8
96,493,13
96,494,11
96,495,8
96,496,9
96,497,11
96,498,16
96,499,15
96,500,21
96,501,16
96,502,13
96,503,14
96,504,19
96,505,18
96,506,14
96,507,17
96,508,8
96,509,14
96,510,16
96,511,10
96,512,15
96,513,17
96,514,12
96,515,14
96,516,3
96,517,12
96,518,13
96,519,10
96,520,12
96,521,12
96,522,12
96,523,14
96,524,8
96,525,14
96,526,5
96,527,11
96,528,11
96,529,2
96,530,3
96,531,7
96,532,7
96,533,13
96,534,10
96,535,10
96,536,11
96,537,4
96,538,8
96,539,10
96,540,8
96,541,3
96,542,12
96,543,12
96,544,6
96,545,4
96,546,5
96,547,11
96,548,8
96,549,7
96,550,9
96,551,5
96,552,11
96,553,10
96,554,2
96,555,5
96,556,7
96,557,4
96,558,7
96,559,2
96,560,9
96,561,5
96,562,8
96,563,5
96,564,9
96,565,6
96,566,7
96,567,4
96,568,5
96,569,14
96,570,9
96,571,1
96,572,3
96,573,12
96,574,6
96,575,2
96,576,3
96,577,6
96,578,4
96,579,3
96,580,1
96,581,7
96,582,7
96,585,3
96,586,5
96,587,3
96,588,2
96,589,4
96,590,3
96,591,3
96,592,3
96,593,1
96,594,7
96,595,2
96,596,1
96,597,3
96,598,3
96,599,4
96,600,1
96,602,2
96,603,1
96,604,5
96,605,1
96,606,3
96,608,2
96,609,3
96,610,1
96,612,2
96,615,2
96,616,1
96,617,1
96,618,1
96,619,2
96,623,2
96,624,2
96,626,2
96,627,2
96,628,3
96,629,1
96,630,2
96,632,2
96,633,2
96,636,3
96,637,4
96,638,3
96,639,2
96,641,2
96,642,1
96,645,2
96,646,1
96,647,2
96,648,3
96,650,1
96,651,1
96,653,1
96,654,1
96,656,1
96,657,6
96,658,1
96,659,1
96,660,2
96,661,1
96,662,2
96,663,3
96,667,1
96,668,2
96,672,2
96,674,1
96,677,2
96,678,1
96,679,1
96,681,1
96,682,1
96,690,1
96,693,1
96,695,1
96,698,1
96,699,1
96,700,1
96,704,1
96,705,2
96,722,1
97,475,2
97,476,2
97,477,2
97,478,3
97,479,3
97,480,1
97,481,2
97,482,2
97,483,4
97,484,5
97,485,2
97,486,2
97,487,2
97,488,3
97,489,4
97,490,4
97,491,6
97,492,2
97,493,1
97,494,2
97,495,4
97,496,3
97,497,2
97,498,3
97,499,3
97,500,3
97,501,6
97,502,3
97,503,2
97,504,6
97,505,3
97,506,6
97,507,6
97,508,7
97,509,2
97,510,3
97,511,6
97,512,11
97,513,9
97,514,5
97,515,6
97,516,3
97,517,6
97,518,9
97,519,8
97,520,8
97,521,7
97,522,3
97,523,6
97,524,9
97,525,8
97,526,3
97,527,3
97,528,5
97,529,3
97,530,6
97,531,6
97,532,2
97,533,4
97,534,7
97,535,8
97,536,3
97,537,5
97,538,1
97,539,2
97,540,3
97,541,5
97,542,2
97,543,5
97,544,5
97,545,4
97,546,3
97,547,9
97,548,5
97,549,1
97,550,3
97,551,4
97,552,5
97,553,3
97,554,7
97,555,1
97,556,3
97,557,3
97,558,6
97,559,1
97,560,2
97,561,4
97,562,4
97,563,2
97,564,7
97,565,3
97,566,2
97,567,1
97,568,5
97,569,3
97,570,5
97,571,1
97,572,4
97,573,2
97,574,3
97,575,2
97,576,4
97,577,6
97,578,2
97,579,2
97,580,2
97,581,5
97,582,4
97,583,2
97,584,1
97,585,2
97,586,2
97,587,4
97,588,2
97,589,3
97,590,3
97,591,1
97,593,1
97,594,1
97,595,2
97,596,3
97,597,1
97,598,1
97,599,4
97,602,3
97,604,3
97,605,1
97,607,1
97,608,2
97,609,2
97,610,1
97,611,2
97,612,1
97,613,1
97,616,1
97,617,1
97,618,2
97,624,1
97,625,1
97,627,2
97,628,1
97,629,2
97,631,1
97,632,1
97,633,1
97,637,2
97,638,1
97,641,1
97,647,3
97,648,2
97,649,1
97,652,1
97,653,1
97,656,2
97,657,1
97,660,3
97,662,1
97,667,1
97,670,1
97,671,1
97,672,1
97,676,2
97,679,1
97,680,1
97,681,2
97,688,1
97,691,1
97,693,1
97,697,1
97,700,1
97,711,1
97,714,2
97,724,1
97,725,1
98,490,1
98,491,2
98,492,2
98,493,2
98,494,2
98,495,1
98,496,2
98,497,3
98,498,3
98,499,3
98,500,2
98,501,2
98,502,2
98,503,2
98,504,3
98,505,3
98,506,3
98,507,3
98,508,1
98,509,2
98,510,2
98,511,3
98,512,1
98,514,4
98,515,3
98,516,2
98,517,3
98,518,2
98,519,5
98,520,5
98,521,5
98,522,4
98,523,5
98,524,4
98,525,2
98,526,3
98,527,6
98,528,7
98,529,4
98,530,3
98,531,1
98,532,3
98,533,4
98,534,3
98,535,3
98,536,5
98,537,2
98,538,3
98,539,4
98,540,4
98,541,6
98,542,1
98,543,2
98,544,2
98,545,3
98,546,5
98,547,3
98,549,1
98,550,2
98,551,4
98,552,2
98,553,3
98,554,3
98,555,1
98,556,4
98,557,2
98,558,2
98,559,2
98,560,3
98,561,3
98,562,3
98,563,1
98,564,3
98,565,5
98,566,3
98,567,3
98,568,1
98,569,1
98,570,5
98,571,2
98,572,2
98,573,1
98,574,4
98,575,3
98,576,2
98,577,1
98,578,2
98,579,1
98,580,4
98,581,1
98,583,3
98,584,4
98,585,2
98,586,1
98,587,1
98,588,1
98,589,3
98,590,2
98,593,6
98,594,2
98,595,1
98,596,3
98,597,2
98,598,1
98,599,1
98,602,1
98,603,3
98,604,1
98,605,1
98,607,1
98,608,3
98,609,1
98,611,1
98,612,1
98,613,1
98,615,1
98,616,1
98,617,1
98,619,1
98,620,1
98,622,1
98,624,2
98,626,1
98,627,2
98,632,2
98,633,1
98,634,1
98,637,1
98,638,1
98,644,1
98,647,2
98,650,2
98,652,1
98,653,1
98,657,1
98,658,1
98,659,1
98,662,1
98,663,1
98,664,1
98,668,1
98,675,1
98,676,1
98,680,2
98,685,1
98,691,1
98,692,1
98,696,1
98,699,1
98,702,1
98,709,1
98,715,1
98,716,1
98,721,1
98,724,1
98,739,1
99,511,1
99,512,1
99,513,1
99,514,1
99,517,1
99,518,1
99,519,1
99,520,1
99,524,1
99,525,1
99,527,1
99,531,1
99,534,1
99,535,2
99,536,2
99,537,3
99,538,2
99,540,1
99,541,2
99,542,3
99,543,3
99,544,3
99,547,1
99,548,4
99,549,2
99,550,1
99,551,3
99,553,2
99,554,2
99,555,2
99,557,1
99,558,1
99,559,3
99,561,2
99,562,1
99,563,1
99,564,1
99,565,1
99,567,4
99,568,1
99,571,1
99,572,1
99,574,1
99,575,1
99,577,1
99,580,1
99,581,2
99,582,1
99,583,2
99,586,1
99,587,2
99,589,1
99,590,2
99,591,1
99,593,1
99,594,1
99,598,1
99,600,2
99,601,1
99,604,2
99,605,1
99,607,1
99,608,1
99,609,2
99,610,2
99,611,1
99,612,1
99,614,2
99,617,1
99,619,1
99,623,1
99,624,1
99,634,1
99,638,1
99,644,1
99,647,1
99,648,1
99,654,1
99,668,1
99,677,1
99,678,1
99,683,1
99,696,1
99,697,1
99,706,1
99,712,1
99,719,1
99,720,1
99,735,1
99,736,1
