rank,expanded,generated,sent,kept,received,dominated_before_closed,dominated_after_closed,first_expanded_timestamp,last_expanded_timestamp,first_received_timestamp,last_received_timestamp
0,292056,316440,811744,48622,823019,71786,70657,0.010412382,4.613699068,0.009941699,4.6189572949999995
1,303844,319680,841062,52229,825741,65813,77556,0.004879352,4.597002968,0.004441889,4.613782456
2,302782,318574,840648,51745,822704,66494,76847,0.011586853,4.60785522,0.011094013,4.614843893
3,300151,319266,833207,51164,827595,68926,74999,0.008032918,4.602253889,0.007599924,4.613271834
4,293269,317649,810669,49089,822359,71109,71605,0.008040471,4.609444201,0.007421945,4.616579135
5,299168,318285,827912,50854,824536,68019,75334,0.010685926,4.609525711,0.010231932,4.609516019
6,293172,317702,804241,48699,824665,70785,72022,0.004949722,4.613685228,0.004502789,4.615068655
7,291333,318095,804370,48028,826904,73477,70960,0.00937856,4.584278552,0.008901667,4.617276825
8,296166,318502,822410,49599,824323,71179,72334,0.007294899,4.608683391,0.006428763,4.608673916
9,302112,318417,834966,51381,822650,66414,76412,0.009462914,4.583423811,0.009009335,4.616913677
10,299286,318380,832093,50966,823389,67879,75399,0.010348737,4.5712091489999995,0.00988073,4.610410962
11,298228,318673,826385,50813,826091,69109,74177,0.00890478,4.57593028,0.008457981,4.617909979
12,295796,318408,819792,49738,823489,71114,71568,0.00994163,4.607227969,0.009404498,4.617918135
13,302698,318643,838145,52083,822142,66067,77169,0.01150486,4.603741045,0.011057913,4.616339363
14,287493,315107,785378,46763,821962,72419,70599,0.008192935,4.586427269,0.007725833,4.617443194
15,302138,318979,836604,51733,823236,67174,76035,0.007027972,4.58385261,0.006617715,4.616495796
16,295582,318141,824431,49412,823879,72146,71552,0.006736161,4.57792347,0.006295391,4.617211075
17,302650,319144,838627,51425,823771,66578,76065,0.009321742,4.604184445,0.008865964,4.611316047
18,299077,318802,825820,50547,823278,67930,75146,0.007763547,4.583306889,0.007246895,4.617137754
19,297898,317700,822974,50139,823617,68621,74562,0.008930921,4.575900428,0.008493839,4.617035697
20,296029,318156,822269,49803,823514,70926,72109,0.010882949,4.58276287,0.009049775,4.618135388
21,287953,317014,798590,47203,820909,74735,67697,0.013063927,4.571257646,0.011485502,4.618568369
22,298752,318428,826926,50582,821908,67878,74931,0.010643056,4.572596552,0.010156657,4.612093343
23,299415,318604,831893,51117,821851,67667,75045,0.012643901,4.597749374,0.010767135,4.607307592
24,292993,318022,813098,49469,823876,71884,71254,0.010704127,4.584060944,0.009958677,4.608075165
25,296047,318751,812294,49843,827009,69710,73896,0.008259413,4.5909441399999995,0.007591799,4.614807714
26,296634,318269,818600,49778,825008,70624,72855,0.009239148,4.595564911,0.008785778,4.608665425
27,294606,316502,807896,48899,822424,69732,73339,0.011193225,4.578625641,0.010595941,4.615983378
28,299441,319616,836370,51139,829501,70721,73255,0.007634516,4.591015696,0.007229367,4.618285968
29,302969,318350,838353,52061,822464,64481,77974,0.009139074,4.583348222,0.008678473,4.614722917
30,295988,317758,813402,49718,822824,68960,73894,0.010162815,4.576195472,0.009135358,4.61122852
31,296665,318824,823326,49859,824773,70372,72609,0.009487068,4.600036522,0.00902031,4.614200835
32,291854,317822,812728,48456,822287,72884,69974,0.009300824,4.607202719,0.008363598,4.607199822
33,302107,319107,837326,51287,824075,67216,76437,0.010911035,4.59688273,0.010419331,4.616051512
34,288617,316196,786695,46768,822875,72144,71058,0.009041442,4.583218884,0.008388643,4.607632798
35,297874,318682,823751,50423,825067,69288,74201,0.009543986,4.591213472,0.009078348,4.617135526
36,293107,318533,809712,48468,824571,72705,70676,0.006691522,4.60716892,0.006247746,4.616338987
37,292819,316732,808296,48535,823966,71650,71826,0.008618382,4.608131066,0.007894356,4.616250756
38,290921,317282,799437,47199,826995,72733,71176,0.010714789,4.59103863,0.009998467,4.61831878
39,292730,316990,802963,48585,825507,71104,72453,0.008753979,4.586910058,0.008284606,4.61435773
40,295541,318323,822608,49715,822755,70152,72375,0.009709403,4.583939503,0.009188936,4.61335097
41,299036,318084,828461,50737,824508,68132,75042,0.007358526,4.601733591,0.006942947,4.61186306
42,299230,318747,829560,50833,826865,68468,75227,0.00594817,4.617263855,0.005524045,4.617259103
43,296685,317997,822126,49720,819763,68293,73666,0.009828536,4.58308462,0.009070557,4.603296975
44,297032,318864,828367,50315,828726,72026,72291,0.009188497,4.570044177,0.008439347,4.618450696
45,305122,318484,843109,52431,823097,64505,78536,0.006096806,4.617047598,0.005680861,4.6170410870000005
46,294600,316866,810073,49335,822362,70101,73232,0.006003106,4.607838655,0.0055656,4.61873262
47,298362,317342,824966,50079,820987,68058,74802,0.008159384,4.602225525,0.007266507,4.604822772
48,292579,317489,807921,48327,823564,72295,70776,0.007071977,4.601655005,0.006604791,4.616648726
49,303669,319485,842042,51992,827033,67003,77150,0.008289993,4.583648122,0.007838531,4.606909348
50,301154,319472,837550,51268,828188,68397,75913,0.01071547,4.583404181,0.010208444,4.6135260030000005
51,300510,318118,832440,50848,822742,67117,75788,0.009371392,4.584310067,0.008910909,4.611172591
52,289453,318019,803297,47832,829579,75848,67808,0.009732783,4.583438394,0.009157719,4.617019842
53,302799,319688,838156,51424,827432,67427,76337,0.006344555,4.589781663,0.005932776,4.614524629
54,299821,317635,833170,51421,818083,66206,75925,0.009231807,4.571400414,0.008773794,4.617005662
55,300051,319253,825952,50464,827499,67796,75600,0.009801286,4.607145435,0.009160361,4.613734876
56,296854,318917,826292,50453,825193,70355,72571,0.008349619,4.583403029,0.007920934,4.612122699
57,295815,317773,811978,49499,824258,69590,73684,0.009530997,4.601528912,0.009026192,4.615825803
58,297586,318757,825444,50213,822894,69790,73392,0.008428227,4.596238555,0.007716962,4.600814997
59,294180,317252,802053,48674,822209,69630,73290,0.007681876,4.604016942,0.007222637,4.611771829
60,299277,318219,831376,51224,818719,68052,74490,0.009068646,4.601640158,0.008605658,4.610974564
61,296621,318330,814930,49775,828311,69324,74471,0.007794513,4.581089561,0.007326587,4.616554293
62,280781,315537,771722,44519,820360,77491,65120,0.009291414,4.612039631,0.008807517,4.617832258
63,299607,319155,826140,50417,826028,68637,75045,0.010393273,4.591687734,0.009684729,4.616571778
64,293856,318126,813765,48944,829417,72721,71290,0.011636734,4.606840848,0.00999957,4.615389138
65,299761,318804,823985,50715,824624,67125,75603,0.008626745,4.5826375200000005,0.007938613,4.612586502
66,295988,318316,820599,50102,825824,71106,72732,0.008888965,4.571864985,0.008450404,4.613783234
67,295805,317484,812048,49725,823986,68499,74508,0.005798046,4.592339091,0.005361131,4.616611742
68,296483,318615,828527,50368,825907,71587,72320,0.005583583,4.602399147,0.005177868,4.614641843
69,302525,318811,842731,51708,820799,66568,76225,0.009123473,4.6010849910000005,0.00865662,4.615032911
70,301317,319606,836261,51375,824151,67232,75876,0.00568521,4.608603587,0.005287831,4.608599133
71,301624,318684,841772,51562,825138,67314,75872,0.00842432,4.6170667309999995,0.007995057,4.617063249
72,295119,318295,817325,49083,825040,72072,71178,0.009658997,4.613509767,0.008322983,4.6134986080000004
73,291794,317607,808714,48057,820626,71864,70746,0.007801153,4.614559283,0.007336268,4.6145512669999995
74,298942,318360,827957,50712,825069,68639,74935,0.011122904,4.58660752,0.010167792,4.606595308
75,285896,316360,792337,46654,823273,76036,67081,0.009931019,4.583217745,0.009181345,4.604206565
76,289596,316857,801766,47604,818436,72986,68997,0.008277068,4.572493938,0.007810816,4.616214909
77,300229,319499,831905,51221,824669,68184,74992,0.008899136,4.601784457,0.008448237,4.617073401
78,293445,316913,803193,48184,823187,70281,73540,0.010227764,4.592066833,0.009656984,4.603378724
79,291420,317172,799873,48075,826529,72721,71466,0.010079495,4.59598938,0.009557217,4.617188879
80,298341,317981,832815,50722,820004,68470,74092,0.008045442,4.599080679,0.007602682,4.610383926
81,294978,317200,812769,49223,819453,68608,73192,0.010619202,4.574950615,0.010129583,4.612476944
82,303138,318879,840013,52233,824509,66010,77583,0.007756966,4.615131397,0.00733207,4.615124881
83,301689,320065,833472,50910,827088,67649,75945,0.007830724,4.571226295,0.007400805,4.604915542
84,293307,318506,811011,49503,827229,72741,71003,0.006753957,4.589238163,0.006302296,4.616817782
85,300208,319167,824327,50389,826302,67659,75938,0.008449711,4.581237726,0.007717363,4.617052589
86,298497,319299,829157,50456,827097,70224,73559,0.009782985,4.595475786,0.009286842,4.607126307
87,297817,317502,822707,50378,820996,67973,74652,0.010105082,4.6130891,0.009629592,4.613085506
88,295678,318128,822106,50096,824729,70824,72427,0.01135802,4.582153965,0.010891965,4.617579409
89,301115,318877,835693,51295,820539,66175,75777,0.010144048,4.617042959,0.009694196,4.617047131
90,301552,319268,837879,51001,824093,67669,75755,0.011305547,4.586573053,0.009435902,4.607979486
91,298288,318317,825047,50536,821501,68098,74562,0.006448946,4.598704164,0.006041295,4.613845721
92,296376,319306,823534,50164,827488,71598,72277,0.009207634,4.590911328,0.008754707,4.609654264
93,303662,319253,842007,52323,823018,65650,77421,0.008840014,4.58954082,0.008388332,4.61434657
94,302793,319394,838742,51561,823885,66234,76343,0.010334468,4.600053626,0.009865435,4.617126793
95,298939,317953,821208,50398,824266,68662,74481,0.009321587,4.617418355,0.008818456,4.6174143260000005
96,297447,318327,824814,50349,824775,69510,73903,0.010580297,4.581243236,0.010057153,4.605992116
97,298449,318939,833009,50739,825941,70244,73372,0.009935462,4.617377606,0.009450662,4.617360193
98,301692,318574,839894,51465,825011,68253,75912,0.009578268,4.6034470899999995,0.009121817,4.608470934
99,294584,317242,814699,49211,824207,70569,72859,0.009878975,4.60844581,0.009186009,4.608434013
100,298796,317467,830285,50848,820267,68059,74400,0.007007049,4.61700743,0.006586803,4.617000498
101,300226,319108,837212,51317,825468,69962,73877,0.006035926,4.606635762,0.005622719,4.617281898
102,293146,317751,809668,49253,825124,70952,72088,0.009624654,4.58905579,0.008849434,4.6135195719999995
103,297774,318384,820466,50007,825322,69254,73850,0.009050529,4.571763997,0.008535249,4.6153149639999995
104,292544,317149,804087,48126,822324,71630,71348,0.00885185,4.618230571,0.008099873,4.618217051
105,298707,318806,833209,50853,823525,69834,73481,0.011377626,4.580040652,0.010428742,4.613703295
106,300933,318881,834724,51579,824583,68057,75839,0.011032213,4.602104957,0.010099475,4.618367075
107,301528,319249,837929,51435,823137,67317,75778,0.010422497,4.607812635,0.009483454,4.614628684
108,299568,318554,831426,51046,823457,68428,75043,0.010843297,4.593135086,0.010070298,4.614943961
109,299578,319261,834934,50620,824304,69557,73410,0.008430204,4.571186632,0.00800177,4.613468898
110,295848,318180,821239,49582,825695,71203,72028,0.008504911,4.602273254,0.008045499,4.618697439
111,302036,319375,836658,51243,824945,67405,75938,0.010851043,4.60354796,0.009444534,4.612019132
112,297906,318530,826637,50428,825071,69806,73550,0.011743349,4.597777726,0.010710348,4.60611798
113,295239,317908,816440,49319,822288,70311,72134,0.007906744,4.578065395,0.007458783,4.617727866
114,297069,317676,818074,49940,825775,69392,74157,0.006622487,4.617139013,0.006193024,4.617130803
115,295235,318488,814451,48813,822590,70237,72516,0.010260464,4.586849149,0.009465817,4.616734765
116,298831,319223,832663,50364,822843,68865,73710,0.009451194,4.589352134,0.008983411,4.615254011
117,296683,317907,827655,49769,824120,71170,71845,0.009235688,4.574430898,0.008750586,4.6174183939999995
118,293674,317622,805714,48435,823223,71249,71766,0.008979802,4.616805673,0.008459103,4.616798025
119,302786,319570,841201,51664,826735,67597,76216,0.007981258,4.59532361,0.007552122,4.617724281
120,297107,317858,823625,50422,823080,69062,73751,0.011558284,4.57660346,0.009615009,4.60747334
121,301583,319108,839844,51781,821509,67560,75466,0.010423846,4.61707179,0.009943098,4.617625312
122,302312,319782,843452,51517,827109,69483,75039,0.008094093,4.617047696,0.007671622,4.617044528
123,298199,317581,820187,50200,824659,69000,74584,0.008053422,4.616043337,0.007141542,4.61603497
124,298707,316971,823485,51132,818017,66550,75365,0.009423582,4.614565268,0.008927476,4.614561993
125,298744,318894,834709,51009,826670,70733,72777,0.010192065,4.591857611,0.009693675,4.617422249
126,295865,319479,824366,49940,829657,72054,72124,0.008882337,4.613389418,0.008429468,4.61768028
127,302162,320358,838763,51543,828130,68781,75539,0.010865822,4.614414315,0.01039485,4.615340456
128,300335,318616,834422,51105,821653,67871,74440,0.008702603,4.591529302,0.008257023,4.615124934
129,296041,319040,821674,49511,825400,71411,71671,0.00851204,4.585979462,0.008025325,4.611986306
130,298034,318575,820504,50077,825608,69430,74211,0.005952918,4.603771869,0.005527046,4.6127377880000004
131,296627,318476,827735,50270,823859,69937,72854,0.00961117,4.589300305,0.00914231,4.614386904
132,290890,318095,804769,48225,824043,73914,69574,0.007526251,4.585619742,0.007043595,4.61293745
133,297624,318523,827024,50707,822884,70375,72998,0.009565539,4.583329716,0.009085804,4.611928968
134,301692,318262,839688,51435,821713,66949,75790,0.009946427,4.601326903,0.009485429,4.611827934
135,300910,319030,834789,51413,825964,68145,75447,0.009463339,4.613105126,0.009017735,4.613097848
136,288888,318209,808654,47552,824760,76462,66755,0.009762635,4.600491744,0.009304704,4.615973347
137,301258,319601,840970,51648,823682,68810,74887,0.00988831,4.601706264,0.008975884,4.617228086
138,301551,318401,836352,51530,819708,66166,76257,0.010137419,4.593378705,0.009652455,4.609515629
139,289276,316864,796125,47677,823438,72685,69681,0.007367678,4.5891439720000005,0.006935319,4.608099881
140,299254,319211,835362,50941,826208,69736,74168,0.008578453,4.60124166,0.008141679,4.617528086
141,294618,317553,814802,49371,822516,70828,71430,0.009640112,4.61536247,0.009084703,4.618600622
142,302785,318614,839395,52312,822388,65594,77109,0.011243197,4.597747533,0.010758793,4.601642098
143,293236,317891,807829,48260,823908,71101,71927,0.009824773,4.60401313,0.008848134,4.61577899
144,296923,318728,822612,49663,825282,71031,72759,0.009611961,4.599830751,0.009122458,4.616773866
145,296897,318648,824186,49883,823481,69958,72831,0.008006206,4.6155163869999996,0.007548494,4.616838906
146,296694,318743,824055,50457,824213,69761,73320,0.008463996,4.615075639,0.008026229,4.617709867
147,301732,318932,838498,51772,823272,67632,75651,0.009060133,4.5966507530000005,0.008620869,4.618082615
148,299047,318487,833459,50752,822935,68908,74406,0.009717267,4.617156814,0.009228286,4.617146598
149,300469,319786,842259,51208,826773,69831,73491,0.00937403,4.567660689,0.008901713,4.607690096
150,295537,317527,816046,49618,821573,69479,73376,0.012381388,4.587600566,0.011070907,4.61193948
151,295406,317050,811103,49396,822292,69102,73618,0.005694015,4.614544899,0.005253793,4.616510606
152,290291,318116,805826,47685,827585,75210,69499,0.011187636,4.586664585,0.00933199,4.61697591
153,290322,317163,801223,48370,821847,73176,69708,0.010193135,4.602515157,0.009644589,4.608109478
154,292478,317321,806966,48209,823545,72209,71000,0.008185014,4.60819217,0.007724216,4.6179747859999996
155,287934,315938,793612,47203,820160,73212,69144,0.009317355,4.586242127,0.008799101,4.6186627300000005
156,292439,317312,808964,48345,823813,72396,70850,0.005712606,4.607625302,0.005268086,4.615995451
157,298575,319284,831127,50760,828974,70384,73862,0.011465326,4.591158078,0.010467027,4.61819404
158,297915,318925,825660,50487,824201,68589,74135,0.004816283,4.614575587,0.004362886,4.614565307
159,294387,317268,807269,48941,821999,69382,73587,0.007469856,4.596858292,0.00703324,4.61591017
160,297119,319136,826681,50361,827338,70152,73062,0.008245161,4.583374807,0.007791247,4.615376495
161,301281,319132,837100,51511,824772,68537,74980,0.009056243,4.605633397,0.00859354,4.612334323
162,299888,318637,830514,51230,824852,68100,75593,0.018719056,4.61359879,0.00945411,4.618007395
163,296775,318132,825863,50342,824028,70387,73340,0.011662923,4.611196609,0.011172337,4.615381901
164,301663,319404,837412,51713,825694,68154,75295,0.008286018,4.593804659,0.007824176,4.616777346
165,293941,318522,817470,49378,823839,71398,71021,0.011344688,4.61245978,0.009630214,4.612453207
166,293330,318136,814386,48621,824352,72032,71320,0.008646361,4.5752013,0.007774422,4.618107231
167,298437,318570,832352,50695,826594,69640,74122,0.012120189,4.581179347,0.011651046,4.602793098
168,299223,319078,828327,50877,824336,68374,74574,0.008738816,4.617110251,0.008274648,4.617099534
169,299462,318413,837145,50874,824974,70606,73788,0.007939459,4.585509722,0.00749833,4.618386418
170,297941,317556,827254,50182,819730,67865,74668,0.007940639,4.591403296,0.00752095,4.608331589
171,295217,317905,811464,49279,825759,70902,72955,0.011570675,4.588137212,0.009582151,4.613284145
172,290941,318339,802605,47665,822576,72415,70068,0.008845954,4.615312519,0.008379378,4.615302522
173,282147,315640,787730,45258,823592,79963,63575,0.008868314,4.585004307,0.008404465,4.61847549
174,301173,318431,833727,51300,821994,67066,75669,0.010298898,4.61710275,0.009808934,4.61709717
175,298598,318357,825823,51250,820953,67967,74465,0.009840507,4.617230922,0.009361596,4.617228925
176,296679,317590,828245,50531,818989,69246,73303,0.011388914,4.600043304,0.009923255,4.607317474
177,299834,319073,837638,51116,824050,68788,73932,0.01034611,4.572588741,0.009871041,4.60902008
178,299022,319019,824658,50295,827341,68917,74580,0.011525861,4.598981055,0.010721969,4.603898323
179,297389,318234,825535,50100,824032,70113,73375,0.007710338,4.607903542,0.00728783,4.607896283
180,298023,319452,825369,50376,828532,70778,73320,0.010375789,4.567396702,0.009642031,4.599210445
181,297886,319036,831688,50302,823140,70369,72663,0.005839982,4.586774961,0.005427971,4.611205561
182,298279,318837,830697,50641,828273,69946,73940,0.010446727,4.589533159,0.009955649,4.606654644
183,294694,317090,810691,49181,822347,69831,73227,0.010831926,4.60577753,0.010277223,4.618245593
184,296728,318085,824260,50214,823302,69372,73333,0.006900633,4.601736988,0.006497588,4.6139907529999995
185,292676,317367,812135,48801,822317,71929,71071,0.008772984,4.574485491,0.008319792,4.611514417
186,295841,318463,817965,49546,825046,70312,72831,0.009938102,4.583408176,0.009185295,4.617052019
187,300066,319224,833219,51414,825226,67902,74794,0.007994886,4.587012518,0.007175082,4.605884523
188,295222,317769,813950,49638,825681,70482,72806,0.008051978,4.58285558,0.007595127,4.611333171
189,294627,318452,812951,49323,828341,72104,72083,0.011230168,4.598578378,0.01069001,4.6021181
190,294103,317782,810715,49167,825830,71854,71975,0.009677827,4.607885281,0.008980154,4.615275253
191,298720,319212,825901,50339,823952,68492,74243,0.009683478,4.618710978,0.009025024,4.618705372
192,297216,318349,824331,50546,826325,70440,73044,0.008040453,4.584437046,0.007557614,4.6108412659999995
193,294987,318020,814271,49414,826647,71057,72795,0.009204663,4.604218799,0.008654099,4.616285758
194,296243,318258,819612,49667,824882,70553,73036,0.009302765,4.615508676,0.008817197,4.615502296
195,299640,318493,833731,51279,821925,68399,74980,0.007224679,4.615259529,0.006809874,4.618446922
196,295784,318135,818026,49460,823029,70318,73152,0.008164061,4.580234821,0.007559759,4.61163178
197,300111,318477,832499,51279,825490,68625,74411,0.009977348,4.617716957,0.009527004,4.617712649
198,297897,319562,833381,50212,828391,71370,72547,0.007383502,4.605347141,0.006966566,4.617092945
199,302858,319611,839754,51697,824419,66545,76468,0.007569509,4.59764063,0.007148167,4.617339653
200,297742,318211,822400,50362,825673,69861,74072,0.011429952,4.571880774,0.009874004,4.606120939
201,299692,318515,834690,51139,823062,69101,74126,0.008919275,4.599170162,0.008476641,4.617318207
202,296786,317864,824785,50100,819709,68696,73326,0.009612037,4.583523112,0.008672344,4.618566118
203,291414,317216,796010,48049,826795,72171,71376,0.007818159,4.598704547,0.007351333,4.618208112
204,297639,318490,823451,50411,824431,69848,73243,0.00975643,4.617246014,0.009253278,4.617236922
205,301593,318576,839853,51707,821752,66847,76278,0.0137028,4.585986474,0.01227473,4.608560474
206,300251,318116,834862,51227,820549,66896,75172,0.007941416,4.579602416,0.007468586,4.6157869510000005
207,294868,317861,814027,49000,823190,70163,72720,0.011063684,4.560971489,0.008735789,4.617523618
208,298171,318200,823225,50506,824259,68815,74523,0.010271953,4.583395453,0.009709747,4.61804525
209,295835,319650,822348,49373,828433,72450,71537,0.012776479,4.61768552,0.011985956,4.617677956
210,293598,317772,813151,49146,826556,72446,71408,0.006360823,4.605219313,0.005935869,4.61478768
211,298692,318549,828641,50841,821605,67811,74549,0.0070247,4.615389737,0.006613306,4.615446937
212,297321,318338,825205,50572,824061,69994,73665,0.009810343,4.579583081,0.009162025,4.618357371
213,294239,318275,815568,49320,824403,71459,71345,0.006741061,4.599094116,0.006273679,4.618062958
214,299925,318748,836725,51313,825021,69747,73743,0.007537468,4.602279537,0.007127615,4.618546212
215,293268,317346,807639,48946,824201,71867,71554,0.013332226,4.603535924,0.012516149,4.617698908
216,297695,319114,824517,50453,826180,70570,73193,0.011124365,4.5905829780000005,0.010527322,4.616223326
217,295557,319634,824802,49940,825035,71620,72004,0.008250902,4.601557229,0.007818426,4.6155372660000005
218,296689,318692,824523,50228,824879,70218,73235,0.010467014,4.594244501,0.01002213,4.618219558
219,301248,319614,841487,51011,822930,68090,75446,0.007806804,4.616915409,0.007375894,4.616903795
220,297886,317981,822793,50567,821807,67639,74853,0.009549613,4.599704774,0.009066291,4.605479735
221,300971,319911,839093,51147,826320,69592,74603,0.007790998,4.599129203,0.007366129,4.61888073
222,299672,318408,835175,51115,820883,68684,73736,0.007687917,4.577532639,0.007234217,4.612660854
223,299379,317508,825215,51168,819823,66335,76064,0.00689197,4.611122119,0.006453847,4.614630323
224,295411,317854,820250,49836,821344,70264,72571,0.008383529,4.593754795,0.007937203,4.60763751
225,301643,319140,838950,51415,823874,67986,75210,0.008462742,4.574803128,0.008017168,4.607089449
226,295537,318573,824829,49591,824174,71639,71394,0.011061636,4.587585974,0.010554673,4.617460158
227,302919,318977,840627,51838,822732,65837,76292,0.00884065,4.611620419,0.008391955,4.611617253
228,297442,318872,823775,49888,828794,70744,73296,0.007840976,4.593059415,0.007361757,4.609966154
229,301278,319875,835493,51386,825261,68030,75118,0.007971911,4.59878267,0.007536539,4.618379429
230,291070,316747,803543,48130,821841,72551,70319,0.007211772,4.592796519,0.006665116,4.606068424
231,295812,318066,822046,49852,824357,71179,72827,0.009211327,4.571951243,0.00874326,4.60814197
232,288961,317417,798173,47795,826903,73849,69675,0.008393041,4.586297919,0.007708262,4.614309699
233,296138,317999,818158,49887,823293,69839,72552,0.007279906,4.579522164,0.006831136,4.6178113849999995
234,297057,318092,821256,49853,822619,69399,73532,0.012737021,4.581449861,0.009560105,4.614647682
235,296964,318326,820087,50107,824966,69725,73018,0.009722897,4.61703346,0.008906899,4.617025359
236,299142,318346,828555,51089,823047,68674,74481,0.008671997,4.604114855,0.007788766,4.617250221
237,298769,319512,825505,50758,828369,69473,74283,0.007891679,4.590910249,0.00740706,4.614130273
238,292757,318638,812988,48936,827114,72830,70782,0.009862882,4.592416221,0.009349511,4.618052349
239,297425,318682,824062,49991,826077,70196,73376,0.008922407,4.589822768,0.008440202,4.61105841
240,299619,318796,834193,51543,822826,68438,74576,0.00678513,4.6188318,0.006374861,4.618819953
241,292514,317859,805332,48573,823130,72679,70663,0.008273903,4.579686372,0.007820063,4.614433816
242,296506,318866,823465,50134,823646,70548,72784,0.007788071,4.598806597,0.00730837,4.615549421
243,297520,318834,818962,50083,824155,69557,73719,0.009570743,4.570130079,0.008851063,4.618074503
244,299988,319236,831515,51238,828215,69611,74459,0.009270581,4.571353339,0.008823993,4.603951917
245,298429,319295,826355,50569,826764,69315,73895,0.008710094,4.606767918,0.008184657,4.617193733
246,300196,319655,835706,50814,824257,69514,73598,0.005806441,4.617454354,0.005385934,4.618762038
247,301523,318429,840440,51680,824214,67852,75395,0.009657465,4.598711343,0.009124764,4.617886687
248,295217,318074,822055,49430,823208,71784,71371,0.008874737,4.583116041,0.008428913,4.617025244
249,300665,319054,839481,50921,820624,67685,74623,0.00942719,4.589167975,0.008977692,4.605511823
250,292861,317294,808962,48910,823592,72646,70782,0.011010771,4.571168934,0.009252787,4.61004886
251,299135,318560,824192,50876,827120,69487,74398,0.008541109,4.571214926,0.00807333,4.617892787
252,300899,318361,833913,51234,823998,68509,75134,0.010533614,4.600177228,0.010035393,4.607865041
253,302382,318574,840364,52084,824157,67271,75836,0.010566395,4.602719944,0.01006569,4.615156781
254,297568,318225,826880,50661,821898,69570,73376,0.009232077,4.604077073,0.008781856,4.606220141
255,299260,318884,832445,50646,822945,68787,74529,0.007998682,4.602832148,0.007573288,4.617727847
256,296036,318329,816965,49954,827127,70240,73223,0.012429054,4.573747766,0.011611119,4.605374546
257,298040,319020,828290,50637,824813,69362,73841,0.011187897,4.593378772,0.010694995,4.611327185
258,294181,318058,815513,49534,826093,72219,71728,0.010669008,4.605108079,0.010175643,4.618330862
259,299736,318398,830821,51459,823111,67228,75288,0.00914061,4.586610305,0.008664272,4.618266372
260,298131,318528,823890,50510,824819,69028,73845,0.008835937,4.599836767,0.007899968,4.6110756550000005
261,297229,318064,826776,50271,819491,68701,73427,0.010270799,4.582015284,0.00979017,4.606114751
262,281198,316883,780177,45091,823462,79705,63691,0.007850048,4.617189322,0.007366059,4.617181328
263,295508,317810,817217,49672,821899,69054,73275,0.007107205,4.610459857,0.006670752,4.614608588
264,297184,318035,824407,49924,824188,70106,73329,0.010245006,4.571229754,0.009712477,4.6058470929999995
265,297851,318239,832334,51084,824842,70050,73911,0.008702563,4.601641252,0.008244141,4.607546627
266,293525,317859,812297,48806,822165,71271,71490,0.008325941,4.606744905,0.007865268,4.6118552269999995
267,293692,317460,806138,48611,823070,71053,72374,0.009322531,4.583176953,0.00879515,4.614643095
268,301365,317393,835484,51753,819195,64935,76792,0.00748712,4.580517783,0.007066043,4.612748064
269,299113,319260,828580,50834,826579,69247,74124,0.009578385,4.5797869129999995,0.008946917,4.612213467
270,300018,319328,837461,50504,827569,69977,74166,0.009575173,4.607736002,0.009135309,4.609881316
271,297847,320135,823940,50219,829020,69735,73775,0.023545228,4.58213078,0.012653926,4.61832184
272,299625,318216,831814,51044,823815,68164,75017,0.008801537,4.607952023,0.008359212,4.615920905
273,289108,317563,806013,47544,825395,76331,67816,0.010401654,4.599803745,0.009845174,4.607590023
274,300878,319226,836398,51423,824672,68512,75036,0.007976292,4.602843363,0.007531851,4.614558292
275,302220,318428,832204,51819,820383,65019,77099,0.010134194,4.585017074,0.00966852,4.606408763
276,297308,318615,821995,50347,826241,70526,73064,0.005677402,4.605640625,0.005158518,4.617709782
277,297326,318097,822307,49598,824284,70344,73317,0.006875542,4.607606667,0.006423863,4.617124562
278,297954,318754,829869,50266,824305,70242,73332,0.01128228,4.576227721,0.009899166,4.6168473819999996
279,297669,318731,827068,50220,824593,69461,73995,0.009153657,4.613546541,0.008690367,4.616583299
280,293193,317239,805945,48339,823228,71928,71829,0.010490412,4.608629404,0.009739793,4.61739311
281,298930,319336,829829,50560,825076,69276,74333,0.009281509,4.584990562,0.008802044,4.617098939
282,298823,318104,832616,51140,823746,69741,73746,0.008811658,4.614668928,0.008375593,4.614667575
283,300295,318896,833332,50950,823257,67517,74978,0.008724153,4.615311593,0.008280138,4.616536555
284,298411,319009,830383,50827,822779,69108,73795,0.011490488,4.611276398,0.010031377,4.617678537
285,292826,317499,813559,48667,823206,72334,70996,0.00934111,4.589342599,0.008647143,4.597499027
286,294455,317904,811634,49213,826559,71372,71997,0.009058049,4.592027253,0.008595008,4.604124391
287,285531,316419,793548,46178,822803,76115,66814,0.011208445,4.61508187,0.010685087,4.615072213
288,303295,319483,843674,52017,821653,65902,76758,0.00798176,4.59136346,0.007512799,4.613399492
289,303588,319105,840968,51955,826219,66063,77429,0.013355581,4.603629997,0.011413165,4.618057224
290,295334,318689,811121,49531,826990,71227,73037,0.007161151,4.6154699279999996,0.00671765,4.618242332
291,301499,319287,833359,51474,823851,67577,75721,0.008006811,4.618711145,0.007543235,4.618707038
292,294112,318430,812559,48488,827065,72712,71418,0.009083768,4.595236176,0.008587577,4.61708212
293,300738,318118,829441,51291,822675,65964,76968,0.009791874,4.583487811,0.009246583,4.605065315
294,299410,318828,836499,50913,822476,68978,73791,0.00788934,4.596765099,0.007452814,4.614630747
295,299220,319104,827972,51306,827847,68938,75137,0.008090026,4.613755834,0.007622844,4.614109985
296,297772,318803,821175,49929,826855,70249,73695,0.006992763,4.589512546,0.006511634,4.618476952
297,295002,316809,812417,48958,818743,67587,74231,0.01342417,4.617192088,0.012546971,4.617189847
298,298744,319202,834317,50721,827888,70938,73484,0.011622625,4.596717456,0.0097276,4.61829138
299,299217,319152,827631,50903,827636,69126,75083,0.012516761,4.6066615859999995,0.01201663,4.612750832
300,297728,319385,823329,50180,829660,70240,73658,0.011490512,4.583574131,0.010683925,4.618006454
301,303535,320308,841897,52621,828924,66835,77363,0.009284242,4.617259376,0.008786637,4.617365844
302,293418,317391,809828,48749,822419,70357,71600,0.007596391,4.618208571,0.00714994,4.6181956920000005
303,299399,317961,832398,50934,822304,68091,75120,0.008064461,4.604260749,0.007601988,4.604251012
304,295833,318550,819775,49744,826043,70517,73380,0.008512082,4.586439639,0.007567298,4.614318166
305,298451,318200,827152,50686,824047,69147,74327,0.008125256,4.617252109,0.007686341,4.617243198
306,299389,319157,832211,50994,825839,69282,74482,0.009767834,4.604183309,0.009321769,4.61646954
307,296171,317808,821397,50036,821537,69387,73518,0.007847001,4.597677437,0.007403613,4.610164027
308,298341,318728,828970,50917,824316,69037,73850,0.006833075,4.608116702,0.006415346,4.617096312
309,304107,319210,835718,52446,827786,65518,78417,0.006255805,4.571285734,0.005839273,4.617807131
310,293359,318561,816260,49296,827412,72280,71226,0.008717933,4.573961495,0.008092437,4.6085770969999995
311,300321,318751,831835,50573,822872,67367,75245,0.008784226,4.591784916,0.00831813,4.616935306
312,298806,317677,825185,50602,822553,68043,75077,0.012375473,4.579207452,0.008396932,4.602387624
313,298697,317503,824569,50246,821313,66948,75618,0.008868081,4.571781941,0.008070184,4.614016898
314,298850,318600,828334,50386,824749,69462,74323,0.011285658,4.587191811,0.010808176,4.610380753
315,301487,318831,834441,51444,825392,67638,75740,0.008285853,4.601660458,0.007801513,4.603613751
316,298114,318049,826336,50332,821883,67544,74276,0.008187255,4.596933398,0.007678917,4.614446238
317,300336,318294,823270,51573,822748,65513,77082,0.008419744,4.59312557,0.007885141,4.616346826
318,301102,319132,836157,51184,826176,69036,75158,0.009951334,4.591060981,0.009502299,4.615463083
319,298954,319361,830873,50745,824933,68943,74599,0.007153736,4.601322522,0.006731284,4.615933427
320,299371,318871,832660,50917,825858,69027,74880,0.010632966,4.615502503,0.009726792,4.61549115
321,300457,317614,832119,51781,822255,65941,76699,0.008707389,4.60428964,0.008155238,4.618053547
322,296238,317714,821365,49786,821912,69915,73097,0.007478153,4.593169635,0.007034514,4.615562391
323,299604,318915,829612,50600,823462,68242,75038,0.007848829,4.617405208,0.007404499,4.618715185
324,301561,318708,834795,51079,822198,66716,75645,0.010302392,4.593096349,0.009380266,4.610406171
325,303303,319668,834274,51646,824656,65712,77606,0.011506631,4.576259246,0.010717041,4.607598922
326,292313,316809,806821,48307,823466,71455,71125,0.006856584,4.593926814,0.006418635,4.616875471
327,299920,317769,831257,50924,821896,66925,75243,0.008136025,4.582652329,0.007667951,4.605549695
328,302060,319514,840371,52017,824282,67611,75634,0.00754969,4.597940626,0.007109454,4.618319343
329,299507,318251,821988,50333,823336,67461,75451,0.009600241,4.580180235,0.008071813,4.615586039
330,295347,318706,816748,49886,825007,70656,72633,0.008686903,4.58061296,0.008203931,4.618050393
331,298119,318564,820713,50098,823992,68653,74440,0.009311143,4.606724216,0.008290455,4.607733136
332,299249,318240,831641,50688,821180,67389,74858,0.010053725,4.583264975,0.009596234,4.618196151
333,301583,319467,835609,51405,825718,67367,75922,0.01033485,4.606110243,0.009887339,4.617744067
334,301278,319624,837261,51378,825804,69232,74720,0.00981187,4.585908255,0.009352376,4.602923777
335,297202,318231,818941,50136,828350,70142,74094,0.012508334,4.587251597,0.010427028,4.617526788
336,300055,319661,831774,51255,826928,68607,75089,0.008850369,4.607011535,0.008391281,4.607005989
337,301379,318778,834009,51846,823633,67297,76407,0.008823594,4.607511636,0.008295234,4.6075073589999995
338,299058,318483,826040,50790,824847,68629,74648,0.009583355,4.564780947,0.008216563,4.617624617
339,297933,318065,822862,50526,821984,68009,74535,0.011292957,4.613055678,0.010760493,4.614461352
340,296422,318087,816625,49860,825422,69484,74071,0.010533645,4.616915806,0.010013377,4.6169059919999995
341,296787,317764,816186,49573,822593,67523,75070,0.008278007,4.591209558,0.007775614,4.617394746
342,280092,316439,782670,44273,823807,80689,62287,0.006854275,4.617710132,0.006402217,4.617704745
343,293472,317686,818090,49048,823971,72099,71376,0.0066648,4.569893446,0.00625505,4.617020007
344,292567,317692,814420,48752,824721,72455,70909,0.008876245,4.602823049,0.00839237,4.603494241
345,292632,318569,815922,49030,824442,71747,71090,0.008097343,4.569143758,0.007642834,4.618121412
346,292943,318462,809122,48644,827793,73392,70297,0.010821449,4.572200852,0.010293224,4.614140215
347,297619,318228,821301,50015,822443,68492,73854,0.009013219,4.601670619,0.008520604,4.615173879
348,301903,319312,840467,52053,823798,66823,75769,0.007473263,4.589162802,0.006997038,4.614628777
349,300795,319251,830595,51211,826234,66952,76895,0.008785945,4.584390581,0.008255147,4.616559755
350,300719,319233,839662,51286,824758,68678,74732,0.007510116,4.589687614,0.007089962,4.609795792
351,294006,317315,807070,48756,822946,70067,72802,0.008570056,4.56338816,0.007820281,4.614994717
352,291183,316564,800390,47839,822648,72354,71366,0.010246265,4.558730872,0.009740801,4.613336686
353,295158,317018,812091,48849,820537,69255,73381,0.009043038,4.581858039,0.008241231,4.616338288
354,297357,317627,827858,50410,820202,68677,73975,0.012421975,4.618642758,0.010035905,4.618632624
355,299238,318859,827470,50905,823897,67795,75181,0.009051203,4.582084059,0.008572495,4.608059568
356,302047,318964,840688,51601,825383,67713,75619,0.00984334,4.5830235550000005,0.00907921,4.605352637
357,289218,317965,806223,47347,824437,75371,67872,0.008089956,4.61695121,0.007620522,4.616947574
358,295374,317940,819709,49312,823934,71163,72121,0.012199522,4.606385298,0.009329867,4.613954831
359,300888,318991,835300,51488,822072,66749,75565,0.010131418,4.56812347,0.009683689,4.616477063
360,299981,318524,829203,50947,822442,66292,76352,0.011854237,4.602893454,0.011405124,4.613166112
361,303065,318996,836685,51998,825377,66159,77526,0.006595525,4.59754581,0.006182744,4.61521459
362,294809,316766,809120,49114,821780,69651,73449,0.00872359,4.614306729,0.008265334,4.614299026
363,295586,317666,816194,49501,827573,70922,73033,0.012286974,4.596683084,0.0107378,4.607102708
364,301632,318757,832663,51576,824518,67273,76114,0.011075581,4.61711221,0.009251577,4.618022668
365,298740,318591,826614,50562,820892,67373,75021,0.016085608,4.603434965,0.011139445,4.615834126
366,299709,318899,834694,50798,825994,69302,74214,0.007947532,4.606715727,0.007509013,4.61412047
367,298790,318161,825143,50940,823196,68068,74630,0.009145865,4.576138051,0.00757809,4.601065199
368,293224,317943,807395,48782,825961,72166,71760,0.008834776,4.613390948,0.00788872,4.613382089
369,301453,318894,829651,51382,826892,66929,77139,0.007922915,4.618848905,0.007469814,4.618840001
370,300022,318636,837571,50968,823269,68932,74525,0.008392048,4.5847345520000005,0.007946251,4.607615076
371,296847,317956,818759,49773,820813,68308,74527,0.007099081,4.602570311,0.006653157,4.617226917
372,301943,319513,835863,51170,824263,67503,75708,0.007285909,4.605712675,0.006852549,4.613020749
373,304241,319349,839052,52248,824314,64885,78167,0.009964916,4.602138051,0.00951693,4.614638887
374,293224,317630,811010,49005,821888,71025,71794,0.00577331,4.601599874,0.005249265,4.6114453090000005
375,302507,319468,837683,52040,826649,67456,76591,0.008957308,4.593645873,0.008490968,4.616881961
376,299801,318217,828465,51238,822713,67243,76158,0.009033804,4.608449983,0.008521145,4.616967821
377,304097,318991,840114,52052,821715,64218,78345,0.008525758,4.601362659,0.00802373,4.616079847
378,299219,319545,832723,50535,827408,69583,73922,0.005852074,4.571065966,0.005410101,4.604013514
379,295318,317947,814261,49460,826590,70554,73287,0.008133882,4.601045358,0.007537383,4.617712493
380,298174,318732,827169,50527,825017,69441,74495,0.008030584,4.589537376,0.007598995,4.616006077
381,295211,317437,819840,49998,822591,70522,72437,0.010553156,4.60472111,0.010109048,4.617656077
382,299058,318759,834168,51104,824089,70012,73518,0.008975064,4.602450871,0.008517319,4.616351868
383,300710,318023,838222,51272,821630,67631,75232,0.007654943,4.570044696,0.007225824,4.6140500620000005
384,294434,317804,812166,49356,824622,70824,72503,0.006964963,4.598925562,0.006449077,4.614074131
385,296804,317212,822876,49915,821162,68879,73712,0.011629938,4.582309063,0.009794261,4.618307195
386,291259,317371,799575,48253,826070,72418,71447,0.010904096,4.586792071,0.010392792,4.616690661
387,299877,319270,832492,50982,824737,68854,74354,0.010615813,4.595364616,0.008717949,4.615978853
388,296768,317581,815794,49295,821700,68557,74025,0.010804849,4.58382998,0.00780611,4.616537383
389,296573,317323,812366,49343,821103,68700,74418,0.009544777,4.606885955,0.008983565,4.618460948
390,292009,317387,801935,48068,825304,71723,71534,0.006928461,4.583401354,0.006488181,4.618237848
391,298232,318094,828983,50735,823381,68998,74182,0.008655197,4.609453939,0.007713792,4.611918673
392,294133,317820,807421,48948,824135,70780,72445,0.006863485,4.5943036280000005,0.006401148,4.6164748
393,302774,319542,840082,51771,825125,67081,76271,0.01063455,4.5986641,0.010125896,4.613600706
394,300212,319203,837657,51221,823342,68464,74283,0.008049085,4.618931037,0.007621629,4.618926074
395,298503,318034,825145,50435,823823,68433,74480,0.008294385,4.571118385,0.007820554,4.606538516
396,299492,318512,831254,50820,821793,67212,75071,0.009195907,4.585072127,0.008578818,4.613570657
397,302786,319019,840049,51743,824274,66647,76554,0.009465191,4.571786015,0.008927248,4.615576529
398,294134,317564,810571,49270,823845,69986,72585,0.008915521,4.616987654,0.008439495,4.616974856
399,297332,318221,824755,50475,825430,70294,73283,0.009034814,4.56820993,0.008532269,4.607047946
400,297594,318376,821404,49428,822683,68567,73985,0.008986834,4.582187759,0.00795656,4.61778503
401,298818,318070,826117,50581,822607,67776,74783,0.008071414,4.585103772,0.007595932,4.609870734
402,302531,319296,840942,51971,826633,68093,75887,0.010002304,4.618028149,0.009509485,4.618016319
403,296497,318640,822826,49825,823797,70492,72549,0.008082552,4.605384108,0.007624157,4.613250787
404,294788,317745,816248,49130,824092,70696,72560,0.005647675,4.607858106,0.00506155,4.614976327
405,296902,318295,819116,49809,826147,69604,74068,0.011446415,4.61342641,0.010678646,4.613413338
406,298601,318685,829171,50841,829061,70589,74019,0.009576042,4.574741861,0.009113859,4.606611422
407,300759,318906,833416,51190,823131,67551,75432,0.006984514,4.616428054,0.006582634,4.616424883
408,297138,318112,824164,50435,824650,69551,74044,0.006640769,4.59422292,0.006179494,4.610037949
409,300051,318721,827755,50984,823497,67414,75656,0.009434602,4.584265168,0.008832461,4.605440551
410,297590,318413,830047,50490,823154,69777,73474,0.005690164,4.607666503,0.005266204,4.61011183
411,293325,317875,808547,48675,826189,71414,71601,0.009867359,4.60221214,0.007996887,4.604419332
412,294330,318456,811126,48315,824918,70886,71787,0.011751316,4.582129438,0.008208235,4.61737049
413,302526,319320,841112,51815,822495,66630,76094,0.009274761,4.58221028,0.00873719,4.614993017
414,297676,318452,831509,50351,824603,69948,73438,0.008550612,4.585445661,0.008114805,4.618213141
415,295115,317632,812835,49046,824845,70354,72978,0.008845818,4.576163782,0.007994421,4.6159218
416,302568,318682,837921,51369,822625,65835,77189,0.014264365,4.595301382,0.013204433,4.6180577
417,301756,319412,838956,51532,824873,67453,76011,0.009372614,4.617448965,0.008798359,4.6187467909999995
418,297687,318433,824160,50845,823560,68764,74299,0.007878987,4.583166915,0.007405639,4.611983418
419,303088,319215,838281,52045,826113,66599,76674,0.00563934,4.577842352,0.005163754,4.609356651
420,296828,318600,818970,49818,826467,69398,74419,0.00880569,4.586513393,0.007499487,4.611925257
421,301992,319202,837693,51799,825642,67614,75813,0.006813306,4.600005204,0.006400205,4.615396911
422,298908,319323,832277,51219,829562,70920,73335,0.008174238,4.601617429,0.007739706,4.608115902
423,291301,316983,802915,48120,825696,72152,71315,0.009025505,4.5619501719999995,0.007535007,4.6164927030000005
424,301965,319038,839889,51910,822398,66779,75916,0.010295385,4.586621764,0.008311857,4.612827681
425,294910,316989,813335,48837,819771,68281,73843,0.010817254,4.6041138969999995,0.009499193,4.6041119219999995
426,296300,319033,824668,49777,825991,71390,72367,0.008131683,4.557940895,0.007689771,4.617313307
427,300878,319122,836296,51375,826062,67718,75150,0.009949542,4.595107313,0.009451458,4.61543406
428,299760,318670,832543,51396,822898,68975,74550,0.012685489,4.597789348,0.010294753,4.612238848
429,298897,318225,827198,50578,822577,67149,75261,0.005911722,4.617192183,0.005449076,4.617178977
430,294965,317657,815011,49468,827399,71180,72716,0.010798165,4.5909517399999995,0.009260093,4.608095135
431,300555,318301,834306,51130,819558,67387,75046,0.011138563,4.59410431,0.01013238,4.616887492
432,297515,318095,824326,50200,824978,69728,73381,0.007846857,4.589008176,0.007303798,4.616851372
433,302620,319144,840706,51947,825483,66791,76033,0.009425029,4.582734595,0.00888588,4.612183729
434,290741,318413,809882,47924,827446,75136,68938,0.007769536,4.589092304,0.007342084,4.618063633
435,299640,318735,831151,50877,824148,68904,74650,0.008317104,4.5950559989999995,0.007832489,4.617551125
436,300990,318978,836528,51554,825560,68183,75538,0.009623769,4.583276339,0.008606813,4.617547561
437,300291,319586,834048,51073,825803,69105,74945,0.01005872,4.586682161,0.008573314,4.6033151
438,298039,318812,825067,50889,822863,68994,74060,0.008840459,4.6084872820000005,0.008251435,4.614410661
439,298981,320173,834756,51045,828860,70415,73902,0.007390171,4.61534082,0.00695531,4.615334912
440,298985,318468,824463,50410,825309,68645,75190,0.011236444,4.589225066,0.010480313,4.618478194
441,301994,318538,836141,52178,822464,66496,75989,0.008768602,4.574165187,0.00832289,4.613759252
442,300504,318592,836676,51068,822899,68473,74647,0.01056023,4.588710649,0.010083386,4.615838683
443,292504,317885,807822,48606,823429,71832,71306,0.014149226,4.615387018,0.008902926,4.615381012
444,295599,318208,810854,49332,825359,70081,73464,0.006085289,4.604101713,0.005617006,4.6188687250000005
445,302542,319117,838402,51897,826168,67019,76814,0.01011988,4.594053739,0.008608177,4.616218984
446,293956,317790,809439,49134,826002,71648,72077,0.006358979,4.604242742,0.005927256,4.618450259
447,299101,319309,827174,50940,828995,69880,74449,0.017227827,4.59586705,0.010110362,4.613853966
448,299122,318342,823447,50634,826877,69001,74551,0.008646724,4.589569708,0.008010851,4.606967346
449,303161,319634,837555,51257,826482,66192,77154,0.009177273,4.599114221,0.008671276,4.614497269
450,298405,318361,832090,50762,824143,69701,73784,0.009527252,4.617235647,0.009066078,4.617245481
451,292625,318037,808912,48267,828977,73586,70843,0.008257207,4.557944106,0.007699781,4.616759627
452,300011,319393,833948,51003,824224,67868,75284,0.008263715,4.571747641,0.007685452,4.60678525
453,302540,318821,837699,52369,823645,66015,77202,0.008836287,4.604329246,0.008392253,4.618541682
454,300710,319082,836545,51236,826138,69478,74221,0.009188492,4.586390692,0.008739117,4.6162116399999995
455,301255,318355,833142,51234,820717,66918,75811,0.00748175,4.598304916,0.007044884,4.607381482
456,293553,317987,810924,48465,826726,72313,71765,0.016401615,4.617219844,0.009198361,4.6172095429999995
457,297832,318706,824285,50406,825986,69908,74310,0.007285752,4.608206294,0.006839544,4.615306959
458,296604,318150,822540,49827,825023,70441,72864,0.015689153,4.574621905,0.013171999,4.611718342
459,299470,319012,830586,50998,822791,68596,74705,0.00689646,4.583181117,0.006471924,4.615137929
460,295366,318032,814456,49365,823307,69260,73618,0.007931322,4.617192391,0.007392489,4.617189616
461,301419,317949,830323,51712,819360,65241,77172,0.008431156,4.597012341,0.007403977,4.617669389
462,293627,317659,810541,49156,823822,70965,72094,0.009987364,4.618225992,0.009373361,4.618213131
463,294815,317341,812321,49111,824727,70206,73030,0.009022348,4.591180599,0.008122879,4.6161356829999995
464,301438,318627,835735,51105,822330,67688,75635,0.007686249,4.58625881,0.007199111,4.60836912
465,290311,317274,802889,47620,823352,73997,69582,0.009112202,4.6069434099999995,0.008590906,4.616560467
466,291952,318330,806327,48241,827373,73521,70732,0.013053465,4.607080413,0.012549101,4.6070738989999995
467,298962,318561,824516,50597,824239,68624,74710,0.018519009,4.607912215,0.009002481,4.618367984
468,301756,319022,833060,51851,824360,67388,76565,0.009795451,4.583959108,0.009032694,4.610428769
469,303734,318334,837596,52281,820297,63521,78328,0.005632005,4.571285276,0.005222129,4.616614221
470,289435,317563,802433,48165,826351,74838,68792,0.01074221,4.583309226,0.010260912,4.589197806
471,286745,316798,792921,46858,824444,75679,67649,0.008272883,4.5966280600000005,0.007238478,4.610929331
472,302187,319099,840915,51138,820987,66533,76052,0.006708197,4.582034227,0.006245246,4.606291768
473,304182,318362,839062,52350,819190,63573,78290,0.007919262,4.58952752,0.00749429,4.617568493
474,300196,319324,833628,51070,826389,69863,74143,0.009938377,4.576767813,0.009445977,4.606115932
475,299129,317943,831098,51104,822624,67918,74946,0.007654781,4.607886798,0.007240904,4.617404965
476,295472,317952,819055,49483,823470,70200,72849,0.008347159,4.5997901599999995,0.007727411,4.603960018
477,299842,318264,830795,51181,823589,67525,75661,0.010966494,4.599151866,0.010443657,4.615618946
478,293514,317452,808300,48638,826169,71951,72082,0.005719132,4.605181793,0.005284219,4.605171478
479,289832,315833,795856,48225,823044,72360,70749,0.008507215,4.583126881,0.007189237,4.618259078
480,291897,317600,809170,48299,826820,73833,69772,0.011958624,4.579174479,0.011166735,4.61409234
481,299657,318220,822844,50973,824312,67556,75895,0.010974965,4.58254082,0.009563987,4.6123892
482,300612,318850,832722,51402,823413,68734,74989,0.008480891,4.5796542129999995,0.008027654,4.618043492
483,297482,319103,827773,50208,823950,69336,73062,0.007600657,4.588962145,0.007158653,4.614008321
484,294471,319063,815821,49567,826376,72006,71309,0.010375425,4.6175020700000005,0.009586734,4.6188026650000005
485,300918,318531,828682,51030,825153,66943,76468,0.008453062,4.603443024,0.00799163,4.615053519
486,297068,318499,824893,50250,822038,69661,73213,0.007822644,4.600845775,0.007145398,4.606096734
487,295891,318205,822266,49447,822469,70307,72631,0.006627074,4.604823605,0.0061795,4.611557343
488,297053,319049,829139,50117,825036,70984,72257,0.007853883,4.609386551,0.00741274,4.615883395
489,294440,317712,810073,48971,824395,70361,73136,0.00455452,4.5999576,0.004124767,4.61774212
490,296441,317490,820422,49743,821539,69289,72921,0.007240793,4.608550569,0.006592761,4.615041404
491,293312,317554,815019,48771,818189,71078,70817,0.008637567,4.608342465,0.008141903,4.615849166
492,298683,318521,829640,51072,823706,69494,74064,0.011824583,4.598555799,0.011296877,4.616648784
493,301697,318679,833989,51747,823301,66850,76235,0.008595714,4.565346777,0.008155158,4.617502695
494,299588,319686,840528,50467,826503,70472,73486,0.008119372,4.6067584969999995,0.007670369,4.618307662
495,298602,318522,828965,50578,823094,69019,73673,0.010237347,4.6053629350000005,0.009767752,4.617647368
496,293320,317576,810733,48842,820647,71444,70789,0.012428316,4.539875803,0.009632648,4.616228916
497,298022,318176,829134,50719,824447,69753,73809,0.009802066,4.589085687,0.007645312,4.6142363589999995
498,294197,317709,814398,48922,821214,70911,71563,0.005736682,4.59107889,0.005304794,4.607100063
499,300139,320088,832925,50644,828947,69536,74277,0.007544069,4.591905232,0.00712459,4.6085999399999995
500,293937,317193,816384,49245,820358,71120,71107,0.011790453,4.60095652,0.009635182,4.613239615
501,301667,318955,835301,51131,824539,66892,75974,0.011426494,4.616931765,0.009823247,4.616935874
502,294879,318402,816724,49644,824611,71421,71889,0.006479335,4.593021898,0.006033094,4.607551529
503,298933,318159,831356,50721,820420,68069,74012,0.010605381,4.598979863,0.010148805,4.611180256
504,296943,319328,829122,50483,825322,70988,71924,0.010756923,4.571078922,0.010247644,4.618487035
505,303351,319907,841341,52216,826528,66525,76792,0.009641728,4.5677374969999995,0.009135197,4.615853828
506,294778,317320,818949,49241,821842,70686,71999,0.006795897,4.604943999,0.006305603,4.615459245
507,298933,319478,831341,50703,825841,69479,74184,0.009141831,4.603939819,0.008689557,4.608706647
508,296540,318416,826955,49973,826846,71429,72124,0.007295767,4.593398376,0.006372183,4.617348589
509,294008,316686,810808,49477,821419,69243,73275,0.008835936,4.5995326819999995,0.008141965,4.602421757
510,298623,318327,833038,50615,824872,69543,73793,0.008955307,4.583219828,0.008515315,4.616776596
511,296856,318521,818657,50020,825983,69447,73519,0.00818188,4.592677071,0.00770502,4.614058135
512,293395,317028,812886,49111,822114,71241,71970,0.011199069,4.591182648,0.010646591,4.607369061
513,295778,317745,814468,49654,824890,69218,74073,0.011853584,4.602461204,0.008840899,4.616138892
514,296064,318060,821931,49853,822031,70395,72279,0.007109105,4.60131827,0.00667116,4.6145452129999995
515,294848,319359,813651,49557,830799,71981,72197,0.009142439,4.597489538,0.008545932,4.615904757
516,299969,318641,833273,50596,822392,68872,74188,0.008059244,4.602489665,0.007625848,4.614399788
517,301104,317943,837374,50922,820865,66856,75720,0.007999958,4.562245601,0.007566285,4.610392798
518,298107,318502,825587,50857,827485,70336,73983,0.0109142,4.597921539,0.010403327,4.61813595
519,300262,318956,836432,51201,822819,68207,74601,0.005971517,4.58932741,0.005574953,4.611317405
520,294894,317857,815573,49437,823050,71325,71996,0.007408636,4.613293807,0.006918496,4.613287255
521,295338,318493,818142,49772,823483,69934,73078,0.010475298,4.601321285,0.008851732,4.601617563
522,295111,318067,817447,49702,825506,70837,71801,0.007618648,4.574921118,0.007027853,4.610636123
523,299572,318461,831413,51081,825424,68933,74637,0.010881675,4.586752834,0.010415388,4.606736866
524,290222,317913,802567,47604,828594,75861,68453,0.006895909,4.60626802,0.006434038,4.606258991
525,298952,318263,825478,50781,824725,67982,75215,0.009272893,4.572679582,0.008765124,4.616988709
526,297347,318754,823360,50132,825064,69929,73052,0.00924542,4.61887813,0.008758238,4.618872468
527,293362,317422,812939,48557,821224,71888,70659,0.01173874,4.585432735,0.010882126,4.603811203
528,297045,318088,826367,50707,824199,70294,73026,0.009880506,4.5908422479999995,0.007127215,4.613076444
529,301523,318769,838010,51874,823468,67159,76077,0.010652077,4.617359572,0.010141082,4.618000459
530,293492,317371,818711,49366,820795,71190,70498,0.00811359,4.616435419,0.007625719,4.61643061
531,299523,318747,831611,51199,823133,68291,74732,0.007913114,4.607120339,0.007496646,4.607107922
532,296295,318461,823154,50003,824618,70309,72554,0.00769359,4.583788157,0.007229618,4.614160902
533,289283,317393,805998,47693,823696,74999,68115,0.010684882,4.599881926,0.010161457,4.617125496
534,298332,319016,833034,50813,828255,71102,73183,0.010067936,4.593348132,0.009627491,4.605312872
535,300434,317919,837337,51587,819878,67677,74978,0.008184695,4.58501303,0.007745731,4.615464509
536,297297,318920,827366,50494,825817,70786,72904,0.009789369,4.613309811,0.009323609,4.61778922
537,296854,318341,819042,50249,825097,69386,73021,0.010406341,4.613562585,0.008741444,4.613622461
538,292221,317367,806587,48274,823344,72248,70780,0.00600097,4.611240669,0.005572328,4.615359962
539,295676,317260,818442,49697,823457,70222,72815,0.008310162,4.616065937,0.00782278,4.617695464
540,301478,318385,837922,51554,824982,68515,75561,0.008657433,4.598469541,0.008228002,4.605324201
541,300811,319595,833428,51346,826088,67876,75228,0.009186423,4.586453275,0.008714339,4.616918443
542,297714,318480,825933,50698,825094,70043,73511,0.011851081,4.571710951,0.009957735,4.600032071
543,289341,317883,806207,47740,825230,75712,67855,0.009112343,4.616063772,0.008651856,4.616059481
544,293887,317521,809678,49171,823543,70741,72006,0.007364088,4.596687,0.006898436,4.612557287
545,300456,319083,829682,51499,827327,67832,76193,0.00777526,4.603396903,0.007313216,4.615699535
546,299473,319049,836435,51251,822471,69849,73437,0.008448175,4.602841454,0.007995143,4.617066823
547,293196,318151,811222,48785,824848,71549,71562,0.013654405,4.594015139,0.010856258,4.617678912
548,299504,320219,833234,50683,826789,70199,73718,0.009053497,4.583570037,0.008612515,4.616208366
549,301626,318774,839924,51470,821859,67004,75658,0.010721197,4.59500115,0.010166016,4.617250403
550,295039,318874,822181,49296,827790,72316,71357,0.011029869,4.615537068,0.010555687,4.616549475
551,300892,318845,834063,51072,823164,68067,75010,0.010338729,4.597601301,0.009886941,4.609915706
552,294351,317810,818287,49590,823694,71033,71836,0.00964975,4.615361696,0.009143565,4.615355671
553,300736,318253,832021,50970,819939,66399,75751,0.007708663,4.616544729,0.00726934,4.616528653
554,291149,317189,809206,48284,822111,73488,69228,0.007261468,4.589563926,0.006830023,4.615538927
555,294341,316286,810229,49139,821089,69189,72938,0.008346002,4.6170149259999995,0.007862776,4.6179504
556,294601,318853,818795,49464,824552,71474,71543,0.010124817,4.595095726,0.00852122,4.6016774179999995
557,302688,319171,838222,52070,824240,66579,76770,0.010759133,4.58358625,0.009292513,4.617983971
558,294141,317539,815095,49527,820679,71431,71497,0.008081304,4.579764108,0.007618998,4.614611626
559,294554,318208,819517,49363,824571,72732,70550,0.007069396,4.576554971,0.006663523,4.606442854
560,297551,319090,829897,50258,824988,70855,72647,0.009046605,4.617194826,0.008590763,4.617190246
561,299986,318222,825870,51120,822944,67252,75637,0.01003751,4.608665074,0.009246375,4.618298337
562,299360,318736,829040,51406,828645,70275,73912,0.00922776,4.615351636,0.008783911,4.617271423
563,296181,318582,828644,50283,824953,70916,72369,0.003563812,4.5860786000000004,0.003109555,4.612709659
564,292459,318044,807972,48591,823135,72242,70741,0.00800457,4.5717277769999995,0.007290325,4.615841319
565,303552,319659,841450,52045,821121,65972,76916,0.008987013,4.57221044,0.008525779,4.601613684
566,296374,319175,824379,50241,825573,70733,72670,0.009692564,4.618937924,0.00925012,4.618927755
567,299050,319535,831005,50756,828534,70614,74177,0.011890252,4.585753705,0.010850792,4.606219021
568,292376,318955,820235,48917,827388,74901,69323,0.011854946,4.57119419,0.010371416,4.616967746
569,292022,317247,805329,48072,823330,71943,71267,0.008591417,4.596027747,0.007981672,4.618749109
570,299834,319492,836007,50988,825191,69838,73949,0.010004093,4.583444834,0.009561022,4.618113845
571,295711,318920,822541,49731,825696,71076,72117,0.008695334,4.615358953,0.008255381,4.617551834
572,290563,318068,805091,47789,826320,74282,69374,0.010358952,4.615290398,0.009614093,4.615281727
573,302725,319050,840454,51824,826381,67592,76067,0.009297482,4.613597893,0.008350241,4.613591875
574,293584,317622,814773,48859,826847,72195,71156,0.008138425,4.614407886,0.00719478,4.61439892
575,298277,318776,827382,50567,825339,69198,73882,0.009474666,4.579385558,0.009033775,4.616281011
576,295229,317419,817689,49658,823361,70813,72551,0.009203198,4.583423021,0.008613013,4.60950459
577,295954,318874,825818,50098,825745,71644,71830,0.010390133,4.564822663,0.009737016,4.609670686
578,298283,319341,827423,50554,825045,69279,74043,0.010980905,4.617128185,0.01030412,4.617117658
579,300886,318735,834771,51296,823463,67707,75411,0.01291201,4.59970276,0.009993676,4.6169912029999995
580,297435,318772,822794,50729,824425,69417,73749,0.009253688,4.5911216580000005,0.008781298,4.604338955
581,299103,318509,833185,51065,822863,68863,73922,0.008254486,4.612024874,0.007819801,4.612277301
582,298428,317832,826150,50970,822911,68251,74685,0.006059948,4.583332294,0.005632189,4.603072186
583,300185,318443,834590,51579,824874,68007,75333,0.008094892,4.573103184,0.007650844,4.607659943
584,290905,317416,803858,47949,821778,72745,69990,0.005940852,4.587247112,0.005491202,4.617166228
585,296927,317687,820532,49788,821997,69505,73178,0.013123989,4.605316008,0.010851433,4.610862838
586,301401,319282,839836,51661,824455,68226,74991,0.008633075,4.576649152,0.008025814,4.605266572
587,302190,318780,836132,51654,820691,66613,76099,0.009822466,4.577655299,0.009385892,4.603628484
588,289336,317694,804378,47426,824311,75683,67380,0.009480799,4.611301577,0.008766021,4.611312022
589,300632,318828,838619,51562,820244,68369,74373,0.009441533,4.571467179,0.008967317,4.615430721
590,295235,318661,817087,49151,826104,71297,72273,0.007368302,4.614640313,0.006807208,4.614632407
591,297977,319535,819480,50089,827703,69865,73971,0.00650231,4.605874841,0.006044613,4.6164723290000005
592,296791,319082,820082,50156,827741,71603,72413,0.009667219,4.583288649,0.009171882,4.610557933
593,293910,317878,819208,49281,822135,72144,70995,0.00919797,4.580132728,0.008677982,4.609540981
594,294321,317627,811530,49289,823346,70450,72648,0.009094682,4.6044634890000005,0.008324886,4.617546532
595,300206,320266,833986,51443,827286,69382,74500,0.005595409,4.603538683,0.005200049,4.618349214
596,293873,317502,810123,49165,823660,70751,72261,0.006403128,4.6081395,0.005948376,4.616561008
597,298944,318170,831200,50866,824329,69178,73825,0.007666298,4.614501929,0.007206635,4.614506748
598,301568,318039,836451,51516,822962,67309,76162,0.010224183,4.589316759,0.009599319,4.609966383
599,294178,317827,811280,49086,825393,70349,72457,0.010947928,4.5849246059999995,0.00824989,4.6159011880000005
600,300751,318710,837950,51259,821823,68521,74943,0.006879807,4.58737086,0.006434125,4.61697455
601,298622,318713,828348,50474,825879,69425,74022,0.009413176,4.591181605,0.008895113,4.617636737
602,299762,318678,832412,50804,826746,68543,75147,0.008508002,4.613173243,0.007880977,4.615282743
603,294615,317043,810137,49851,822943,69377,73387,0.014155668,4.596709338,0.009940527,4.614825079
604,294398,318633,812630,48897,826083,72706,71476,0.007722652,4.594211385,0.007249293,4.618490895
605,301289,318803,837928,51313,822932,67311,75272,0.01086467,4.568465981,0.010402084,4.615317358
606,295772,317874,810957,49692,826174,69278,74267,0.02592912,4.617336057,0.01216353,4.617330154
607,300667,319108,831457,51205,825658,68662,74686,0.007744238,4.584259607,0.00732276,4.618036935
608,299721,318900,832772,51112,822274,68373,74083,0.010209864,4.581355647,0.008662972,4.613270708
609,298801,318512,826579,50678,824542,69338,74243,0.005511023,4.586449945,0.005087224,4.611859536
610,296660,318280,817285,49598,825368,69551,73968,0.008379212,4.596764266,0.007700923,4.616838483
611,297700,319546,827886,50603,825732,69812,73224,0.00807697,4.579168151,0.007622216,4.615405964
612,296164,318637,826187,50243,824440,70647,72549,0.010702278,4.564587577,0.010085083,4.618726494
613,299606,319378,836695,50923,825220,69815,73236,0.011394446,4.58314419,0.010876743,4.614275493
614,294753,317366,812300,49384,822133,69879,73245,0.008875354,4.583829898,0.008212668,4.609842782
615,292718,318418,807343,48964,828701,73043,70578,0.007006111,4.615319164,0.006086881,4.615324986
616,295615,318848,820801,49319,827971,71862,71946,0.008445122,4.615219097,0.007716012,4.616124219
617,300379,319491,836394,51516,828012,69971,74005,0.006070028,4.598354147,0.00564752,4.618300437
618,299963,317428,827321,50715,821202,67053,75809,0.008355341,4.616985743,0.007731395,4.61801551
619,296751,318129,819604,49884,826088,69950,73787,0.01070277,4.616827259,0.009914101,4.616815879
620,300028,318707,834871,50816,824237,69234,74528,0.00921374,4.578849259,0.008766825,4.615660423
621,290876,317313,810277,47926,821050,74106,68900,0.009106585,4.587265074,0.008637299,4.617271418
622,294168,317786,811253,48909,824552,70849,72188,0.006809203,4.583162532,0.006261263,4.612424272
623,301440,318658,838157,51454,822531,67500,75267,0.008061471,4.598687498,0.007614889,4.615296974
624,298679,318957,833234,50759,824176,69826,73747,0.010589122,4.617547323,0.010077684,4.617540597
625,300131,318565,835165,51170,823792,69376,74134,0.009205501,4.585588137,0.008729397,4.617429686
626,297065,318477,818070,50256,821967,68668,73858,0.006884225,4.607148649,0.006341469,4.615959611
627,301550,319325,833387,51405,825241,67899,75467,0.007765137,4.583898491,0.007335893,4.616554401
628,297781,318211,827592,50717,822501,68481,74077,0.010358035,4.617749195,0.009599162,4.618333562
629,296221,318063,822066,49976,820912,69720,72694,0.014558843,4.575012243,0.010764522,4.610206184
630,299958,318170,832052,51275,821802,67370,75333,0.005681166,4.616994759,0.005247461,4.616982931
631,299119,318972,831720,50407,826085,69459,74382,0.007815463,4.604328553,0.007363789,4.615373037
632,299748,319069,837713,51277,826330,69174,74002,0.010926411,4.594262998,0.0104285,4.611312084
633,294948,318749,821831,49298,825006,71627,71461,0.007167745,4.595431264,0.006675267,4.618377863
634,287895,316792,799588,47333,824377,74732,68748,0.013698641,4.5822564,0.013167728,4.611193452
635,298317,318824,824435,50367,825855,68996,74244,0.006398812,4.607519707,0.005893498,4.613181603
636,296761,319707,827156,50009,828556,71787,72203,0.006921359,4.593946144,0.006493752,4.61848466
637,301948,319252,840002,51831,821907,66977,75549,0.008583744,4.606187526,0.008154092,4.612678071
638,302285,319668,840001,51834,827235,68488,75211,0.006449566,4.6016141059999995,0.005987123,4.614608041
639,294664,316756,808238,48859,823405,70325,72965,0.008753536,4.608441075,0.008250127,4.613600432
640,297139,318423,824107,50130,824944,70536,73158,0.006886489,4.600456252,0.006464341,4.606181272
641,298778,319601,827861,50943,824798,69305,74169,0.006715297,4.589590082,0.006168064,4.617406427
642,301166,318874,836230,51011,825497,68740,74847,0.008522653,4.582330367,0.007960634,4.613690377
643,292621,317548,806390,48657,823670,71736,71227,0.008747202,4.604159517,0.008252605,4.617726265
644,298097,318540,824901,50577,823868,69145,74347,0.010232692,4.583526335,0.009549875,4.610594889
645,301284,319517,840147,51825,823946,67560,75275,0.0106673,4.585604782,0.010201505,4.615344427
646,295267,317359,815096,49574,821947,69085,73459,0.00950791,4.608017557,0.008782272,4.616445372
647,298288,318517,828301,51024,825202,69135,74462,0.009012372,4.57164732,0.008287486,4.616656306
648,299693,318774,835654,50769,822255,68765,74017,0.006909088,4.589155084,0.00647955,4.598439664
649,293702,318347,817868,49470,824224,72351,70884,0.006414634,4.584253044,0.00596749,4.604995462
650,299402,319405,833702,50855,826438,69748,74406,0.007032335,4.589264406,0.006611981,4.61758713
651,299065,319154,826099,50742,828261,69758,74345,0.010482122,4.587503886,0.0099551,4.617100289
652,301444,319385,839211,51659,824453,67353,75737,0.007145482,4.602200162,0.006702996,4.6165254430000005
653,297640,318675,829594,50348,824388,70174,72683,0.007313309,4.6136809,0.006867473,4.614152597
654,294903,317189,812905,49613,821248,69329,73481,0.007970943,4.6154702499999996,0.007441634,4.617246553
655,295577,317849,812869,49946,825310,69413,73580,0.011498278,4.60589864,0.010690805,4.616908559
656,298770,319057,830843,50899,825402,69825,73817,0.009451539,4.5932902559999995,0.008839625,4.6158843229999995
657,301780,318251,841134,51908,822448,67329,75971,0.003689835,4.595593055,0.003218532,4.617310145
658,301014,320092,833944,51255,826272,68716,74714,0.008164445,4.60359024,0.007638509,4.617219372
659,302600,320011,840274,51885,825541,67353,75922,0.007855094,4.607997082,0.007428203,4.607990592
660,294318,318894,820498,49045,824599,73321,70048,0.009245124,4.5840483039999995,0.008776502,4.612644023
661,300165,319264,836009,51379,825118,69071,74142,0.007227845,4.617562372,0.006768709,4.617547412
662,301646,319151,838061,51124,824587,67583,75540,0.009388823,4.598541965,0.008765954,4.609814186
663,296767,318674,817293,49611,826760,70160,73578,0.010689556,4.574184779,0.009707518,4.607599039
664,298037,319424,829427,50586,825564,70184,73345,0.010538533,4.579688356,0.010042157,4.618063663
665,297517,318755,824340,50132,825761,70669,73277,0.011712162,4.57246345,0.010928427,4.617770448
666,301880,319229,838571,51698,824185,67014,75676,0.010310902,4.604356212,0.009689448,4.615538149
667,301170,318742,838527,51665,823800,68069,75545,0.010905186,4.562034431,0.010425311,4.611472405
668,295389,317843,814138,49316,825474,69857,73099,0.010229189,4.573908601,0.009662955,4.610714864
669,295530,318857,820342,49154,825382,71456,71554,0.00765973,4.5949011859999995,0.00718248,4.614703965
670,300430,319306,833389,51218,825697,68746,75297,0.007002864,4.585791341,0.006513057,4.617563624
671,287931,318535,796258,46797,828207,76220,67829,0.009225152,4.589090089,0.008715853,4.606870718
672,302543,319876,840445,51934,827356,67912,76070,0.009944049,4.585036791,0.009505377,4.616871307
673,297074,318045,823820,49720,822221,69623,73412,0.011047568,4.596688767,0.00918637,4.605525017
674,296109,319435,825744,49726,828269,72657,71196,0.011001274,4.571374336,0.010477697,4.618855145
675,298666,318734,827789,50583,823535,69331,73821,0.010545008,4.5712836,0.010015544,4.618349354
676,288937,316206,790111,47151,822057,72459,69921,0.013815165,4.583170007,0.011369395,4.614254538
677,302063,319984,835494,51497,826526,67563,75671,0.009472807,4.5833954630000004,0.009017256,4.617529011
678,298612,318580,826227,50359,824239,68814,74795,0.011880004,4.602386395,0.009729453,4.609322255
679,299209,319048,832350,50713,825347,69530,73544,0.005612625,4.583313797,0.005201267,4.617470203
680,302884,320258,842635,51405,827850,68891,75683,0.010238062,4.617181097,0.009769407,4.617168869
681,302236,318869,837529,51679,826178,67808,76553,0.008173231,4.572477161,0.00772954,4.617943184
682,299798,318665,826991,51164,824419,67799,75545,0.008403111,4.591018888,0.007931217,4.598890618
683,298453,319410,832427,51022,823637,69218,74014,0.008176488,4.581918541,0.007727803,4.613077605
684,299798,318746,826094,51149,823766,67390,75775,0.007885725,4.583315184,0.007405805,4.607957614
685,300751,317738,835264,51376,819551,66735,75829,0.007505024,4.604181859,0.007085555,4.611812073
686,293991,317876,813510,49204,825587,71886,71644,0.00865444,4.60787045,0.008015041,4.6162316180000005
687,299400,319284,832404,51139,823753,68502,74553,0.007097883,4.578307096,0.006681873,4.6182121
688,293279,318014,815594,48758,823062,71773,70625,0.009103036,4.580434633,0.008659956,4.611900079
689,302292,319963,842467,51462,825815,68237,75386,0.00659177,4.604549536,0.006187541,4.60454065
690,289529,318106,807445,47174,826668,76493,67717,0.007757139,4.5674526029999996,0.006855763,4.616964791
691,292930,318543,807805,48644,826169,72261,70969,0.011531061,4.604126656,0.010997707,4.614130144
692,302187,319154,839340,51582,825576,67614,75963,0.0045793,4.574014441,0.004113503,4.615196966
693,302936,319145,842389,52137,825760,66280,76728,0.010687871,4.5941678679999995,0.010132732,4.6095113130000005
694,300557,318765,835181,51542,824536,67707,74537,0.009843366,4.604231537,0.009392445,4.604217541
695,296088,318516,820762,49890,824080,69886,72783,0.009857784,4.579542991,0.009369008,4.614969921
696,301786,319350,835757,51367,822290,67274,75713,0.007819733,4.60359622,0.007393174,4.605560382
697,294382,317949,808136,48999,824969,70613,72709,0.010884649,4.56492791,0.010292564,4.61649438
698,295732,317794,819290,49813,822817,70280,72840,0.008087735,4.587077248,0.007599751,4.615970571
699,299627,318957,833725,50953,822973,68686,74644,0.007684675,4.599061717,0.007269357,4.61512074
700,298361,318669,827060,50586,825228,69324,73900,0.008490812,4.602423366,0.007798486,4.614124029
701,298217,318504,826228,50396,825190,69392,73794,0.006840658,4.598854981,0.006382164,4.616635738
702,301249,319559,836365,51136,822307,67668,75560,0.006436522,4.609483056,0.006037918,4.617160864
703,298500,319469,830985,51121,826670,70053,73242,0.006740259,4.58578771,0.006340816,4.605374417
704,290820,316908,798183,47773,823973,71860,71640,0.008742687,4.584028575,0.008096087,4.616334029
705,301389,319537,836284,51809,827876,68173,75908,0.008928234,4.599820929,0.008472707,4.614705723
706,297874,317894,825656,50679,825359,69379,74507,0.008456525,4.6167455,0.008006483,4.616742462
707,297823,318742,833736,50165,820987,69229,73770,0.011334356,4.571203204,0.008149636,4.613625673
708,295762,317278,812504,49640,821347,68121,74273,0.007768237,4.583277306,0.007317729,4.612196964
709,291853,317399,805607,48452,824333,72965,70175,0.009390762,4.583511012,0.00891145,4.617903068
710,296590,318772,824755,50195,823835,70303,72822,0.008393667,4.609576476,0.007928614,4.609566285
711,293772,318218,811280,49115,824634,71673,71788,0.01042518,4.61026268,0.009819293,4.61025092
712,299852,319312,829560,50935,826971,68929,74529,0.007942412,4.588940369,0.007509036,4.613882173
713,296704,318349,822113,50120,824229,69999,73438,0.01212679,4.6023904909999995,0.008759528,4.602385514
714,292720,318024,805724,48974,823685,71282,71495,0.012330943,4.617616867,0.009392883,4.617612076
715,299711,320091,834178,50892,827588,70082,73892,0.005658638,4.582106258,0.005258941,4.61580137
716,299270,319512,837639,50733,823888,68939,73945,0.011192818,4.5954914129999995,0.010256168,4.614156381
717,301809,318807,840083,51394,824395,67478,75759,0.010119469,4.5992006530000005,0.009619927,4.612111994
718,298332,318141,825422,50369,821127,68097,74600,0.004727587,4.584980809,0.004305935,4.601375031
719,292555,318561,816131,48658,826473,73750,70011,0.010386318,4.578140889,0.009854728,4.601306513
720,300204,318936,828120,51250,825914,68370,75263,0.006513344,4.596558705,0.00607529,4.610695055
721,300027,318572,830078,51307,821237,66425,75530,0.007571851,4.601759296,0.007118851,4.614422815
722,299343,319698,832157,50845,828093,69746,73707,0.007249896,4.606632892,0.00682192,4.616425253
723,299245,319125,831741,50759,824139,68782,74097,0.006763039,4.610298307,0.00636061,4.610302411
724,296280,318642,818538,50228,824496,69989,73097,0.010570405,4.610417967,0.009221338,4.615143989
725,299738,318670,828435,50896,825154,67671,75931,0.008163974,4.602229521,0.00767886,4.616636147
726,297530,318908,829984,50444,825106,69756,73018,0.00761729,4.586745945,0.007197037,4.613596972
727,291025,316976,800964,48129,822709,72424,71049,0.008520946,4.589069017,0.008042773,4.611549267
728,302663,319470,839074,51416,825127,67160,76521,0.008275231,4.603671982,0.007827517,4.618166521
729,299376,318924,833598,51102,825285,68703,74817,0.008484935,4.592735371,0.008037531,4.612588115
730,301873,318463,835141,51749,821763,66892,76055,0.010869502,4.615381038,0.010362537,4.615371496
731,301153,318880,838307,51177,823255,67382,75041,0.007872637,4.583631042,0.007444421,4.615039995
732,302485,320039,839106,51479,827080,68458,75800,0.007943152,4.583873216,0.007489434,4.612003623
733,298523,318583,824988,50436,826215,68819,74479,0.009142859,4.615470887,0.008662056,4.615466276
734,291544,318729,813569,48574,826891,75073,68911,0.011376912,4.586669086,0.010847071,4.6182541
735,294383,317709,812039,49472,823289,70456,72758,0.011409367,4.57467652,0.010737914,4.618327909
736,294018,317580,808886,48625,827897,72696,72107,0.009362783,4.58209579,0.008174019,4.595293921
737,301283,318903,838124,51668,821863,67112,75500,0.009583936,4.5640316290000005,0.009108288,4.617015835
738,297341,317980,827151,50313,821532,69293,73638,0.009516377,4.588013896,0.009074547,4.618018092
739,300694,319391,835276,51025,824208,68751,74677,0.008999199,4.615280589,0.008562043,4.615273251
740,301074,318357,833615,51543,822989,67989,75496,0.007684052,4.613120267,0.007254871,4.617087745
741,301954,318996,836962,51310,827570,68524,75883,0.008304964,4.614497406,0.00785965,4.616122994
742,296850,318002,822648,50097,823155,69877,73130,0.009176489,4.605159665,0.008601471,4.615085855
743,288876,317560,795854,47338,825303,73644,69207,0.010713043,4.583263118,0.009642826,4.610579148
744,301786,318811,833938,51484,824132,67227,76343,0.011562063,4.571230988,0.011013745,4.616807748
745,296696,317823,816368,50085,823975,69022,74514,0.013021209,4.618640435,0.009969367,4.618632098
746,292885,317337,809763,48286,824672,72301,70708,0.009209219,4.613420746,0.008284309,4.613406446
747,296804,318033,823090,49867,822582,69189,73178,0.00827261,4.584876965,0.007755882,4.606521434
748,284322,317103,783149,45583,826022,77736,66197,0.008929064,4.602380342,0.008237302,4.616496229
749,302929,319103,836992,52065,824844,66173,77148,0.005557428,4.609236608,0.005152078,4.613138928
750,299223,319145,833685,50913,825686,69708,73975,0.011826565,4.591831411,0.010807358,4.605851324
751,300573,318713,834772,51297,822250,68271,74433,0.007970377,4.585870405,0.007532334,4.608564975
752,297307,319927,821061,49849,826403,70287,73468,0.012753771,4.575983889,0.009453283,4.616456488
753,296500,318177,816471,49528,822274,68505,74185,0.020735503,4.615466245,0.010543797,4.616966222
754,295276,318185,820683,50026,822042,69823,72285,0.008499797,4.558338071,0.008018331,4.61818249
755,300076,318971,832624,51492,826781,68397,75071,0.00562822,4.582982653,0.005211856,4.607622851
756,299546,319020,833869,51114,826352,68554,75019,0.004586414,4.582178928,0.004111272,4.614227057
757,302290,318337,837538,52005,823589,66361,76750,0.007063968,4.578696193,0.006641939,4.61874976
758,291990,316814,808259,48398,820653,71769,70861,0.009769446,4.614432669,0.009255877,4.616393759
759,297786,318280,826993,51133,821932,68823,73835,0.010171838,4.583383178,0.009675204,4.613150924
760,296569,318604,826428,50520,822736,69676,72999,0.004625172,4.5713144759999995,0.004223972,4.615210616
761,298026,318422,821409,50688,825236,69718,74028,0.015129966,4.603523838,0.011349195,4.615313229
762,301987,319535,838119,51569,825863,68433,75274,0.005090184,4.597717845,0.004681725,4.606094689
763,299836,318745,834878,50838,821993,68885,74218,0.008548375,4.614442649,0.008102578,4.617727337
764,289030,316633,793300,46755,824487,73928,69980,0.008137525,4.583497454,0.007663275,4.617322947
765,289302,317975,804492,47911,824284,74394,68689,0.012395272,4.594785945,0.009935588,4.605366187
766,296858,317727,821459,50085,825533,70330,73408,0.00994314,4.618144497,0.009389017,4.618137067
767,299742,318394,832867,50972,822767,68017,74369,0.010191264,4.590937658,0.00969339,4.6175297539999995
768,302162,319774,841874,51540,825083,67898,75536,0.009250008,4.611308937,0.008778669,4.617314816
769,299631,319678,834844,50912,825928,69477,74000,0.007176941,4.603712261,0.006734348,4.605801606
770,299968,318317,832327,51097,823235,68238,74864,0.00470218,4.595627938,0.004259218,4.615470475
771,297160,318770,819430,50229,828462,70093,73945,0.006420399,4.569009585,0.005807122,4.613494782
772,302240,318849,839448,51628,823627,67237,75989,0.011183623,4.594865789,0.01071032,4.612765076
773,297452,319040,829522,50507,822371,70220,72288,0.011415615,4.606882683,0.009424539,4.606881051
774,294519,317940,811446,49857,825202,71009,72789,0.015827641,4.606843742,0.009775882,4.608635025
775,302330,318724,840199,51625,827082,67225,76503,0.00836339,4.6054274280000005,0.007920182,4.61341633
776,301224,318810,837918,51519,825288,67980,75735,0.005806956,4.596811249,0.005401661,4.60349764
777,298968,318085,829309,51203,822318,69348,73913,0.007933605,4.608120962,0.007500057,4.615845883
778,299094,318758,829013,51004,823763,68116,74951,0.01017905,4.574930616,0.009713611,4.616469316
779,297722,319185,825228,50415,824023,69504,73909,0.008998287,4.615270475,0.008562272,4.615258859
780,295157,316525,809295,49353,821153,69015,73707,0.01030182,4.617236941,0.009564825,4.617229264
781,296930,318544,826124,50567,823693,70568,72566,0.009835959,4.568387946,0.008289783,4.616856555
782,298107,319206,826491,50637,827641,70183,73525,0.006988055,4.583988215,0.006555374,4.617019291
783,295651,318979,814141,49469,826983,70754,72937,0.009827415,4.580988179,0.009311166,4.616292207
784,295353,318541,818613,49839,825402,71648,71622,0.01076542,4.596858728,0.010276775,4.607006288
785,300669,319187,838707,51412,821379,68369,74360,0.010846552,4.583316601,0.009381309,4.615340426
786,296983,318411,820100,50043,826455,69905,73301,0.011174339,4.564909524,0.008907206,4.615115561
787,302247,319614,838008,51827,826132,67640,75720,0.007866879,4.598715823,0.007424942,4.616709042
788,300727,319549,836209,51218,824130,68294,75104,0.009432482,4.583175258,0.008519656,4.608958022
789,296707,317483,822097,49891,820947,69165,73265,0.009272006,4.582133266,0.00875824,4.605005266
790,293964,318027,810371,49105,826143,70975,72542,0.011029677,4.583542116,0.009556603,4.618123884
791,299790,319598,829144,50277,828256,69396,74330,0.003396441,4.596630661,0.002952126,4.615144045
792,298958,319698,825532,50555,829426,70659,74000,0.006837209,4.580545368,0.006395463,4.617051133
793,294332,318511,816292,48955,828079,72552,71163,0.004664344,4.601153485,0.004236224,4.606475963
794,300477,318942,836926,51557,822936,67995,75015,0.00897715,4.5687467040000005,0.008538025,4.611891186
795,296168,318583,826180,50073,824267,71321,71899,0.01056467,4.59768017,0.010100966,4.617034064
796,303102,319333,837951,52032,824918,66327,77468,0.006854413,4.617245589,0.006447576,4.617240891
797,300268,318861,835108,51552,821842,68568,74597,0.010997223,4.577793119,0.010472096,4.616225717
798,301764,318468,834948,51515,822677,66872,75933,0.009815897,4.58380877,0.009369649,4.616960539
799,301850,319787,840134,51406,825689,68586,75525,0.009126061,4.598272708,0.008675598,4.6171152079999995
800,302304,318377,839840,51687,823420,67185,76307,0.007571203,4.589478247,0.00713941,4.616341914
801,295408,318820,820918,49775,823437,71476,71719,0.010042582,4.617834831,0.008977611,4.617829377
802,293118,317676,808111,48499,822507,71529,71801,0.008222063,4.60711081,0.007339573,4.618207319
803,292972,318297,814839,48742,826138,73014,70642,0.009768425,4.61451666,0.009280784,4.616303631
804,294674,318187,818986,49142,823531,71362,71542,0.009119451,4.576070068,0.008658414,4.607762872
805,296046,318282,819915,49623,825686,71300,72355,0.012116655,4.618912251,0.010586083,4.618904929
806,291772,317155,811098,48640,825445,73007,70770,0.007906277,4.595201469,0.007351438,4.616225233
807,299998,318646,827864,50919,824775,67376,75886,0.005996277,4.571195386,0.005577501,4.605349793
808,298437,318367,826468,50239,820640,67920,74653,0.00357032,4.571202075,0.003092273,4.612857764
809,301032,319599,836750,51131,822959,68078,74715,0.009324666,4.602329627,0.008863799,4.615919161
810,299889,319760,836073,50830,828817,69248,74195,0.009154481,4.611326742,0.008709718,4.611336775
811,296035,317976,817152,49813,823766,69934,72990,0.009847311,4.618720182,0.009340697,4.618708261
812,302235,319041,841470,51654,825214,67832,75911,0.008916075,4.615324505,0.008483459,4.617063178
813,299415,318817,834137,50925,825543,69919,73906,0.006905854,4.606768807,0.006500633,4.609417083
814,301418,319490,834819,51108,822736,67595,75106,0.006947691,4.591386066,0.006538877,4.610984371
815,299869,319929,829635,50910,827776,69079,74716,0.008745909,4.589460827,0.008309304,4.612527203
816,301382,319151,834357,51330,822939,67328,76001,0.008118855,4.607216728,0.00768487,4.615204618
817,290102,316792,805351,47056,820823,74332,69027,0.006835557,4.618944402,0.006381362,4.618942456
818,295235,318631,816281,49872,826479,71154,72551,0.008892406,4.584242329,0.008415027,4.613666265
819,301093,318814,833911,51259,821388,66664,75798,0.007656647,4.581127219,0.007246708,4.611020348
820,303070,319906,835771,51689,828530,66999,76474,0.008266147,4.57139789,0.007822872,4.6069528
821,298956,318561,833683,50826,823786,69883,72835,0.007725362,4.576761508,0.007310747,4.612361471
822,297451,318793,824957,50053,823986,69358,73699,0.008914705,4.596856369,0.008421817,4.617258564
823,299937,318499,833290,51185,821559,67584,75141,0.00906863,4.59532034,0.008620098,4.615160776
824,296340,318256,812054,49561,825382,68696,74255,0.012191009,4.606609581,0.00972262,4.611584775
825,298473,319194,831176,50516,827610,70815,72739,0.007301902,4.602907372,0.006870193,4.617806745
826,298788,319063,830706,50940,827656,69661,74008,0.009176316,4.615518583,0.00870912,4.615759567
827,296438,317915,814807,49792,821790,68380,73826,0.01223831,4.608006207,0.011368775,4.617163464
828,300451,318279,833120,51158,824747,68154,75917,0.010085251,4.6172271,0.009601561,4.617212671
829,300151,319333,833058,50882,824326,70351,73919,0.008574406,4.583853232,0.008088964,4.6138251740000005
830,293446,317305,811951,48985,824729,71501,71664,0.009730348,4.607882433,0.008975593,4.617852696
831,299063,318145,826920,51091,825424,68794,74788,0.00959185,4.607112498,0.009072769,4.617124171
832,302714,318248,841736,51593,817615,65408,76820,0.009367633,4.566882662,0.008906078,4.616585374
833,291108,317438,803982,48217,827635,74371,69724,0.009157542,4.617162197,0.008391984,4.617973672
834,296164,317995,819283,49947,824091,70153,73477,0.011967138,4.580984437,0.011423398,4.612116701
835,300827,319446,837244,51472,827469,68675,74988,0.004398114,4.596491366,0.003981442,4.613432683
836,293823,316078,807085,48732,819730,69528,72949,0.005593395,4.597761262,0.005163113,4.60758934
837,292617,317847,815723,48663,821037,72858,69436,0.007867632,4.606897892,0.007404202,4.6183772770000004
838,298507,319169,828727,50756,824853,69320,74006,0.009976288,4.614628135,0.009255478,4.614634661
839,297636,318898,828208,50133,825905,69514,73893,0.005485465,4.611078907,0.005091438,4.614418919
840,297568,318390,828061,50230,826621,70139,73683,0.007052571,4.598599399,0.006646421,4.618980377
841,296295,318693,824024,49973,822931,70592,72458,0.011434972,4.605311723,0.010085946,4.605301156
842,294622,317360,820361,49576,822362,71614,71484,0.010823767,4.571181984,0.009836303,4.6175995709999995
843,301301,318842,836285,51074,823280,67032,75634,0.008030372,4.611112599,0.007607443,4.6172318180000005
844,303211,319082,838721,52166,822637,65589,77501,0.008308133,4.563021191,0.007875165,4.6153410059999995
845,281089,316066,779582,45334,821361,78802,63994,0.009150049,4.581504812,0.008392385,4.616381716
846,297388,318742,826272,50252,827342,70886,73229,0.009599059,4.570293514,0.008994477,4.617356022
847,298823,318771,825537,49937,825806,69453,74616,0.009191383,4.587187933,0.008700766,4.613251851
848,295437,317781,809430,49231,826116,70734,73186,0.012109033,4.587436206,0.011243753,4.618218154
849,298109,318454,832708,50511,824810,70553,72471,0.00803265,4.614628901,0.007604264,4.618277888
850,299777,318235,828871,51052,822880,68100,74821,0.006470852,4.57160131,0.006015825,4.617817945
851,300062,318623,834371,50681,821723,67565,75014,0.011204577,4.571607065,0.010639663,4.614953867
852,300561,318703,831159,50999,821147,67237,75679,0.008910189,4.59318477,0.008473308,4.617374079
853,289357,317329,802410,47584,824222,75474,67891,0.010978623,4.589191151,0.010271129,4.61789955
854,294641,317544,813603,49402,825897,70658,73271,0.00819945,4.603183012,0.007559902,4.61690694
855,293963,317813,812225,48825,820949,69403,72689,0.005621384,4.617648972,0.005192003,4.617644192
856,298780,317916,824579,50558,820503,67608,75232,0.009452668,4.618195141,0.008948715,4.618190563
857,298960,320362,834927,50461,825967,71042,72445,0.008510182,4.5831098,0.008026621,4.611038251
858,285828,317531,793216,46372,825590,77540,66178,0.011326143,4.596535398,0.010496981,4.604417802
859,302111,318521,834267,51282,822951,66608,76153,0.008072271,4.614467994,0.007255077,4.616311501
860,302330,318880,838148,51286,823587,67263,76455,0.007748218,4.617338339,0.007328193,4.61732769
861,298506,318450,836072,51207,820999,69804,72662,0.008676229,4.612256976,0.008185524,4.612245291
862,295628,316939,812467,49588,824346,68873,74480,0.010037713,4.570077287,0.009531825,4.618120628
863,296248,317167,819533,50272,820840,69283,73602,0.011167961,4.602016751,0.010565086,4.611627093
864,295079,318608,821941,49631,824738,71955,71397,0.010131639,4.606990222,0.009382972,4.616840562
865,291524,317657,805072,48302,824056,72053,70771,0.009820538,4.598850229,0.009275542,4.610368771
866,295002,317755,815286,49236,822966,70086,72818,0.007720306,4.571514312,0.007258859,4.61187442
867,298782,318750,829306,50692,824592,68939,74878,0.008120159,4.584773302,0.007673908,4.613398537
868,293855,318600,821071,49258,826729,73820,69825,0.007479456,4.598446158,0.007048389,4.611776185
869,286751,317199,793216,46792,822319,75198,67465,0.010612703,4.583826325,0.009105454,4.616197021
870,297564,317631,825045,50100,820230,68592,73671,0.007814712,4.604096633,0.007384314,4.617609403
871,299124,318182,831428,51441,823146,68430,74900,0.007940228,4.598746115,0.007517163,4.607445547
872,296203,319554,827801,49867,825124,72076,71580,0.007436717,4.6144431820000005,0.007011066,4.61706908
873,296530,317288,819896,49465,822026,69755,73602,0.006766428,4.610327654,0.006315862,4.610314097
874,295171,317092,813907,49147,825282,70290,73265,0.010916116,4.583434747,0.009237577,4.617859327
875,296082,319006,819018,49605,826121,70477,72947,0.008255053,4.605886518,0.007593787,4.614828342
876,298465,318809,833005,50991,823368,70438,72616,0.005618297,4.595498464,0.005153059,4.617114676
877,297915,319139,824476,49929,824971,70011,73022,0.009876404,4.567088633,0.008480939,4.61672496
878,301158,318479,836835,51904,821455,66507,75938,0.008679276,4.5941675239999995,0.008220094,4.618761551
879,303084,319495,835148,51959,824392,66627,76797,0.008836536,4.606983262,0.008367089,4.616842597
880,299537,319099,837615,50851,825033,70326,72714,0.009080065,4.609230264,0.00863659,4.617684805
881,295844,318395,815988,49465,826251,70194,73412,0.008266884,4.61709014,0.007591696,4.6170855490000005
882,295677,317750,821359,49512,820843,69481,73056,0.006646797,4.584233537,0.006127248,4.607353429
883,298964,318472,828964,51248,825236,68714,74885,0.008801716,4.570079028,0.00833089,4.61166682
884,292892,318845,813101,48796,829334,74491,70275,0.006623166,4.583163348,0.006170172,4.6112923089999995
885,298239,319431,828276,50491,823099,69719,73608,0.008190871,4.576026405,0.007746889,4.615024458
886,297865,317718,826324,50593,822995,69453,74128,0.008746793,4.570914796,0.008308348,4.599871409
887,299418,318603,831714,50520,822791,67855,74853,0.006570294,4.570055901,0.0061126,4.616570451
888,294817,319034,823115,49620,826435,73221,70661,0.009115304,4.583480605,0.008662898,4.618107752
889,298626,318832,834648,50767,824012,69277,73761,0.002241728,4.601431402,0.010826663,4.618692082
890,288523,316089,791816,47217,820897,72996,69412,0.011859868,4.580104094,0.009397971,4.611915254
891,299074,318552,828927,51124,824488,69008,74820,0.010392583,4.569312332,0.009778973,4.614137706
892,290040,318291,806593,47856,823581,74222,68400,0.009891702,4.583880649,0.009388999,4.614734253
893,299743,319226,830747,50655,821223,67847,74189,0.009033589,4.5860182179999995,0.008546399,4.617397287
894,301085,319498,836271,51223,823646,68642,75097,0.009198547,4.617063185,0.008759978,4.61705109
895,290026,317450,806683,47714,825208,75124,68685,0.008739597,4.571722374,0.008260851,4.617027204
896,290658,318679,809087,48137,828813,76367,68038,0.01130816,4.606088779,0.010813056,4.611806701
897,294314,317726,806820,48764,824095,70764,72617,0.00645524,4.5721556020000005,0.006021515,4.618469015
898,299338,318349,834777,50811,823158,68776,73884,0.00703465,4.604207736,0.006629609,4.618485533
899,299019,318011,826629,50324,824513,68917,75031,0.009232466,4.618656465,0.00844647,4.618650972
900,297890,318860,828376,50753,823751,70285,73129,0.010658361,4.591117723,0.010179253,4.616445761
901,293026,316816,805185,48877,823644,71830,71629,0.011390127,4.617262222,0.010047485,4.617254945
902,292365,317680,806736,48169,826525,73187,70735,0.010541655,4.574889445,0.009842294,4.617822541
903,295359,317457,811486,49355,821979,69657,73580,0.014598096,4.584983072,0.00862161,4.608560482
904,296737,318554,821101,49780,824075,70258,72702,0.008999278,4.606792002,0.008277508,4.614762201
905,300941,319629,838061,51377,824885,67616,75432,0.008308707,4.591322638,0.007839673,4.61350182
906,298099,318932,829662,50653,825473,69811,74232,0.007427506,4.583580867,0.007005123,4.614804584
907,302141,318897,839525,51188,824332,67652,76057,0.006876493,4.602200325,0.006451013,4.606020006
908,299158,319205,837167,50643,823752,69811,72884,0.010068576,4.591984646,0.009617745,4.618343047
909,299452,319255,833246,50865,825056,69173,74235,0.006957346,4.583431285,0.006534671,4.617278118
910,296362,317815,816859,49779,823659,69985,73514,0.010621455,4.61550806,0.009852145,4.618897038
911,300446,319721,834606,51430,825694,68650,74923,0.008064046,4.599575552,0.007645508,4.616842407
912,293768,318123,822384,49127,821469,72670,70525,0.010260686,4.617506552,0.009797624,4.618808628
913,300602,318864,834601,51665,824334,68087,75207,0.008129918,4.61525209,0.007670187,4.615247607
914,294250,317045,808037,48695,821849,70773,72752,0.015090598,4.614427055,0.009136585,4.614420018
915,301424,319174,838883,51615,823481,67007,76366,0.009497936,4.617494611,0.008992368,4.617480942
916,291292,317941,805642,48341,824120,73867,69410,0.011548007,4.587707777,0.010795035,4.607185986
917,301856,319589,839283,51833,823251,67181,75638,0.011451815,4.612282717,0.010933403,4.61537213
918,295091,318020,819945,49666,824363,70264,72791,0.007856152,4.571130128,0.007271767,4.618324371
919,302403,318422,840033,51777,820342,65803,76608,0.006732741,4.60288202,0.006326282,4.617670884
920,292612,318860,818555,48458,825824,75137,68354,0.010875144,4.616694712,0.010408481,4.616688369
921,296839,318755,818852,49854,827018,70031,73448,0.007792363,4.612180718,0.007330552,4.614303645
922,293319,317218,807356,49312,819140,70301,72077,0.007158145,4.615432682,0.006529393,4.615526209
923,293326,317289,799766,48763,826330,70398,73205,0.010222271,4.603518831,0.009735418,4.617703656
924,297477,318621,830223,50419,821358,69855,72565,0.011881837,4.613549705,0.010962223,4.617716378
925,295518,317189,815874,49792,820541,69056,73669,0.010757946,4.571384662,0.010214686,4.613616601
926,283138,317032,787604,45770,826811,78793,64908,0.01706793,4.614370679,0.009204365,4.614374904
927,297096,318050,815179,49705,826650,69599,74218,0.010070667,4.615361222,0.009272381,4.617044009
928,296751,317849,822600,50296,821145,69748,73267,0.008730571,4.60486526,0.008232445,4.610597974
929,293330,318406,815360,48960,823840,72265,70769,0.009183079,4.575878565,0.008702221,4.616283994
930,297480,317762,821922,49851,822201,68149,74222,0.009858631,4.598444639,0.009323641,4.617694525
931,300169,318919,832556,51063,820629,67138,75545,0.00624949,4.586515307,0.005846952,4.602323853
932,297230,319239,826741,50725,826389,72041,72182,0.008996879,4.618815667,0.008554743,4.618803507
933,295575,319009,824987,49841,826015,72100,71759,0.010188665,4.61757586,0.00970371,4.617566689
934,300990,318711,836186,51290,823436,67969,75349,0.010230214,4.6023978880000005,0.009706779,4.614298987
935,297417,318573,816658,49926,825630,68481,74771,0.010525892,4.617552701,0.009266114,4.617540275
936,295742,318572,819726,50155,823425,71698,71594,0.008537579,4.582154882,0.008066342,4.616182476
937,299237,318129,830040,51720,820635,67271,75553,0.009284959,4.576220277,0.008774772,4.617145861
938,294266,317267,811666,49179,822473,70656,72704,0.008049014,4.583939975,0.007594271,4.61774185
939,298273,317955,824221,50014,823279,68487,74436,0.007773125,4.571948,0.007284959,4.617852726
940,295027,319703,828462,49795,830900,74059,70218,0.008909975,4.599160652,0.008464827,4.617060091
941,299235,318419,835520,50983,822213,69081,73721,0.009437938,4.608210278,0.008949995,4.608196701
942,296370,318569,821132,49887,826246,70661,73391,0.008159603,4.599132761,0.007487404,4.618111207
943,292181,316561,800343,48430,823212,70822,72575,0.011822176,4.601156025,0.01124155,4.606683396
944,295825,318031,821309,49922,824797,71147,71926,0.005546872,4.6180957209999995,0.005063627,4.618088719
945,292920,316331,811622,48937,818475,69261,72101,0.008022041,4.576513965,0.007455376,4.614502028
946,294046,317351,820528,49362,820458,71578,71115,0.005834625,4.601305684,0.005417868,4.610813423
947,300833,319648,835020,51422,825580,68286,75258,0.008691469,4.578373569,0.00822488,4.607925491
948,294070,317839,816250,49292,822684,71118,71445,0.007945384,4.599930932,0.007499207,4.61155632
949,290230,316649,810253,48035,820757,73792,69316,0.008678831,4.583400891,0.008228607,4.617392232
950,294445,316841,812967,49451,822535,70207,72918,0.018361182,4.601185934,0.010239198,4.617517251
951,293734,316936,807471,48837,823538,70156,72621,0.00554672,4.607926326,0.00506732,4.614702507
952,294627,318119,820652,48851,826110,73665,70563,0.010682789,4.593312931,0.01015986,4.618471822
953,298734,318017,829817,51409,822663,68634,74713,0.009362115,4.598882035,0.008900156,4.609490816
954,299503,317998,832759,50900,821876,68252,74971,0.01044734,4.615493199,0.00991327,4.615491132
955,291640,318423,812735,47966,825013,74066,69646,0.009518721,4.598296556,0.008582739,4.605771802
956,299337,319230,834152,51232,821894,69074,73590,0.009659901,4.589348905,0.009193407,4.617282238
957,296090,318204,818000,49867,825772,70576,73046,0.009838769,4.58017695,0.009126445,4.6088464160000004
958,297149,319429,831351,50286,826594,70423,72815,0.009902251,4.618127737,0.009380053,4.618123641
959,294881,317543,813770,50009,824574,70094,73111,0.009298226,4.561257582,0.008537389,4.611058886
960,296001,317451,810331,49050,823265,68763,73685,0.010153771,4.593386344,0.009651308,4.614847314
961,296495,319218,827022,50095,826576,71742,72008,0.009716431,4.603645134,0.009207028,4.614600583
962,301064,319732,837002,51263,825157,69048,74619,0.007235406,4.60681578,0.00682819,4.614112428
963,295525,317276,815976,49457,821929,69480,73833,0.00805266,4.596070524,0.007597781,4.60516066
964,299944,318875,831463,51439,825099,67724,75243,0.00470509,4.602920375,0.004303324,4.617950887
965,295138,318191,823735,49487,825271,71754,71346,0.011045071,4.607006673,0.010046666,4.610432193
966,299374,319128,831799,50632,823236,69625,73693,0.012759437,4.611306743,0.010885933,4.61560889
967,294531,317935,812742,48834,823968,71165,72200,0.010835941,4.597739259,0.009381157,4.607302693
968,297682,317481,822064,49651,822014,68727,73975,0.010792573,4.601870675,0.010245533,4.611409975
969,297051,318920,828671,50733,820349,69651,72324,0.009351745,4.562299352,0.008875034,4.614902207
970,293989,317786,813147,49021,824362,71714,71733,0.007172815,4.608276626,0.006549576,4.614735043
971,290173,317909,804224,47480,824764,73724,69615,0.007901291,4.6017217,0.007420623,4.614515794
972,300208,319471,832907,51056,824764,67979,75612,0.006423099,4.587513296,0.006006577,4.617205728
973,300505,319280,837705,51500,825777,68816,74080,0.007238807,4.580676855,0.006816622,4.611421439
974,296024,317401,821471,49800,820714,70126,72675,0.008353098,4.586781104,0.007680515,4.601828065
975,294491,317896,807831,48814,824044,70301,73003,0.009015748,4.576318361,0.008515723,4.618519489
976,292868,316436,805388,48411,821252,70388,72190,0.005433788,4.599870754,0.005008308,4.611922848
977,299510,319719,838855,50925,823757,69852,72838,0.008013709,4.583905398,0.00758577,4.616073916
978,281610,315055,785736,45384,817091,77790,64312,0.007581784,4.587413099,0.00713307,4.607829226
979,295199,318269,820067,49566,822026,70715,71689,0.009535551,4.617261707,0.009054952,4.6172722870000005
980,301407,319449,834138,51422,826669,67313,76290,0.007678383,4.584991299,0.007074193,4.615562092
981,297465,319484,829730,50385,823717,70907,72363,0.006571072,4.596631596,0.00616048,4.6143541
982,299393,318485,833163,50698,824721,70245,73541,0.009576538,4.602246652,0.009112007,4.61224641
983,299510,318892,824191,50719,824202,67703,75626,0.010532893,4.608254288,0.010040183,4.617003104
984,287385,315780,787954,46700,821435,72511,70122,0.008491218,4.598760715,0.007998254,4.614350551
985,295590,317518,821480,49363,820305,70196,72073,0.009111927,4.598749138,0.008575124,4.613435646
986,294036,317971,812848,49213,825516,71936,72082,0.010366419,4.601289034,0.009563441,4.604447554
987,302027,319656,839188,51644,825957,67874,75889,0.008697107,4.60096585,0.008264364,4.611203183
988,297162,317268,814035,50182,821774,67177,75568,0.009825094,4.598858407,0.009255119,4.618356171
989,300431,320079,837066,51089,825584,69656,74174,0.008961058,4.597875762,0.008513532,4.617852818
990,298656,319606,832436,50804,823884,69958,73604,0.008083911,4.591160229,0.007637412,4.616702255
991,298161,319056,825408,50092,827484,70094,73426,0.01175594,4.603504175,0.009422462,4.611282988
992,296197,318649,811965,49972,822374,68754,73833,0.006699762,4.598222427,0.006253137,4.614034873
993,300017,318587,835518,51221,825142,69798,73917,0.008495612,4.6077421990000005,0.008042735,4.611638564
994,298411,318677,824870,50366,826718,70084,73858,0.009569257,4.57603081,0.008082149,4.616740691
995,300536,320560,836084,50587,829196,69620,74686,0.009192086,4.604083386,0.008724921,4.614874342
996,301886,318582,836367,51572,825997,67683,76023,0.007211711,4.616910311,0.006770127,4.616891981
997,295508,318253,823010,49902,823935,71783,72162,0.008305783,4.585510496,0.007868557,4.618092435
998,297597,318600,824584,50015,826973,71087,73044,0.010546796,4.583780144,0.00973785,4.615966865
999,301666,318960,839335,51325,821142,67506,75892,0.010298089,4.59320516,0.009801194,4.616892085
1000,292461,318391,805304,48250,825638,72343,71455,0.00780597,4.569948126,0.007133391,4.605613595
1001,291378,317201,804461,48106,823175,72764,70254,0.008813698,4.585636567,0.008323082,4.617585161
1002,300957,319727,838574,51692,822013,67910,74601,0.010259822,4.602242971,0.009787119,4.617638989
1003,292946,317349,813567,49086,822255,71952,70930,0.009346116,4.5746830450000004,0.008870266,4.6107277589999995
1004,295167,317075,809139,49168,817714,68619,73747,0.009518787,4.571388415,0.009005715,4.618337303
1005,298479,319356,834582,50622,821236,69850,72270,0.009228095,4.616862388,0.008751977,4.617338935
1006,292499,317231,807233,48705,824377,72535,70945,0.004489721,4.593014535,0.004046196,4.60970286
1007,290911,316872,796773,47649,823511,71785,71545,0.008271904,4.603315149,0.007788662,4.603301342
1008,296059,317779,815436,49633,823175,68583,74212,0.010367069,4.568543167,0.009573962,4.615080019
1009,299687,319031,837155,50881,824865,70051,73448,0.003626332,4.608544337,0.003158138,4.617843407
1010,295159,318244,816074,49929,824787,71242,71853,0.015433466,4.594737599,0.009111839,4.615854498
1011,300461,320195,832869,51091,831356,69344,75336,0.011163845,4.59324543,0.010256062,4.60633394
1012,302466,318743,840269,51680,820877,66584,76423,0.011368422,4.574595556,0.010861941,4.608408982
1013,300801,319789,840386,51364,825623,70172,74322,0.008632966,4.590415812,0.008187011,4.611110795
1014,297069,318193,823818,50205,826246,70830,73393,0.011901463,4.570044267,0.009017781,4.616525292
1015,299419,318099,825437,50620,823401,68157,75167,0.006437602,4.615067535,0.005996143,4.6150848700000004
1016,300814,319016,838515,51148,826549,68080,75807,0.006924267,4.586381615,0.00647653,4.618497478
1017,293426,318626,812341,49133,826378,72913,71411,0.01054572,4.601323644,0.010020767,4.603598065
1018,296811,317719,822487,50557,824447,70160,73133,0.00745335,4.587093783,0.006994633,4.615001786
1019,298338,318630,823211,50252,824182,68654,74462,0.008223617,4.615148703,0.007730288,4.615143972
1020,299095,317662,827153,50835,821595,67351,75376,0.00898766,4.570158707,0.008563174,4.604155862
1021,295855,318383,820639,49493,824524,71480,71557,0.008086601,4.583176779,0.007594576,4.610569186
1022,300441,319508,837348,51113,824353,68832,74181,0.007828479,4.583201342,0.007403112,4.613028021
1023,298580,318776,825785,50727,826830,69219,74526,0.008500359,4.593112013,0.008017148,4.613461663
1024,290173,316614,793255,47582,826023,72689,70818,0.00943682,4.603821209,0.008710972,4.606854813
1025,300978,318617,836146,51408,824066,68064,75232,0.010475892,4.615565986,0.009994804,4.617934833
1026,297076,318793,827558,50499,827024,71257,72969,0.008916479,4.603815243,0.008462283,4.61770184
1027,298748,318978,829036,50802,825050,69133,74295,0.006649834,4.584996417,0.006246463,4.610362934
1028,293662,317389,811852,48809,825768,71424,72058,0.007465221,4.609476317,0.006962781,4.609466783
1029,298272,319497,834474,50523,827152,71668,72221,0.005789576,4.615583792,0.005390223,4.615569864
1030,298932,318670,833527,51300,822676,68322,74216,0.013163105,4.581970741,0.009437867,4.615072607
1031,299804,317894,826729,50919,823921,67778,76126,0.010262453,4.581396949,0.009728487,4.618215811
1032,299031,318434,833466,50825,823524,69182,74219,0.009753786,4.600773741,0.009275939,4.601838493
1033,299117,320111,835355,50787,825768,70210,73213,0.009727246,4.589257786,0.009247006,4.6046863
1034,291407,318212,804153,47883,824584,73102,69952,0.011660975,4.583266519,0.010841497,4.617195103
1035,300336,319217,833069,51710,822944,67310,75817,0.007941557,4.576129505,0.00753017,4.607270272
1036,299408,319658,829793,50841,826778,69061,74541,0.009214266,4.615283647,0.00875867,4.61708993
1037,298388,318148,831179,50701,821846,69361,73614,0.009217932,4.597844813,0.008727655,4.617284336
1038,293725,318921,814598,48834,827856,73927,70580,0.008630185,4.599156055,0.007927013,4.606495807
1039,290152,316746,796327,47515,823210,72787,70635,0.009841093,4.604112049,0.00906122,4.606680006
1040,300424,317798,830237,51054,822709,67168,75806,0.009971224,4.598231502,0.009499881,4.615800207
1041,296185,319121,827977,50124,823938,71497,71747,0.009976092,4.60373501,0.009039105,4.617002165
1042,297939,319261,828106,50461,827062,71216,72525,0.012271914,4.581990667,0.011791225,4.616340171
1043,301921,318948,836518,51659,823333,67633,75361,0.010312143,4.613082252,0.009836836,4.613066667
1044,290933,317328,804933,47529,823048,72380,70422,0.009096349,4.590814689,0.008548936,4.605525785
1045,291780,317694,811940,48325,822501,73972,69480,0.007796978,4.583953062,0.007377246,4.613304888
1046,293791,318204,808936,48690,825908,71855,71910,0.00631435,4.607754921,0.005878189,4.6182943640000005
1047,294923,318002,811455,48847,822458,70325,73017,0.012705205,4.590501497,0.010898738,4.617032377
1048,288187,316694,792860,46980,823377,72789,69495,0.01551416,4.59678671,0.011290761,4.605294154
1049,295178,318001,821894,49536,821360,70761,71771,0.007700759,4.581282067,0.007265973,4.612326922
1050,300532,319978,835489,51327,827243,69535,74305,0.011127977,4.61707498,0.010662154,4.6181605260000005
1051,300214,318311,827008,51086,824397,67028,76008,0.012048952,4.606489758,0.011254104,4.6124492759999995
1052,296256,318273,824897,49809,819795,69492,72636,0.010603329,4.576823627,0.010101818,4.612234732
1053,301681,319717,838499,52071,822689,66986,75764,0.010613119,4.571413963,0.010117589,4.612240653
1054,300955,319323,838749,51131,824644,68773,74542,0.008994008,4.617197646,0.008551821,4.617263565
1055,297957,317557,828968,50718,822427,69273,73909,0.00913189,4.581617388,0.008666589,4.604598471
1056,294516,318992,818426,49599,826275,72650,70901,0.013223617,4.591088135,0.012707143,4.60639458
1057,293868,318153,816548,49512,826352,71897,71719,0.009862891,4.599168601,0.009206637,4.616807554
1058,298099,318360,828671,50488,820762,69153,73520,0.009884693,4.586439743,0.009428391,4.618852071
1059,293675,318384,808282,48558,827096,72304,71418,0.009139363,4.605040928,0.008631652,4.617417605
1060,293102,317842,812919,49066,826176,73001,71148,0.006507885,4.5934563090000005,0.006048315,4.601725808
1061,291688,316413,801056,47710,821905,71112,71807,0.008991267,4.579654138,0.008249965,4.612929114
1062,299418,319078,831844,50876,828220,70688,74381,0.008501053,4.578293531,0.008055612,4.617890264
1063,297881,318239,823857,50922,823554,69414,74072,0.007562508,4.587065182,0.007128043,4.61777782
1064,296819,318545,825175,50487,821748,70339,72097,0.010002727,4.6041644470000005,0.009560331,4.606208652
1065,295838,317628,824404,50109,821037,70565,72564,0.009847227,4.583815733,0.009364357,4.617518622
1066,290881,317677,804004,47843,824243,73170,70048,0.009393712,4.615346138,0.008898893,4.616472738
1067,300482,319126,833427,50930,822332,67430,74642,0.00919104,4.575838881,0.008708496,4.617059316
1068,293825,317259,812872,48933,821410,70932,72094,0.006561839,4.608002086,0.006124694,4.617004619
1069,300120,318752,832254,51577,825371,67721,75371,0.008105688,4.598335875,0.007654388,4.614139814
1070,296213,319053,823251,50261,827192,70518,72814,0.009311407,4.607743037,0.008802991,4.607740041
1071,302221,320024,838638,51840,827044,68611,75685,0.007801392,4.574185002,0.007391304,4.617922705
1072,295616,318168,817369,49631,824063,70185,72473,0.008144047,4.5628352979999995,0.007675918,4.611748524
1073,303683,319531,841780,52106,823963,65887,77472,0.007692583,4.5988949980000005,0.007284442,4.604106042
1074,294115,317914,806072,48516,825938,71583,72131,0.008405519,4.5909795970000005,0.007939797,4.610445875
1075,297604,319198,822900,50354,828022,70535,73402,0.013706679,4.602008524,0.010689329,4.618835579
1076,293224,318162,814179,48732,824852,72625,70999,0.00787304,4.561411419,0.007352316,4.600704605
1077,297235,317827,819908,49564,819871,68472,73848,0.004697097,4.581524766,0.004220955,4.602821513
1078,292747,317428,806657,48616,824073,71289,71408,0.011797554,4.600193797,0.010987309,4.605866574
1079,300595,318730,841022,51164,822140,68773,73905,0.0068857,4.590228377,0.006481079,4.617378101
1080,293410,317548,810097,49205,820057,70824,71583,0.007280844,4.572465119,0.006578381,4.612184534
1081,297087,317515,816694,49850,821326,67872,74206,0.010735282,4.583310466,0.010224691,4.603414699
1082,301561,319418,838470,51644,823905,67932,75331,0.011514252,4.6027395129999995,0.011002808,4.612772571
1083,293707,317670,814899,48669,826134,71824,71634,0.009224041,4.583208457,0.008714552,4.606796737
1084,297072,318689,822471,50020,824663,70802,72803,0.005435648,4.594275925,0.004965816,4.617441541
1085,297778,319113,824536,50169,825945,70021,73700,0.009126237,4.604201722,0.008574442,4.618532411
1086,292999,317924,809094,48405,825945,72859,71445,0.00902905,4.594184604,0.008516112,4.614851169
1087,297405,318395,827566,50465,824062,69225,73534,0.010594433,4.61709919,0.009194316,4.617091996
1088,296017,318539,815631,49797,822927,70017,73336,0.00803152,4.610449328,0.007573422,4.617328861
1089,300286,319392,833191,51345,828525,68678,74764,0.010999248,4.581408723,0.010530145,4.606714726
1090,293321,317485,808578,48218,826466,73107,70814,0.012678402,4.589201899,0.009739735,4.617495726
1091,294568,318805,812721,49146,825802,71073,72209,0.006659555,4.607911803,0.006228885,4.6148699539999996
1092,299119,318462,832507,51136,824395,69253,73894,0.011061333,4.5777715279999995,0.01061329,4.610982648
1093,301325,319030,830127,51550,826324,67348,76157,0.008117472,4.614670062,0.007613719,4.617528633
1094,301175,319409,838121,51362,826222,69312,74820,0.009285545,4.601608252,0.008809522,4.617621751
1095,287624,316907,792092,47108,821469,74366,67997,0.010792389,4.59665058,0.008283547,4.6120681999999995
1096,295894,318716,821892,49951,824556,70983,72280,0.007263528,4.591340882,0.006822011,4.616149804
1097,297985,319649,834169,50792,827385,71037,72664,0.008767628,4.576334633,0.007891361,4.606848991
1098,299613,318995,834925,50959,821367,68161,74460,0.004778517,4.60631632,0.004299646,4.617040424
1099,299446,318929,834683,51048,823111,68746,74164,0.00870377,4.5821751,0.00782526,4.612106839
1100,296134,317951,818518,49795,822660,69915,72847,0.009347193,4.618871345,0.008877027,4.618865653
1101,295837,318800,823876,50185,828381,72599,71816,0.010630481,4.615336521,0.010165879,4.615332062
1102,293032,318296,809222,48848,827259,72648,71444,0.012780714,4.583476464,0.0105309,4.61709602
1103,296578,318858,823454,49535,825594,70910,72502,0.011063846,4.599979759,0.010303405,4.613245569
1104,300546,319455,831340,51476,825836,68843,74653,0.009841857,4.602257262,0.009390313,4.616867204
1105,295065,317695,809088,49249,824046,69723,73534,0.008403354,4.571334392,0.007648292,4.6173110059999996
1106,293044,318369,810754,48528,828316,73759,70704,0.007762325,4.593229228,0.007323067,4.610441897
1107,294207,317724,815319,49387,825242,70757,72329,0.008746387,4.606608061,0.008267349,4.618348923
1108,297121,318905,821900,49855,825276,70345,73096,0.009061103,4.598480353,0.008494893,4.607766321
1109,299242,318976,832474,50863,824507,69240,74316,0.00994476,4.571283626,0.009005852,4.610061776
1110,301199,318410,839596,51470,822425,67797,75323,0.008648525,4.598267234,0.008209166,4.618102722
1111,298673,318266,833103,50470,821673,68908,73969,0.007977086,4.56125024,0.007513561,4.615361865
1112,299046,318388,830995,50867,823581,69094,74182,0.005872972,4.593305126,0.00546679,4.616677746
1113,293907,317674,807840,48793,822637,70035,72677,0.008018958,4.581535083,0.00754435,4.613950802
1114,299999,318805,835581,51387,823948,68606,74619,0.00736521,4.605519612,0.006931991,4.606164268
1115,285961,316185,794621,46317,822516,76632,66493,0.006717915,4.616925315,0.006243886,4.618705309
1116,293446,317635,807797,48840,820994,69820,72266,0.011114051,4.575616831,0.010388107,4.6116291369999995
1117,301669,319463,840321,51676,824895,67615,75590,0.007044689,4.609474145,0.006632749,4.616245502
1118,294071,317592,814648,49315,822169,70724,71646,0.01550658,4.613254057,0.011604599,4.6132403360000005
1119,296700,318474,820283,49819,822626,70095,73595,0.011542693,4.583817726,0.009149082,4.603482226
1120,296776,318242,818930,49527,824246,70682,72782,0.009035174,4.615116947,0.008560663,4.615123199
1121,302549,319415,840613,51527,826698,68128,75868,0.009673557,4.582041361,0.009188427,4.611819358
1122,298895,318747,828892,50208,824127,69333,73737,0.008466007,4.615135716,0.008032428,4.617525072
1123,299207,319226,832124,50807,819769,67681,74206,0.009422755,4.5930469800000004,0.008948913,4.606041802
1124,298522,319306,830973,51159,826726,70130,73566,0.009770105,4.572822845,0.009319012,4.605326215
1125,287235,317065,793624,47171,822150,74392,67871,0.009043681,4.598325686,0.008526765,4.617447695
1126,284995,316838,791240,46057,821473,77064,65830,0.01021513,4.583325614,0.0097088,4.617229003
1127,300075,318675,835025,50900,823589,68927,74114,0.005743862,4.615132916,0.005348175,4.618109737
1128,294299,317436,815038,49572,822524,70947,72042,0.006484935,4.601228107,0.006051373,4.616542584
1129,303966,319350,840198,52477,825639,65803,77579,0.010219886,4.583402207,0.009769824,4.616587862
1130,292463,316416,803596,48501,824145,71929,71269,0.009736463,4.583293954,0.009236692,4.61398429
1131,299390,318828,834466,50854,824307,68957,73936,0.009275936,4.583174061,0.008789173,4.608177675
1132,299783,319498,833603,51514,823173,68645,74079,0.008866674,4.571183104,0.008431272,4.608774917
1133,303192,319650,840085,51687,825446,67067,76425,0.006359794,4.585483878,0.005943194,4.615393793
1134,298992,319256,833199,50952,829054,69753,73972,0.009229637,4.595122399,0.008751158,4.61738872
1135,293355,317422,813027,48869,822465,71472,71137,0.010598847,4.583856771,0.010105076,4.615895937
1136,298446,318526,829769,50018,824100,69837,73779,0.008624857,4.608052438,0.008194976,4.608045043
1137,295066,317321,809507,49114,821770,69412,73348,0.008919205,4.612046935,0.007546553,4.612036651
1138,297028,319298,825045,50513,825806,70749,72827,0.007084672,4.578721103,0.006660284,4.605120793
1139,301176,319131,839922,51421,822960,68011,74769,0.005436794,4.589340711,0.005040647,4.617867207
1140,289030,317413,795715,47493,825321,73504,69771,0.010517748,4.615373571,0.009971323,4.615694292
1141,289218,316786,800792,48110,824235,75150,68063,0.00907135,4.611592294,0.008582356,4.617239539
1142,297465,318187,825380,50325,822755,70082,73469,0.013858332,4.594118545,0.011266765,4.614606495
1143,300260,320542,839481,51190,826720,69678,73850,0.009193431,4.592353146,0.008711557,4.604342827
1144,297049,319386,830669,50378,826336,71390,72536,0.009070497,4.57967951,0.008627621,4.606844267
1145,295492,319308,825391,49435,826762,72500,71551,0.008621231,4.5830538480000005,0.008168414,4.61334046
1146,299853,319454,831289,50808,824174,69217,73708,0.010565714,4.571162666,0.010115243,4.614438847
1147,296164,318595,820679,49833,826186,71139,72631,0.01028639,4.592363092,0.00977263,4.612464503
1148,290528,318029,803069,47978,827288,74546,69405,0.009658566,4.584069177,0.00918588,4.615405329
1149,298341,318624,825680,50748,825296,70083,74029,0.008362156,4.5765077309999995,0.007695472,4.608071531
1150,302071,319113,840774,51813,825035,68803,74749,0.008021687,4.586640859,0.007595464,4.618372594
1151,296254,318896,820859,49435,826106,71237,72511,0.006164004,4.614507429,0.005751663,4.617305598
1152,298771,318785,832352,50944,822223,69800,73518,0.006077028,4.593392076,0.005667189,4.617241067
1153,294644,317570,815904,49135,823932,70703,72294,0.01312234,4.606738998,0.01107079,4.607289004
1154,299954,319433,832259,51316,823127,67579,75469,0.009343028,4.602372674,0.008866085,4.617965815
1155,298241,317159,818652,49409,819631,67189,75007,0.008659668,4.606514828,0.008208965,4.618120697
1156,290899,317887,805342,48025,821652,72895,69212,0.008730553,4.614577979,0.008017682,4.6145678530000005
1157,300945,318478,834981,51409,820895,66676,75755,0.00591139,4.591146654,0.005509503,4.616528596
1158,296260,318402,816597,49268,825384,70008,73621,0.009616425,4.599157759,0.009080364,4.60687671
1159,298723,317777,822445,50545,822775,67512,75067,0.01230132,4.579469452,0.011157705,4.610055201
1160,294131,317196,814904,49034,820022,71050,71641,0.009148882,4.6067456490000005,0.008649541,4.6188825730000005
1161,301714,320103,840162,51352,826791,69281,74918,0.010281921,4.583334096,0.009813003,4.6182105060000005
1162,298782,318951,832525,50614,825261,69734,74099,0.006836574,4.607815553,0.006422159,4.617036528
1163,296929,317489,820227,50273,823251,68904,74319,0.007017958,4.581968998,0.006577092,4.613768344
1164,290570,317540,806965,47927,825855,74259,69307,0.008520881,4.58901744,0.007838065,4.615625116
1165,301888,319301,838537,51717,823473,67231,75987,0.011278661,4.595551664,0.010394196,4.613825962
1166,300975,318394,830596,51218,820908,66048,76456,0.012954216,4.597802392,0.008069672,4.618426596
1167,298746,318318,826104,49962,825775,68610,74808,0.008974221,4.6028278910000004,0.008510615,4.608414951
1168,298615,318647,830983,50904,822310,69124,74133,0.009916507,4.607068103,0.009470329,4.616744225
1169,301419,319208,836804,51603,822344,67405,75224,0.00931972,4.597076008,0.008886015,4.61678247
1170,296414,318609,824948,50491,824414,70076,73009,0.010336191,4.59599321,0.009567697,4.6144899200000005
1171,298421,318772,820292,50049,826951,68587,74699,0.007565592,4.586294233,0.0068699,4.611178829
1172,299731,318580,836315,51168,823482,68805,74262,0.010174158,4.575030434,0.009725784,4.606193184
1173,301176,319949,838788,51312,829058,69663,74690,0.008033946,4.562362803,0.007605078,4.614327512
1174,294177,317710,809526,48856,826350,70992,72176,0.007861898,4.606875413,0.007428922,4.61649918
1175,298213,317208,821013,50577,819346,67032,75335,0.008234702,4.595179988,0.007772631,4.614584118
1176,301354,319293,838295,51654,824070,67593,75290,0.006546589,4.614608046,0.006133122,4.617741299
1177,293083,318369,809213,48649,822566,72109,70714,0.007981147,4.606823343,0.007529231,4.609788855
1178,298573,317833,824218,50661,822069,67248,75484,0.009207927,4.579349819,0.008550238,4.598565558
1179,300614,319376,837708,51201,828700,69620,74292,0.009190382,4.615334613,0.008740049,4.615987369
1180,299909,320549,835609,50797,826762,70679,72893,0.011677624,4.615418908,0.011184947,4.616145049
1181,301644,317996,836691,52017,819400,66226,76609,0.008058318,4.584415779,0.007632522,4.60949946
1182,298896,317934,822547,50549,821955,67647,74869,0.006868485,4.597685375,0.006424524,4.614024688
1183,301843,319850,837478,51497,826718,67833,75273,0.006936072,4.601113897,0.006522476,4.606207314
1184,295371,317105,815484,49739,822485,70099,72699,0.011826647,4.547696888,0.009128006,4.618405862
1185,295153,318153,811709,49484,825024,71111,72572,0.006653934,4.586365492,0.006208089,4.614159449
1186,296560,318909,814102,49745,828040,70021,73467,0.009598755,4.59107422,0.009024113,4.616456511
1187,296033,318156,822948,49798,822997,70858,72312,0.007366855,4.6027319,0.006941108,4.618732929
1188,295221,318435,820249,49460,823840,71904,71797,0.013271319,4.615274935,0.009027707,4.617793965
1189,299913,318774,836034,50992,823260,68965,74423,0.008304236,4.599817209,0.007869621,4.618497295
1190,302809,319403,838157,51702,824945,66998,76609,0.009500016,4.583254879,0.008562004,4.610073584
1191,295910,318022,818255,50067,824617,69624,73824,0.008085035,4.601651317,0.007630075,4.61695435
1192,295326,318041,816853,49940,822372,70083,72598,0.007655442,4.580381958,0.007180501,4.61201133
1193,299967,319671,834881,50710,823056,68750,73890,0.007978333,4.604272692,0.007543897,4.615840705
1194,302094,319029,840085,51754,824358,67288,75905,0.009041483,4.589479498,0.008599383,4.614161049
1195,301806,319269,835796,51497,823435,67368,75821,0.007662588,4.58928535,0.007232034,4.617064609
1196,291040,316878,805204,48395,823198,73742,69986,0.007280761,4.6067185980000005,0.006824815,4.616109172
1197,293013,317838,808114,48409,824610,71839,71449,0.011516448,4.574649818,0.01100834,4.616788366
1198,295322,318308,814308,49748,828003,71296,72565,0.010510502,4.614375433,0.008943388,4.615890263
1199,298396,318879,827520,50597,823597,68533,74311,0.009523983,4.567322975,0.009073072,4.613481343
1200,300398,318982,837478,51214,823093,69084,74149,0.007265296,4.615263605,0.006829909,4.6181555450000005
1201,295444,317711,815987,49204,823082,70673,72240,0.005767746,4.606651774,0.00524588,4.606671309
1202,298016,318935,823565,50153,826253,69744,73708,0.009539255,4.606105307,0.009012672,4.615018811
1203,301083,317998,831230,51256,820184,66046,76172,0.010250035,4.5995788399999995,0.009793203,4.617357475
1204,288989,316819,804304,47589,822092,73874,68747,0.008034467,4.580122652,0.007583828,4.617800204
1205,299208,318166,836247,50983,818347,68539,73393,0.009027685,4.615431163,0.008577013,4.618229409
1206,290957,317568,808329,48080,825349,73600,69593,0.008972371,4.608617304,0.008531773,4.614619727
1207,293554,317907,806494,48842,827283,71865,71913,0.007009887,4.565554345,0.006481814,4.613049608
1208,292249,318077,807560,48205,823557,72862,70209,0.009527458,4.596900666,0.008804781,4.602558116
1209,298462,318949,832801,51022,824659,70156,73678,0.00683897,4.598860215,0.006423952,4.617196204
1210,301418,319461,835251,50981,827726,68981,75252,0.010470653,4.564590796,0.010024217,4.6146694010000004
1211,297342,318600,823226,50135,825120,69766,73575,0.009405039,4.579383421,0.008710596,4.607577183
1212,300775,319398,837720,50980,823553,68481,74274,0.012502171,4.585169378,0.011984414,4.6175757520000005
1213,296322,318731,819983,49791,823153,70492,72073,0.008927419,4.614525603,0.008275529,4.614519356
1214,298672,317602,833764,50541,819332,67153,75049,0.011419703,4.601551291,0.010917508,4.617683085
1215,302135,318761,839028,51936,823220,67333,75911,0.007706027,4.6130746479999996,0.00728332,4.616635182
1216,298644,318642,832656,50855,823422,69217,73840,0.007897203,4.603753446,0.007446645,4.617681592
1217,301191,318656,837206,51529,822373,67521,75564,0.007847118,4.571855053,0.007428585,4.617023894
1218,301878,318892,837766,51570,821808,66577,76053,0.01074563,4.5970404160000005,0.010254542,4.609112476
1219,300916,318964,828388,51250,828253,66877,76597,0.010446064,4.615274155,0.009663567,4.617526596
1220,297505,318482,831858,50397,821321,70233,72957,0.010743166,4.595250812,0.010275902,4.610379172
1221,300339,318778,834957,51004,822260,67858,75298,0.008732835,4.615346358,0.008286409,4.615334056
1222,287208,318230,803594,46911,826757,76757,67002,0.010671068,4.602756548,0.010203292,4.602740516
1223,295298,316622,810257,49205,820022,68232,74089,0.011219444,4.5740350020000005,0.010393901,4.617253085
1224,300056,319007,832771,51249,828480,70531,73662,0.009938917,4.574998181,0.009504712,4.617396208
1225,299148,318211,829046,51255,823377,68764,74927,0.010098062,4.590093559,0.009624285,4.608001839
1226,300349,319848,832049,50807,825715,68682,74963,0.005951602,4.592655995,0.005514012,4.618564664
1227,294688,317261,809826,49539,821701,69351,73581,0.009244537,4.571189319,0.008737818,4.613923942
1228,300116,318969,833941,51286,823680,68491,74089,0.006422388,4.613595034,0.005967902,4.616279029
1229,298856,318718,827659,50796,824344,68844,74298,0.008405118,4.589386794,0.007905545,4.615041963
1230,295148,318331,814580,49309,826496,70753,73401,0.011278225,4.589442163,0.010687163,4.618392782
1231,301805,319047,838316,51829,827460,68037,75922,0.007744253,4.611035251,0.007314649,4.611027309
1232,297540,319232,818508,50582,824721,69063,73449,0.009933737,4.591315013,0.00919221,4.617411254
1233,294081,317401,806889,49157,823068,70116,72459,0.009360949,4.596939892,0.008870797,4.6163876120000005
1234,296629,318623,818859,49838,826047,70030,73408,0.006820924,4.593765429,0.006387454,4.610523885
1235,287314,316164,795403,47273,823210,74604,68502,0.011152239,4.599034236,0.010538193,4.610739304
1236,290729,317349,804624,48190,823681,73614,69932,0.009116915,4.6022840259999995,0.008615647,4.611400096
1237,297034,318755,823307,50018,823546,70315,73328,0.015904812,4.596530785,0.011183146,4.617105924
1238,299710,318794,830745,50837,822980,67537,75796,0.009630554,4.564871769,0.008868833,4.615270485
1239,300395,317738,833501,51333,820758,66697,76000,0.008946435,4.567483715,0.008507803,4.61592367
1240,298951,319288,834013,50931,825099,70424,73232,0.009099144,4.587170627,0.008641457,4.615387929
1241,291452,317185,807379,48937,821909,72205,70385,0.011053789,4.601383693,0.008168168,4.617903735
1242,300171,318103,832039,51238,821320,67681,75006,0.006652386,4.607801258,0.006244435,4.616125248
1243,299411,319167,835343,51018,823176,68122,74747,0.012865913,4.574944711,0.011886057,4.61527956
1244,297967,320095,832580,50327,828574,72250,72486,0.006916596,4.608537427,0.00649846,4.616977315
1245,299858,318930,830625,50824,824456,68470,75085,0.00895587,4.593350298,0.008269614,4.602989888
1246,300108,318885,827462,50951,824583,67951,75622,0.005780266,4.616450211,0.005340458,4.616443225
1247,298808,319456,828310,50570,826945,70333,74034,0.012596099,4.598036185,0.012094513,4.611763127
1248,270097,312620,727494,41087,821861,79925,62396,0.010239849,4.594092147,0.008170686,4.6165156
1249,295553,318556,816785,49644,828009,70862,73339,0.010722872,4.5803096,0.010045769,4.613757134
1250,302619,320505,838545,51602,827546,67805,75585,0.008501155,4.608083219,0.008040154,4.617201849
1251,299569,319524,833941,51011,825853,69223,74389,0.010189383,4.598520951,0.009708307,4.614603958
1252,299404,320432,835439,50943,831200,71802,73233,0.01007337,4.58902319,0.009596127,4.616957156
1253,300046,317932,827945,51160,822042,66349,76693,0.00930159,4.6078876829999995,0.008080782,4.616766403
1254,281184,316800,781380,45283,822687,79022,63644,0.00714871,4.583035714,0.00666905,4.615315235
1255,298469,318467,831077,51033,822702,68286,74557,0.008716258,4.579556256,0.008289945,4.610394395
1256,300613,319109,833423,51475,826311,69085,74606,0.010716609,4.606621251,0.010265666,4.613372001
1257,302283,319207,841652,52099,824101,67010,75951,0.009275437,4.600833909,0.008810084,4.613374929
1258,296400,318424,818041,49917,824748,70515,72966,0.007134245,4.599604892,0.006683437,4.613068292
1259,297942,318762,823522,50364,827712,69773,73826,0.009453286,4.617031267,0.008813714,4.617035623
1260,295893,319421,816829,49650,830661,71669,72553,0.006818269,4.5726268359999995,0.006365486,4.606331214
1261,299211,318652,825861,50585,825851,68714,75134,0.008041509,4.58823871,0.007382455,4.615195547
1262,296514,318806,814427,49713,825930,70531,72775,0.010227629,4.583126858,0.008958617,4.609255614
1263,301815,319178,839465,52024,823419,66758,75859,0.00550157,4.580093797,0.005101386,4.614627383
1264,299740,319255,835323,50768,823525,69256,73256,0.005356946,4.604296012,0.004943012,4.617175545
1265,300959,319109,835311,51519,824653,66946,76164,0.009802875,4.579577838,0.009343896,4.601456769
1266,298690,318711,829431,50949,822170,69279,73786,0.009176704,4.592040241,0.008733689,4.6126805300000004
1267,300411,318753,832888,50837,825046,68633,74763,0.004476081,4.577506914,0.004016302,4.616587332
1268,295719,318634,822371,49869,825437,71160,72260,0.006878494,4.583435613,0.00646432,4.615889564
1269,302534,318763,841392,51967,821563,65561,76720,0.007275686,4.574844255,0.006848348,4.618741303
1270,298528,318593,834465,50936,824060,69051,73656,0.007734663,4.5833195589999995,0.007307767,4.615977204
1271,295425,317574,814585,49494,822099,69018,73453,0.010563571,4.60143738,0.009072754,4.615302149
1272,269342,312910,727794,40964,822338,81075,61356,0.016279673,4.585431152,0.008569356,4.611203176
1273,304021,319959,839625,52256,827715,66435,77516,0.009071025,4.5909895800000005,0.008614968,4.6181665800000005
1274,295841,318895,819932,49164,824875,71480,71869,0.010289801,4.596869035,0.009763883,4.618473524
1275,285700,316725,792211,46951,820771,75720,66838,0.008352257,4.586059925,0.007843784,4.610017504
1276,300079,320293,840078,51545,828106,70060,73701,0.011302525,4.583610665,0.010799134,4.614785929
1277,300213,319218,830319,51188,826081,67579,75828,0.010833599,4.615286185,0.010267848,4.617483845
1278,300623,318561,836013,50822,823646,68854,74942,0.008404863,4.607134884,0.007934825,4.616894925
1279,295701,318157,816365,49460,825482,70642,72999,0.01063315,4.561548743,0.009927577,4.612403319
1280,299099,318216,833270,50796,824280,69318,73491,0.0063109,4.581681762,0.005887766,4.616392904
1281,293497,318197,806103,48593,826827,71735,71825,0.008399231,4.618294942,0.0077172,4.618292304
1282,301364,318965,840452,51784,820721,67181,75512,0.007822332,4.596873686,0.007386582,4.611516924
1283,300954,318383,831681,51320,821182,67176,75099,0.007918335,4.580299895,0.007487232,4.605890996
1284,299363,318250,834645,51313,824119,69864,73817,0.009255167,4.613628558,0.008792282,4.613627061
1285,298402,318100,824005,50410,821988,67732,75082,0.005947384,4.592173159,0.00552085,4.606741709
1286,296428,318174,825676,50146,823446,70513,72508,0.006931159,4.580252697,0.006512928,4.6146606949999995
1287,301090,320326,836458,51534,829214,69127,75020,0.013042693,4.60930834,0.012563571,4.61840479
1288,301702,319371,837487,51123,824736,67871,75726,0.01390179,4.583471221,0.011046313,4.618284046
1289,294676,317076,812617,49177,821235,69870,73183,0.006571405,4.603692376,0.006134194,4.616698916
1290,294159,317794,812536,49317,823612,71120,72107,0.009615458,4.604327082,0.009137118,4.617242836
1291,292622,317609,806135,48635,825784,72003,71401,0.006059256,4.596632894,0.005621993,4.617093148
1292,298477,318305,835367,50430,822955,69422,73777,0.008980845,4.606863909,0.008537053,4.6068703
1293,303419,318114,837817,51851,820357,65136,77769,0.010378775,4.586013808,0.009876766,4.615962282
1294,297443,318404,821839,50593,824436,69341,73450,0.014885609,4.608079129,0.009854108,4.61452677
1295,299915,318325,833524,51114,820033,67516,75002,0.007594512,4.584836076,0.007173305,4.611988543
1296,294394,318017,817650,49420,821807,71351,71439,0.008043579,4.5890128709999995,0.007574563,4.613292536
1297,301437,318631,836586,51492,822584,66243,76708,0.005744589,4.575741755,0.005312359,4.6171419700000005
1298,297369,317928,824587,50584,822924,69153,73625,0.007640663,4.573792239,0.007195677,4.603926253
1299,301111,319168,834626,51485,822508,67523,75426,0.007845849,4.604910352,0.007422959,4.605908749
1300,296062,318390,823717,49698,824476,71060,72078,0.010954758,4.569239535,0.009430596,4.614175847
1301,303978,319248,839188,52573,822426,65109,78076,0.008299998,4.57612938,0.007864912,4.6163634590000004
1302,290565,317629,810218,48719,822928,73721,69273,0.010186058,4.60137238,0.009719897,4.617221337
1303,294907,317667,816571,49323,821965,70416,72395,0.005007894,4.601791493,0.004564926,4.61796056
1304,296233,318806,825189,49484,826795,71872,71945,0.009830903,4.59854239,0.009324206,4.613857981
1305,304018,319605,841900,52218,825752,66168,77643,0.013801872,4.603643556,0.010044001,4.603634702
1306,298205,318205,827583,50666,825196,69823,74128,0.013450251,4.567888795,0.01232507,4.608748189
1307,295447,318924,817979,49951,826189,70933,72755,0.006494443,4.571236932,0.006049619,4.607688725
1308,300411,319385,836933,51379,823375,68145,74706,0.005564263,4.580821654,0.005163556,4.602731563
1309,304169,320130,841020,51671,824794,65894,77565,0.009248032,4.613796146,0.008780059,4.617649442
1310,299388,318884,830234,50651,823245,68909,74144,0.007876455,4.582233929,0.007451012,4.61009422
1311,298611,318033,825065,50345,823554,69046,74479,0.0084906,4.599971369,0.008049299,4.61168173
1312,301597,321063,840370,51959,830748,70691,74037,0.010975289,4.582185857,0.010518387,4.615791183
1313,303671,319295,842922,52020,824427,66388,77370,0.007979216,4.5988320510000005,0.007560278,4.614626862
1314,299580,318561,834022,50823,824495,69336,73896,0.009975197,4.5988613780000005,0.009537671,4.604211944
1315,299221,319262,829816,51106,825980,69306,74506,0.007673946,4.617679423,0.007257226,4.617670573
1316,292276,318378,819290,48994,825095,74633,69396,0.007142923,4.586406754,0.006711,4.617799844
1317,303278,318827,841477,52224,823111,66322,76980,0.010619065,4.592067636,0.010129605,4.599802082
1318,301970,319334,842375,51567,823807,67919,75184,0.008999801,4.608583947,0.008552287,4.608577764
1319,295363,318935,819153,49542,826785,71954,71853,0.006869204,4.571671757,0.006410411,4.608613836
1320,299003,318498,829572,51069,823774,69301,73923,0.009195885,4.617207141,0.008744964,4.617202489
1321,292094,317425,807370,48265,822734,71452,71251,0.009680005,4.5710968560000005,0.009184393,4.616239504
1322,294668,317514,816512,49561,821254,70644,72177,0.00802073,4.587619566,0.007346042,4.617594276
1323,297761,318255,826525,50165,821738,69238,73671,0.01021514,4.591540551,0.00971831,4.601953847
1324,294325,319033,813338,49135,827988,72507,71773,0.008852154,4.5832415520000005,0.00837412,4.617927924
1325,303980,318996,843023,52401,822634,64928,77852,0.005658142,4.582328639,0.00525375,4.615965463
1326,297028,318997,829141,49858,824966,70629,72679,0.010551708,4.594857947,0.010042977,4.616674441
1327,301359,318655,837697,51488,821455,67343,75477,0.011157355,4.604707642,0.010682854,4.611151621
1328,298777,318209,829324,50576,819678,68048,74479,0.009697487,4.617114791,0.009162533,4.617102775
1329,297487,318550,826084,50487,823708,69487,73745,0.009883534,4.596764719,0.00942451,4.606694505
1330,297993,317872,827563,50665,821626,68751,74131,0.008755775,4.583190337,0.008290733,4.612872085
1331,301645,318737,836409,51833,824237,67357,76021,0.009020753,4.617024034,0.0085809,4.617019457
1332,296700,319462,829173,50125,825417,71260,72223,0.009054192,4.576802714,0.00859744,4.617186174
1333,302898,318663,835358,51562,822367,66171,77226,0.009025127,4.606704021,0.008580066,4.614573519
1334,296632,318299,823007,49953,824295,70379,73379,0.008324229,4.6042421650000005,0.007862927,4.607156423
1335,302409,318701,840607,51966,822604,66602,76561,0.006417318,4.610458298,0.006011679,4.61696434
1336,298196,318979,830573,50822,822667,70106,73010,0.008053642,4.60926815,0.007617908,4.616419458
1337,295289,318225,816551,49718,824471,71071,72690,0.009553619,4.613190378,0.009070956,4.613179764
1338,294563,317548,807311,49365,822780,69440,73385,0.00916631,4.607764653,0.008666979,4.608695002
1339,294875,318959,817852,49770,828833,72212,71969,0.011192388,4.612007795,0.010699802,4.612287097
1340,299215,318701,835409,51075,824106,69226,73948,0.010391336,4.571456503,0.009935664,4.6094337450000005
1341,302282,319034,839720,51694,822321,66650,76286,0.012264302,4.613574216,0.011739317,4.617210739
1342,299783,319937,835028,50750,827861,70544,73601,0.008312518,4.617244945,0.007847133,4.617235688
1343,297319,318471,819862,49566,823536,69507,73256,0.009791401,4.618770789,0.00909128,4.618766336
1344,294666,317935,810116,49189,823337,69876,72913,0.00806028,4.618293084,0.00759552,4.61828853
1345,297997,318597,825806,50315,825529,69461,73944,0.010489613,4.596137062,0.008428261,4.60574981
1346,299635,319570,831489,50798,826001,69402,74768,0.008989766,4.5767948,0.008524508,4.602845559
1347,299257,318668,829195,50873,821658,67216,74713,0.005958506,4.618124043,0.005568124,4.618113725
1348,301730,319016,835157,51354,819084,66557,75803,0.009111691,4.576059574,0.008628223,4.617868519
1349,301129,318705,839481,51261,823343,68156,75576,0.00935574,4.604144308,0.00840688,4.614666164
1350,285420,317297,785492,46303,826710,75972,67319,0.009844727,4.5768070210000005,0.009356864,4.613326133
1351,298770,317557,823337,50424,821562,68071,75190,0.009771514,4.592000747,0.009273026,4.604878169
1352,301644,318846,838127,51036,821937,67199,75837,0.0080938,4.593365283,0.007663019,4.610747949
1353,301404,319495,834222,51450,825844,68769,75453,0.008324491,4.569247089,0.007880521,4.618554299
1354,302328,318612,837294,51677,824792,66929,76372,0.008555999,4.598339944,0.008125154,4.606916728
1355,294229,317490,812701,49416,821943,70427,72908,0.009010519,4.5545627490000005,0.008286685,4.618750744
1356,295435,317518,810580,48872,821532,68995,73656,0.014258361,4.615253142,0.010199839,4.615363
1357,300341,318957,835159,51230,821965,67645,74786,0.010419456,4.617642259,0.008932382,4.617638787
1358,298634,318031,820873,49807,822695,67442,75179,0.014749718,4.601736704,0.009634073,4.61715377
1359,299814,319450,835111,51055,825688,69317,74447,0.008216989,4.606098494,0.007769351,4.615764892
1360,299629,318174,828031,50886,821282,66746,75823,0.011171229,4.582687273,0.010618341,4.612616705
1361,297116,319117,824717,50029,826441,70781,73003,0.010638554,4.581389575,0.010099114,4.607022003
1362,300864,318464,835060,51710,821283,66716,75572,0.009678545,4.615045608,0.009227975,4.61630985
1363,302128,320036,837494,51298,827925,68257,75327,0.009999711,4.618066854,0.009551918,4.618070431
1364,303414,319099,840718,52128,824473,65667,77234,0.009207181,4.592817228,0.008711281,4.607545007
1365,285219,317553,793705,46170,826830,78848,65244,0.008971457,4.58826239,0.008272976,4.607056119
1366,299639,318413,824515,50846,821504,66663,75694,0.014507819,4.588173481,0.010094172,4.611215693
1367,298921,318616,831802,50799,821207,68018,74591,0.007455172,4.589190054,0.007026359,4.610255458
1368,303231,318126,837329,52029,820581,64809,78007,0.011713209,4.608148429,0.011208156,4.617309034
1369,300935,319198,837844,51248,823497,68418,74671,0.01054182,4.617014204,0.010056357,4.617005051
1370,302640,319434,839749,52041,825334,67042,76764,0.010673201,4.583208304,0.010197234,4.602052755
1371,302155,319436,839467,51635,822962,66578,75956,0.008152779,4.589037727,0.007708601,4.58905604
1372,296525,318596,819997,49501,822651,69667,73170,0.009009585,4.604161466,0.00849744,4.613464019
1373,292669,317949,803874,48193,825435,72296,71061,0.0100459,4.617902048,0.009355435,4.617891868
1374,295124,317900,814643,49740,823376,70586,72993,0.008302323,4.598994589,0.007847966,4.617841701
1375,297085,318207,823634,49800,826898,71041,73546,0.010719245,4.598152664,0.009194809,4.617461834
1376,301100,320216,837495,51433,828071,68328,75516,0.008755388,4.589333481,0.008286956,4.615146263
1377,293213,316841,812400,48634,822483,71076,72023,0.006629364,4.607473238,0.006184534,4.615593782
1378,298185,317877,825787,50862,821551,67274,75101,0.013210871,4.611030426,0.012692758,4.617836337
1379,300537,319061,837004,51191,825456,68385,75045,0.011708037,4.571544893,0.011200678,4.617740294
1380,296881,318596,823274,50465,826187,70287,73172,0.010156103,4.597515106,0.009665651,4.618172471
1381,295852,318810,824198,49714,826934,71808,72199,0.007729803,4.602718181,0.00701758,4.611574822
1382,299213,318828,829516,50900,824628,68009,75150,0.003579046,4.595254801,0.00306524,4.617799189
1383,298693,317755,824286,50937,822590,66983,75642,0.010333987,4.605331534,0.009618695,4.605805794
1384,300995,317731,835641,50855,820177,66953,75689,0.008198001,4.59101636,0.007762445,4.614489584
1385,299020,319266,827121,50379,827357,69501,74727,0.007001123,4.579377991,0.00611947,4.614607629
1386,292168,318509,811293,47900,824414,72408,70387,0.009372589,4.593407602,0.008922195,4.6154496080000005
1387,297284,318282,823522,49842,823359,69683,73655,0.011815797,4.590858882,0.011272382,4.616819206
1388,297935,317080,818253,50416,820856,68503,74654,0.008939083,4.5766807929999995,0.008389259,4.616271039
1389,301008,319460,837174,51617,822277,67561,74921,0.008266942,4.591248654,0.007836842,4.617329135
1390,303306,318428,841490,52545,824125,65482,77792,0.00749333,4.572293832,0.007077587,4.611987986
1391,293472,316875,810298,49030,821495,69672,72899,0.008910968,4.593091522,0.008154541,4.608051408
1392,295092,317735,815353,49463,824538,69908,73255,0.009033339,4.572208167,0.008251037,4.615769734
1393,298260,318612,828786,50953,823303,69081,73646,0.009036169,4.576814357,0.00853349,4.6183838569999995
1394,299823,319146,830466,50944,826676,68721,75227,0.007512004,4.571139631,0.007055313,4.602058857
1395,300637,318866,836183,51367,824801,68407,75051,0.008539088,4.600037421,0.007657144,4.612138387
1396,294330,317522,810156,48769,822509,70124,72516,0.009647669,4.589307203,0.009093288,4.613422161
1397,302112,319236,836475,51509,825088,67729,75783,0.009048705,4.571236364,0.008561727,4.612215545
1398,300912,320012,838242,51090,829145,69558,75035,0.008676248,4.608490216,0.008202409,4.617548134
1399,293996,318743,811847,49005,827502,71962,71921,0.007319622,4.59183132,0.00686809,4.617327366
1400,301749,318988,838663,51341,824950,67940,75569,0.009751408,4.589225345,0.009222212,4.59753865
1401,302306,319728,841237,51522,828030,68546,75306,0.009606606,4.548492276,0.009125233,4.615383674
1402,302338,318275,837500,51567,820575,66309,76651,0.00906588,4.617247481,0.008604553,4.617245092
1403,298314,317877,822450,50624,819528,67540,75060,0.009560138,4.582022944,0.009056663,4.607123094
1404,293314,317917,806216,49099,825209,71259,71772,0.009129204,4.614657093,0.007906707,4.614645287
1405,302750,319453,838823,51358,824678,67474,76231,0.009170035,4.560020194,0.008707593,4.617855389
1406,293766,317474,806438,48477,826147,70369,73028,0.00677298,4.563920833,0.006335623,4.617887637
1407,300033,319001,832838,51413,823530,68340,74942,0.008066449,4.617419782,0.00762729,4.617411728
1408,301833,319076,840159,51201,821623,66928,75584,0.008920869,4.607253057,0.008461725,4.61455684
1409,300237,317758,834941,51406,817401,66686,75139,0.010641888,4.606018993,0.009691532,4.612798783
1410,302793,319708,838989,51506,825318,67558,76227,0.00948746,4.5833196990000005,0.009048608,4.603726325
1411,300609,319953,837673,51574,828114,68749,74747,0.011071243,4.606619775,0.010135201,4.6172661569999995
1412,294334,317674,819518,49082,822719,71568,71396,0.010889542,4.615536,0.01036794,4.615531096
1413,301059,319358,838619,51489,824515,68464,75024,0.007839713,4.576332164,0.007411849,4.613347709
1414,302152,318362,833838,51739,819738,65950,76616,0.0061463,4.615469325,0.005749461,4.618465535
1415,301018,320207,837136,51642,828916,69355,74865,0.010042362,4.589431904,0.009601727,4.609965443
1416,301973,319967,843336,51276,827036,68812,74917,0.009399387,4.577986082,0.008912892,4.614001705
1417,287606,317251,799002,47335,824700,74602,68374,0.008186714,4.60416078,0.007465555,4.615923718
1418,295033,317805,815525,49444,821410,70091,72381,0.006965602,4.615528678,0.006543457,4.61552723
1419,299750,318609,834315,50793,823778,69534,73729,0.00781626,4.592533493,0.007396091,4.612158743
1420,300319,319008,832553,51004,826357,68415,74938,0.009186696,4.608547327,0.008696968,4.617527873
1421,294973,318525,817762,48987,825990,71639,71826,0.008002637,4.603743928,0.007292651,4.615659298
1422,295342,317651,814884,49497,823422,70083,73032,0.012191919,4.590193311,0.0116973,4.605394536
1423,299706,319444,833110,51273,824743,68611,74416,0.009001278,4.59666528,0.008551032,4.613543733
1424,299070,318664,830435,50802,825222,69205,74084,0.007173768,4.596985063,0.006763014,4.609952321
1425,297082,318245,822814,50197,823145,69540,73418,0.006876031,4.579634097,0.006410632,4.61746068
1426,300443,318044,827766,51315,821753,66290,76499,0.007940934,4.60458751,0.0074952,4.607297108
1427,282892,317346,791284,45679,825657,79336,64124,0.006913488,4.581380966,0.00644612,4.612786546
1428,295666,318056,815618,49519,822527,70213,72699,0.008956517,4.582086475,0.008445401,4.614798536
1429,298091,318615,821465,49939,825784,69539,73700,0.008158589,4.618179929,0.007435608,4.618176078
1430,297758,318456,818951,50220,823613,68539,74301,0.018950126,4.562392804,0.010024382,4.616030202
1431,302341,319858,838124,52159,823100,67254,76093,0.005638044,4.601611108,0.005229098,4.605624231
1432,297367,317468,820345,49867,819639,68041,74461,0.00720698,4.591772664,0.006744361,4.616775378
1433,298326,319032,825208,50414,825652,69415,74182,0.008241737,4.599652419,0.007773351,4.607279729
1434,294912,317338,814261,49227,820113,69531,72251,0.008553828,4.602171718,0.007793782,4.610526579
1435,295431,318410,816710,49634,826220,71808,72001,0.009611606,4.583672088,0.008875526,4.618788966
1436,296142,318400,822441,49639,824482,71280,72522,0.010659044,4.611202883,0.010111139,4.617798381
1437,292619,317441,816094,48991,821118,72591,70217,0.009474715,4.593353065,0.008776331,4.616619931
1438,302502,318958,836081,51577,825542,66656,76358,0.010097065,4.5881648219999995,0.00964932,4.6104944
1439,296942,318614,820910,49842,822748,70161,73328,0.005737566,4.59833905,0.005333528,4.601575632
1440,296523,318138,819250,49679,826372,71864,72307,0.007896212,4.602697267,0.007132188,4.615309237
1441,298005,318960,831988,50369,822161,71145,72292,0.010935342,4.601633281,0.009913584,4.616658892
1442,300979,318269,832615,51029,819701,67472,75299,0.008768073,4.605290936,0.008205685,4.610325309
1443,298882,318919,830428,50368,826365,69680,73667,0.0073937,4.559117432,0.00697243,4.617888637
1444,293276,318175,809401,48860,826382,73000,71343,0.011248619,4.591903156,0.01011761,4.608497816
1445,297852,318093,832843,50545,822579,70628,72649,0.011281385,4.595263974,0.009353516,4.617741252
1446,300708,319036,834254,51008,824928,68183,75264,0.010425913,4.607859316,0.009852527,4.617900255
1447,294162,317115,820807,49577,822069,72297,71061,0.010063606,4.59182805,0.009489427,4.613003312
1448,294022,316861,810184,48959,821351,69975,72698,0.008397733,4.583358679,0.007773568,4.617799724
1449,299601,319197,837195,51089,825895,69981,73538,0.007811521,4.594172203,0.007372791,4.618839398
1450,291039,317193,797049,47907,825079,71881,71581,0.009329219,4.576528524,0.008766978,4.604427898
1451,292285,316545,809728,49034,822231,72608,70792,0.008593072,4.616806737,0.008086506,4.618238616
1452,295295,317916,817751,49436,823748,70643,72397,0.009152968,4.593923327,0.008639949,4.611464118
1453,292290,318586,815787,48243,824433,74894,68697,0.010635411,4.586569722,0.010141483,4.609821292
1454,295517,318034,818837,49607,822109,70060,72983,0.028062225,4.581994676,0.010415131,4.615243065
1455,289568,316676,799968,47941,823698,74225,69211,0.019639477,4.618006899,0.010571947,4.617995683
1456,291095,316811,801803,48047,820180,71481,70546,0.008841112,4.598672713,0.008331029,4.608224347
1457,285448,317805,794279,46403,828799,79320,65301,0.006556203,4.615477983,0.006088716,4.6154716449999995
1458,294750,317767,812537,49502,823852,70402,72688,0.0082141,4.593129899,0.007758298,4.618156669
1459,299053,319785,834512,50739,827560,70255,72881,0.009551334,4.590474225,0.009098957,4.616439673
1460,295480,319007,819931,49540,826436,72049,72419,0.01390529,4.618788181,0.013093682,4.618776582
1461,296264,318130,826356,49832,823304,71286,71874,0.007816886,4.600122581,0.007371517,4.615079343
1462,297580,318100,823965,50278,821810,68680,73963,0.015218279,4.586494096,0.008918275,4.610927397
1463,296068,318315,828727,50273,823802,71079,72114,0.010626491,4.591921073,0.010031097,4.6168196649999995
1464,298675,317629,832824,50915,818210,67798,74348,0.009135088,4.615493969,0.008637054,4.616566596
1465,294841,319014,828013,49883,824091,72732,70852,0.010896129,4.601022228,0.010380668,4.61464031
1466,299046,319361,831152,50902,826572,69598,74026,0.008839813,4.56880484,0.008278719,4.6136668180000004
1467,298686,318803,833601,51047,823844,69835,72977,0.00564943,4.589896344,0.005254258,4.615543902
1468,293853,317361,810981,49022,821587,70866,72040,0.006653207,4.574942469,0.006222165,4.613780607
1469,297664,318762,834931,50398,819919,70444,72065,0.007777505,4.586295148,0.007324822,4.6040403
1470,296095,318037,818127,49864,823809,70404,73013,0.008987975,4.571086846,0.008392066,4.610448943
1471,298233,318881,833217,50621,826049,71087,73458,0.006403943,4.580588881,0.005994792,4.615879021
1472,300813,319098,840803,51649,823410,68453,74939,0.008813342,4.5871126239999995,0.008352297,4.618529844
1473,290230,317490,807909,48217,821046,73145,69018,0.009595106,4.569728876,0.009096529,4.612026074
1474,298367,318035,823969,51015,823882,68411,74637,0.009678014,4.58741881,0.008916446,4.617856844
1475,296261,318787,824223,49815,824124,71510,72246,0.0045153,4.608451609,0.004122227,4.614133975
1476,300176,318994,833039,51040,819247,67225,74642,0.011398178,4.608697716,0.010933607,4.616775271
1477,298980,318402,834509,50784,822785,69397,73088,0.006993357,4.583441219,0.006576502,4.617662868
1478,298485,317912,825324,50237,822168,67982,74513,0.027813801,4.589325217,0.012207922,4.607212929
1479,298691,318112,831521,50722,822025,69220,73868,0.007767155,4.570042229,0.007332357,4.614946132
1480,299324,319469,834152,50862,824851,69427,73827,0.012675542,4.605757946,0.012230417,4.615691553
1481,297542,318786,834969,50602,821839,71292,71901,0.00896902,4.60696676,0.008539729,4.608689287
1482,297614,318414,823593,49993,825678,69471,73746,0.009962982,4.603772974,0.009497675,4.618398082
1483,298077,318696,833607,50426,823645,69873,73290,0.007602005,4.571571587,0.007159337,4.617016059
1484,299207,318628,836993,50913,824261,69421,74315,0.007925844,4.615312282,0.00747769,4.61530927
1485,298182,318958,834345,50588,823861,70872,72499,0.009419185,4.567822991,0.008958862,4.618562352
1486,297918,319237,829500,50943,825262,70075,73418,0.012102643,4.613432942,0.011585747,4.615419617
1487,294638,319369,825436,49166,826281,73680,70224,0.009646453,4.575915721,0.009181463,4.613169922
1488,296443,318574,822055,50560,824604,70524,72960,0.009082754,4.589315866,0.008309796,4.613443735
1489,290927,318083,808614,47897,824008,73565,69214,0.006874937,4.604539936,0.006421375,4.6150277729999996
1490,295000,318149,813712,49074,825115,70588,72488,0.009688388,4.563841779,0.008405818,4.615831326
1491,291440,317209,807004,47921,823438,73077,69841,0.005391187,4.590854215,0.004960528,4.608093866
1492,297124,317699,822984,50470,822606,69852,73839,0.004682539,4.586533927,0.004212066,4.616158911
1493,296650,318407,830188,50055,824993,71683,71642,0.006758606,4.615178851,0.006345053,4.615169863
1494,300436,320521,837884,50914,829057,70313,74095,0.008597027,4.615409129,0.008083303,4.617677244
1495,297776,319196,830436,50650,823964,69818,72865,0.00869527,4.595377234,0.008248428,4.616077146
1496,296502,317960,824368,50029,820738,69991,72842,0.006748029,4.587427344,0.006300592,4.617568426
1497,290989,317719,805487,47825,823469,74477,69178,0.011433818,4.5800447349999995,0.010913377,4.616292394
1498,300750,318305,836816,51295,823843,68904,75106,0.011209819,4.582248495,0.010751536,4.606682904
1499,299765,319368,835945,51068,822597,69090,73876,0.00451116,4.596583988,0.004124786,4.603467264
1500,296873,318437,823727,49987,826248,71047,72606,0.007996705,4.602261914,0.007521048,4.611749776
1501,295643,319039,826484,49910,826946,72987,70655,0.010983053,4.615340594,0.010474504,4.61535078
1502,281430,316392,778854,44550,823613,78746,64055,0.011025875,4.617922184,0.010531793,4.617915169
1503,279810,316802,780301,44465,822231,80631,62258,0.008006704,4.618597197,0.007518899,4.613135998
1504,297281,318624,823140,50143,823658,69094,73426,0.007605691,4.58099884,0.007118852,4.606574772
1505,290094,317803,807042,48043,824258,74287,68819,0.008009473,4.606893821,0.007540938,4.617221377
1506,295877,318525,821280,49595,826350,72031,72095,0.008673692,4.577911301,0.008231695,4.6175354330000005
1507,295527,318096,823122,50040,823932,71749,72154,0.010243937,4.593782905,0.009673484,4.608627334
1508,298368,318637,824617,50509,823596,69025,74066,0.007024763,4.607771062,0.006584198,4.618247105
1509,290010,317953,805487,47882,823239,73691,68642,0.009871562,4.602406002,0.008911309,4.618868518
1510,301484,319993,836911,50869,827073,69300,75161,0.00752811,4.573403537,0.007087296,4.610179746
1511,298426,319407,830833,50808,824710,70479,72234,0.007430419,4.600990451,0.006999248,4.617869236
1512,298184,317853,826327,50623,822906,68479,74616,0.011116925,4.596790165,0.010587281,4.617886276
1513,290051,317353,807891,48049,821437,74447,68377,0.010069101,4.571612734,0.009512063,4.6143395510000005
1514,296917,318621,821427,49662,823080,69662,73276,0.012269295,4.571130352,0.011759758,4.615734884
1515,298976,319382,834307,50818,823679,70723,72882,0.009406145,4.583113623,0.008954623,4.61796777
1516,300744,319343,835240,51083,822746,68367,74683,0.006715551,4.606894468,0.006300952,4.616708482
1517,292647,317806,812051,48766,822892,72843,70318,0.013645685,4.613128883,0.012148621,4.613125319
1518,294756,317632,810284,48982,823317,70079,72498,0.011574778,4.605791047,0.009225287,4.618683703
1519,295350,319558,825216,49892,828441,73055,71134,0.010300986,4.60343396,0.009692287,4.61029056
1520,287999,316064,798959,47691,821644,74454,68662,0.01113821,4.60575555,0.010653452,4.618220432
1521,293122,318609,821865,49156,826639,74240,69323,0.007634314,4.598538341,0.00720827,4.618895336
1522,302214,319830,840035,51769,826635,68223,75947,0.005804845,4.571730949,0.0053958,4.615933205
1523,297035,319331,830109,50200,824242,70301,72249,0.003622999,4.615417112,0.003162968,4.617618682
1524,300850,320233,834741,51326,825968,69227,74082,0.006475178,4.59848826,0.006045633,4.617835997
1525,298268,318792,836480,50491,823260,70673,72411,0.009115462,4.617064502,0.008678895,4.617053059
1526,294614,318221,816721,49314,824358,71332,71966,0.010939925,4.606560565,0.008818677,4.616571893
1527,296178,320241,827236,49750,827661,72059,71814,0.010108887,4.571159091,0.009546886,4.603421726
1528,298664,318468,831449,51165,821746,69029,74092,0.008731593,4.617552244,0.008260044,4.617561601
1529,292882,317310,812495,49122,822413,72192,70880,0.009980917,4.606025509,0.009471785,4.614850256
1530,296197,317537,823965,49750,823032,70832,72823,0.008560757,4.608222888,0.008096551,4.610513846
1531,299859,319124,836009,50873,822977,69673,73970,0.00742123,4.584696066,0.007002729,4.616765361
1532,301108,318960,834291,51140,825894,68596,74925,0.008742197,4.613690384,0.008297935,4.613699284
1533,289040,317968,804319,47764,826436,75721,67558,0.009511705,4.591788286,0.009006277,4.6169190570000005
1534,294812,317821,816876,49407,821765,69887,72800,0.005709502,4.598399945,0.005238058,4.616675784
1535,295336,319823,821838,49920,827665,72891,71136,0.010691166,4.604008226,0.010126716,4.616855765
